ticker,name,etf
A,Agilent Technologies,0
AA,Alcoa,0
AAA,Alternative Access First Priority CLO Bond ETF,1
AAAA,Amplius Aggressive Asset Allocation ETF,1
AAAC,Columbia AAA CLO ETF,1
AAAD,PGIM AAA CLO Aggregate Duration ETF,1
AAAP,Pacer Barings CLO Market Flex ETF,1
AAAU,Goldman Sachs Physical Gold ETF Shares,1
AACB,Artius II Acquisition,0
AACBR,Artius II Acquisition,0
AACBU,Artius II Acquisition,0
AACG,ATA Creativity Global,0
AACI,Armada Acquisition Corp. III,0
AACIU,Armada Acquisition Corp. III,0
AACIW,Armada Acquisition Corp. III,0
AACO,Abony Acquisition Corp. I,0
AACOU,Abony Acquisition Corp. I,0
AACOW,Abony Acquisition Corp. I,0
AACP,Apogee Acquisition,0
AACPR,Apogee Acquisition,0
AACPU,Apogee Acquisition,0
AACPW,Apogee Acquisition,0
AADR,AdvisorShares Dorsey W,1
AADX,Applied Aerospace & Defense,0
AAEQ,Alpha Architect US Equity 2 ETF,1
AAL,American Airlines,0
AALG,Leverage Shares 2X Long AAL Daily ETF,1
AAME,Atlantic American,0
AAMI,Acadian Asset Management,0
AAOG,Leverage Shares 2X Long AAOI Daily ETF,1
AAOI,Applied Optoelectronics,0
AAON,AAON,0
AAOX,Tradr 2X Long AAOI Daily ETF,1
AAOZ,Tradr 2X Short AAOI Daily ETF,1
AAP,Advance Auto Parts,0
AAPB,GraniteShares 2x Long AAPL Daily ETF,1
AAPD,Direxion Daily AAPL Bear 1X ETF,1
AAPE,Leverage Shares 2X Long AAPL Daily ETF,1
AAPG,Ascentage Pharma Group International - American Depository Shares,0
AAPL,Apple,0
AAPR,Innovator Equity Defined Protection ETF - 2 Yr to April 2028,1
AAPU,Direxion Daily AAPL Bull 2X ETF,1
AAPW,Roundhill AAPL WeeklyPay ETF,1
AAPX,T-Rex 2X Long Apple Daily Target ETF,1
AAPY,Kurv Yield Premium Strategy Apple (AAPL) ETF,1
AARD,Aardvark Therapeutics,0
AAT,American Assets Trust,0
AAUA,Alpha Architect US Equity 3 ETF,1
AAUB,Alpha Architect US Equity 4 ETF,1
AAUC,Allied Gold,0
AAUS,Alpha Architect US Equity ETF,1
AAVM,Alpha Architect Global Factor Equity ETF,1
AAXJ,iShares MSCI All Country Asia ex Japan ETF,1
AB,AllianceBernstein Holding L.P,0
ABAT,American Battery Technology,0
ABBV,AbbVie,0
ABCB,Ameris Bancorp,0
ABCL,AbCellera Biologics,0
ABCS,Alpha Blue Capital US Small-Mid Cap Dynamic ETF,1
ABEO,Abeona Therapeutics,0
ABEQ,Absolute Select Value ETF,1
ABEV,Ambev S.A,0
ABFL,Abacus FCF Leaders ETF,1
ABG,Asbury Automotive,0
ABI,VictoryShares Pioneer Asset-Based Income ETF,1
ABIG,Argent Large Cap ETF,1
ABLD,Abacus FCF Real Assets Leaders ETF,1
ABLG,Abacus FCF International Leaders ETF,1
ABLS,Abacus FCF Small Cap Leaders ETF,1
ABLV,Able View Global,0
ABLVW,Able View Global,0
ABM,ABM Industries,0
ABNB,Airbnb,0
ABOS,Acumen Pharmaceuticals,0
ABOT,Abacus FCF Innovation Leaders ETF,1
ABR,Arbor Realty Trust,0
ABSI,Absci,0
ABT,Abbott Laboratories,0
ABTC,American Bitcoin,0
ABTS,Abits,0
ABUF,Aptus Laddered Buffer ETF,1
ABUS,Arbutus Biopharma,0
ABVC,ABVC BioPharma,0
ABVX,Abivax,0
ABX,Abacus Global Management,0
ABXB,Abacus Flexible Bond Leaders ETF,1
ABXL,"Abacus Global Management, Inc. 9.875% Fixed Rate Senior",0
ACA,Arcosa,0
ACAA,Averin Capital Acquisition,0
ACAAU,Averin Capital Acquisition,0
ACAAW,Averin Capital Acquisition,0
ACAD,ACADIA Pharmaceuticals,0
ACB,Aurora Cannabis,0
ACCL,Acco,0
ACCO,Acco Brands,0
ACCS,ACCESS Newswire,0
ACDC,ProFrac,0
ACEI,Innovator Equity Autocallable Income Strategy ETF,1
ACEL,Accel Entertainment,0
ACEP,ARS Core Equity Portfolio ETF,1
ACES,ALPS Clean Energy ETF,1
ACET,Adicet Bio,0
ACFN,Acorn Energy,0
ACGC,ACP Holdings Acquisition,0
ACGCU,ACP Holdings Acquisition,0
ACGCW,ACP Holdings Acquisition,0
ACGL,Arch Capital,0
ACGLN,Arch Capital,0
ACGLO,Arch Capital,0
ACGO,Hartford Alpha Capture Growth ETF,1
ACGR,American Century Large Cap Growth ETF,1
ACH,Accendra Health,0
ACHC,Acadia Healthcare,0
ACHR,Archer Aviation,0
ACHV,Achieve Life Sciences,0
ACHX,Corgi ACHR 2x Daily ETF,1
ACI,Albertsons Companies,0
ACIC,American Coastal Insurance,0
ACII,Innovator Index Autocallable Income Strategy ETF,1
ACIO,Aptus Collared Investment Opport,1
ACIU,AC Immune,0
ACIW,ACI Worldwide,0
ACKY,VistaShares Target 15 ACKtivist Distribution ETF,1
ACLC,American Century Large Cap Equity ETF,1
ACLO,TCW AAA CLO ETF,1
ACLS,Axcelis Technologies,0
ACLZ,Corgi ACLS 2x Daily ETF,1
ACM,AECOM,0
ACMM,Corgi ACMR 2x Daily ETF,1
ACMR,ACM Research,0
ACN,Accenture,0
ACNB,ACNB,0
ACNT,Ascent Industries,0
ACOG,Alpha Cognition,0
ACOM,Harbor Active Commodity ETF,1
ACON,Aclarion,0
ACONW,Aclarion,0
ACP,abrdn Income Credit Strategies Fund,0
ACR,ACRES Commercial Realty,0
ACRE,Ares Commercial Real Estate,0
ACRS,Aclaris Therapeutics,0
ACRV,Acrivon Therapeutics,0
ACSG,American Century Small Cap Growth Insights ETF,1
ACSI,American Customer Satisfaction ETF,1
ACSV,American Century Small Cap Value Insights ETF,1
ACT,Enact,0
ACTG,Acacia Research,0
ACTS,FIS Tactical Equity ETF,1
ACTU,Actuate Therapeutics,0
ACU,Acme,0
ACV,Virtus Diversified Income & Convertible Fund,0
ACVA,ACV Auctions,0
ACVF,American Conservative Values ETF,1
ACVT,Advent Convertible Bond ETF,1
ACVU,Hartford Alpha Capture Value ETF,1
ACWI,iShares MSCI ACWI ETF,1
ACWV,iShares MSCI Global Min Vol Factor ETF,1
ACWX,iShares MSCI ACWI ex U.S. ETF,1
ACXP,Acurx Pharmaceuticals,0
ACYN,FT Vest Laddered Autocallable Barrier & Income ETF,1
ACYQ,FT Vest Autocallable Barrier & High Income ETF,1
ACYS,FT Vest Laddered Autocallable Barrier & Resilient Income ETF,1
AD,Array Digital Infrastructure,0
ADAC,American Drive Acquisition,0
ADACU,American Drive Acquisition,0
ADACW,American Drive Acquisition,0
ADAG,"Adagene Inc. - ADS, each representing 1.25",0
ADAM,Adamas Trust,0
ADAMG,"Adamas Trust, Inc. - 9.125% Senior",0
ADAMH,"Adamas Trust, Inc. - 9.875% Senior",0
ADAMI,"Adamas Trust, Inc. - 9.125% Senior",0
ADAML,"Adamas Trust, Inc. - 6.875% Series F Fixed-to-Floating Rate Cumulative Redeemable",0
ADAMM,"Adamas Trust, Inc. - 7.875% Series E Fixed-to-Floating Rate Cumulative Redeemable",0
ADAMN,"Adamas Trust, Inc. - 8.00% Series D Fixed-to-Floating Rate Cumulative Redeemable",0
ADAMO,"Adamas Trust, Inc. - 9.250% Senior",0
ADAMZ,"Adamas Trust, Inc. - 7.000% Series G Cumulative Redeemable",0
ADBE,Adobe,0
ADBG,Leverage Shares 2X Long ADBE Daily ETF,1
ADBU,Direxion Daily ADBE Bull 2X ETF,1
ADC,Agree Realty,0
ADCT,ADC Therapeutics,0
ADDS,Hedgeye Index Adds ETF,1
ADEA,Adeia,0
ADGM,Adagio Medical,0
ADI,Analog Devices,0
ADIL,Adial Pharmaceuticals,0
ADIU,Leverage Shares 2X Long ADI Daily ETF,1
ADIV,Guinness Atkinson Asia Pacific Dividend Builder ETF,1
ADM,Archer-Daniels-Midland,0
ADMA,ADMA Biologics,0
ADME,Aptus Drawdown Managed Equity ETF,1
ADNT,Adient,0
ADP,Automatic Data Processing,0
ADPT,Adaptive Biotechnologies,0
ADPV,Adaptiv Select ETF,1
ADSE,ADS-TEC ENERGY,0
ADSEW,ADS-TEC ENERGY,0
ADSK,Autodesk,0
ADT,ADT,0
ADTN,ADTRAN,0
ADUR,Aduro Clean Technologies,0
ADUS,Addus HomeCare,0
ADV,Advantage Solutions,0
ADVB,Advanced Biomed,0
ADVE,Matthews Asia Dividend Active ETF,1
ADX,Adams Diversified Equity Fund,0
ADXN,Addex Therapeutics,0
AEAQ,Activate Energy Acquisition,0
AEAQU,Activate Energy Acquisition,0
AEAQW,Activate Energy Acquisition,0
AEBI,Aebi Schmidt,0
AEC,Anfield Energy,0
AEE,Ameren,0
AEF,abrdn Emerging Markets ex-China Fund,0
AEFC,Aegon Funding Company LLC 5.10% Subordinated,0
AEG,Aegon Ltd. New York Registry Shares,0
AEHG,Leverage Shares 2X Long AEHR Daily ETF,1
AEHL,Antelope Enterprise,0
AEHR,Aehr Test Systems,0
AEI,Alset,0
AEIS,Advanced Energy Industries,0
AEM,Agnico Eagle Mines,0
AEMD,Aethlon Medical,0
AENT,Alliance Entertainment,0
AENTW,Alliance Entertainment,0
AEO,American Eagle Outfitters,0
AEON,AEON Biopharma,0
AEP,American Electric Power,0
AER,AerCap Holdings N.V,0
AERO,"Grupo Aeromexico, S.A.B. de C.V",0
AERT,Aeries Technology,0
AERTW,Aeries Technology,0
AES,The AES,0
AESI,Atlas Energy Solutions,0
AESP,Aeon Acquisition I,0
AESPR,Aeon Acquisition I,0
AESPU,Aeon Acquisition I,0
AESPW,Aeon Acquisition I,0
AESR,Anfield U.S. Equity Sector Rotation ETF,1
AETH,Bitwise Trendwise Ether and Treasuries Rotation Strategy ETF,1
AEVA,Aeva Technologies,0
AEXA,American Exceptionalism Acquisition Corp. A,0
AEYE,AudioEye,0
AFB,AllianceBernstein National Municipal Income Fund,0
AFCG,Advanced Flower Capital,0
AFG,American Financial,0
AFGB,"American Financial Group, Inc. 5.875% Subordinated Debentures due 2059",0
AFGC,"American Financial Group, Inc. 5.125% Subordinated Debentures due 2059",0
AFGD,"American Financial Group, Inc. 5.625% Subordinated Debentures due 2060",0
AFGE,"American Financial Group, Inc. 4.500% Subordinated Debentures due 2060",0
AFGR,First Trust Multi-Manager Large Growth ETF,1
AFIF,Anfield Universal Fixed Income ETF,1
AFIX,Allspring Broad Market Core Bond ETF,1
AFJK,Aimei Health Technology,0
AFJKR,Aimei Health Technology,0
AFJKU,Aimei Health Technology,0
AFK,VanEck Africa Index ETF,1
AFL,AFLAC,0
AFLG,First Trust Active Factor Large Cap ETF,1
AFMC,First Trust Active Factor Mid Cap ETF,1
AFOS,ARS Focused Opport,1
AFRI,Forafric Global,0
AFRIW,Forafric Global,0
AFRM,Affirm,0
AFRU,T-REX 2X Long AFRM Daily Target ETF,1
AFSC,abrdn Focused U.S. Small Cap Active ETF,1
AFSM,First Trust Active Factor Small Cap ETF,1
AFYA,Afya,0
AG,First Majestic Silver,0
AGBK,AGI,0
AGCC,Agencia Comercial Spirits,0
AGCO,AGCO,0
AGD,abrdn Global Dynamic Dividend Fund,0
AGEM,abrdn Emerging Markets Dividend Active ETF,1
AGEN,Agenus,0
AGG,iShares Core U.S. Aggregate Bond ETF,1
AGGA,EA Astoria Beacon Dynamic Core US Fixed Income ETF,1
AGGH,Simplify Aggregate Bond ETF,1
AGGS,Harbor Disciplined Bond ETF,1
AGGY,WisdomTree Yield Enhanced U.S. Aggregate Bond Fund,1
AGI,Alamos Gold,0
AGIG,Abundia Global Impact,0
AGIO,Agios Pharmaceuticals,0
AGIQ,SoFi Agentic AI ETF,1
AGIX,KraneShares Public-Private AI & Technology ETF,1
AGL,agilon health,0
AGM,Federal Agricultural Mortgage,0
AGMB,AgomAb Therapeutics NV - ADRs representing one,0
AGMH,AGM,0
AGMI,Themes Silver Miners ETF,1
AGNC,AGNC Investment,0
AGNCL,AGNC Investment,0
AGNCM,AGNC Investment,0
AGNCN,AGNC Investment,0
AGNCO,AGNC Investment,0
AGNCP,AGNC Investment,0
AGNCZ,AGNC Investment,0
AGNG,Global X Aging Population ETF,1
AGNT,AGNT,0
AGO,Assured Guaranty,0
AGOX,Adaptive Alpha Opport,1
AGPU,Axe Compute,0
AGQ,ProShares Ultra Silver,1
AGQI,First Trust Active Global Quality Income ETF,1
AGRH,iShares Interest Rate Hedged U.S. Aggregate Bond ETF,1
AGRO,Adecoagro S.A,0
AGRW,Allspring LT Large Growth ETF,1
AGRZ,Agroz,0
AGX,Argan,0
AGYS,Agilysys,0
AGZ,iShares Agency Bond ETF,1
AGZD,WisdomTree Interest Rate Hedged U.S. Aggregate Bond Fund,1
AHCO,AdaptHealth,0
AHD,GraniteShares Autocallable HOOD ETF,1
AHG,Akso Health,0
AHLT,AHL Trend ETF,1
AHMA,Ambitions Enterprise Management Co. L.L.C,0
AHR,American Healthcare REIT,0
AHRT,AH Realty Trust,0
AHT,Ashford Hospitality Trust,0
AHYB,American Century Select High Yield ETF,1
AI,,0
AIA,iShares Asia 50 ETF,1
AIAI,AIAI,0
AIB,AIB Data Centers,0
AIBD,Direxion Daily AI and Big Data Bear 2X ETF,1
AIBU,Direxion Daily AI and Big Data Bull 2X ETF,1
AIBZ,Bitzero,0
AIDX,20/20 Biolabs,0
AIEQ,Amplify AI Powered Equity ETF,1
AIFA,All In FutureTech Alliance,0
AIFC,AI Financial,0
AIFD,TCW Artificial Intelligence ETF,1
AIFF,Firefly Neuroscience,0
AIFU,AIFU,0
AIG,"American International Group, Inc. New",0
AIHS,Senmiao Technology,0
AIHY,Defiance AI Hyperscale Leaders ETF,1
AII,American Integrity Insurance,0
AIIA,AI Infrastructure Acquisition,0
AIIO,Robo.ai,0
AIIOW,Robo.ai,0
AIIR,Air Global,0
AIM,AIM Immu,0
AIMD,Ainos,0
AIMDW,Ainos,0
AIMS,Acuitas Small Cap Active ETF,1
AIN,Albany International,0
AINP,Allspring Income Plus ETF,1
AINT,FINQ DOLLAR NEUTRAL U.S. Large Cap AI-Managed Equity ETF,1
AIO,Virtus Artificial Intelligence & Technology Opport,0
AIOO,AllianzIM U.S. Equity Buffer100 Protection ETF,1
AIOS,AIOS Tech,0
AIOT,PowerFleet,0
AIP,Arteris,0
AIPI,REX AI Equity Premium Income ETF,1
AIPO,Defiance AI & Power Infrastructure ETF,1
AIQ,Global X Artificial Intelligence & Technology ETF,1
AIQD,MicroSectors -3? Short Artificial Intelligence (AI) ETNs,1
AIQU,MicroSectors 3? Long Artificial Intelligence (AI) ETNs,1
AIR,AAR,0
AIRE,reAlpha Tech,0
AIRG,Airgain,0
AIRI,Air Industries,0
AIRJ,AirJoule Technologies,0
AIRJW,AirJoule Technologies,0
AIRO,AIRO,0
AIRR,First Trust RBA American Industrial Renaissance ETF,1
AIRS,AirSculpt Technologies,0
AIRT,Air T,0
AIRTP,"Air T, Inc. - Trust Preferred Securities",0
AIS,VistaShares Artificial Intelligence Supercycle ETF,1
AISP,Airship AI,0
AISPW,Airship AI,0
AIT,Applied Industrial Technologies,0
AIUP,FINQ FIRST U.S. Large Cap AI-Managed Equity ETF,1
AIV,Apartment Investment and Management,0
AIVC,Amplify Bloomberg AI Equal Weight ETF,1
AIVI,WisdomTree International AI Enhanced Value Fund,1
AIVL,WisdomTree U.S. AI Enhanced Value Fund,1
AIX,Defiance US 100 Tech AI Moat ETF,1
AIXC,AIxCrypto,0
AIXI,XIAO-I,0
AIYY,YieldMax AI Option Income Strategy ETF,1
AIZ,Assurant,0
AIZN,"Assurant, Inc. 5.25% Subordinated",0
AJAN,Innovator Equity Defined Protection ETF - 2 Yr to January 2028,1
AJG,Arthur J. Gallagher &,0
AJUL,Innovator Equity Defined Protection ETF - 2 Yr to July 2026,1
AKA,a.k.a. Brands,0
AKAF,The Frontier Economic Fund,1
AKAM,Akamai Technologies,0
AKAN,Akanda,0
AKBA,Akebia Therapeutics,0
AKR,Acadia Realty Trust,0
AKRE,Akre Focus ETF,1
AKTS,Aktis Oncology,0
AKTX,Akari Therapeutics,0
ALA,Corgi ALAB 2x Daily ETF,1
ALAB,Astera Labs,0
ALAI,Alger AI Enablers & Adopters ETF,1
ALAR,Alarum Technologies,0
ALB,Albemarle,0
ALBG,Leverage Shares 2X Long ALB Daily ETF,1
ALC,Alcon,0
ALCO,Alico,0
ALDB,Aptus Laddered Deep Buffer ETF,1
ALDF,Aldel Financial II,0
ALDFU,Aldel Financial II,0
ALDFW,Aldel Financial II,0
ALDX,Aldeyra Therapeutics,0
ALEC,Alector,0
ALF,Centurion Acquisition,0
ALFUU,Centurion Acquisition,0
ALFUW,Centurion Acquisition,0
ALG,Alamo,0
ALGM,Allegro MicroSystems,0
ALGN,Align Technology,0
ALGS,Aligos Therapeutics,0
ALGT,Allegiant Travel,0
ALH,Alliance Laundry,0
ALHC,Alignment Healthcare,0
ALIL,Argent Focused Small Cap ETF,1
ALIS,Calisa Acquisition,0
ALISR,Calisa Acquisition,0
ALISU,Calisa Acquisition,0
ALIT,Alight,0
ALK,Alaska Air,0
ALKS,Alkermes,0
ALKT,Alkami Technology,0
ALL,Allstate Corporation (The),0
ALLE,Allegion,0
ALLO,Allogene Therapeutics,0
ALLR,Allarity Therapeutics,0
ALLT,Allot,0
ALLW,State Street Bridgewater All Weather ETF,1
ALLY,Ally Financial,0
ALM,Almonty Industries,0
ALMR,Alamar Biosciences,0
ALMS,Alumis,0
ALMU,Aeluma,0
ALNT,Allient,0
ALNY,Alnylam Pharmaceuticals,0
ALOT,AstroNova,0
ALOV,Aldabra 4 Liquidity Opport,0
ALOVU,Aldabra 4 Liquidity Opport,0
ALOVW,Aldabra 4 Liquidity Opport,0
ALOY,REalloys,0
ALP,Alpha Compute,0
ALPS,ALPS,0
ALPX,Alpex Acquisition,0
ALPXR,Alpex Acquisition,0
ALPXU,Alpex Acquisition,0
ALPXW,Alpex Acquisition,0
ALRG,Allspring LT Large Core ETF,1
ALRM,Alarm.com,0
ALRS,Alerus Financial,0
ALSN,Allison Transmission,0
ALT,Altimmune,0
ALTG,Alta Equipment,0
ALTI,AlTi Global,0
ALTL,Pacer Lunt Large Cap Alternator ETF,1
ALTO,Alto Ingredients,0
ALTY,Global X Alternative Income ETF,1
ALUB,Alussa Energy Acquisition Corp. II,0
ALV,Autoliv,0
ALVO,Alvotech,0
ALVOW,Alvotech,0
ALX,Alexander's,0
ALXO,ALX Oncology,0
ALZN,Alzamend Neuro,0
AM,Antero Midstream,0
AMA,Defiance Daily Target 2X Long AMAT ETF,1
AMAA,Corgi AMZN 2x Daily ETF,1
AMACU,AMR Resources Acquisition,0
AMAL,Amalgamated Financial,0
AMAN,Amanat Acquisition,0
AMAT,Applied Materials,0
AMAU,Leverage Shares 2X Long AMAT Daily ETF,1
AMAX,Adaptive Hedged Multi-Asset Income ETF,1
AMBA,Ambarella,0
AMBO,Ambow Education Holding Ltd. American Depository Shares (each representing twenty (20),0
AMBP,Ardagh Metal Packaging S.A,0
AMBQ,Ambiq Micro,0
AMBR,Amber International,0
AMC,AMC Entertainment,0
AMCI,AMC Robotics,0
AMCR,Amcor,0
AMCX,AMC Global Media,0
AMD,Advanced Micro Devices,0
AMDC,Corgi AMD 2x Daily ETF,1
AMDD,Direxion Daily AMD Bear 1X ETF,1
AMDG,Leverage Shares 2X Long AMD Daily ETF,1
AMDL,GraniteShares 2x Long AMD Daily ETF,1
AMDW,Roundhill AMD WeeklyPay ETF,1
AMDY,Yieldmax AMD Option Income Strategy ETF,1
AME,AMETEK,0
AMEI,Amana Equity Income ETF,1
AMEM,Amana Developing World ETF,1
AMG,Affiliated Managers,0
AMGN,Amgen,0
AMGR,Amana Growth ETF,1
AMH,American Homes 4 Rent,0
AMHI,American Beacon Aberdeen Municipal High Income ETF,1
AMID,Argent Mid Cap ETF,1
AMIX,Autonomix Medical,0
AMJB,Alerian MLP Index ETN,1
AMKL,Defiance Daily Target 2X Long AMKR ETF,1
AMKR,Amkor Technology,0
AMKX,Corgi AMKR 2x Daily ETF,1
AMLP,Alerian MLP ETF,1
AMLX,Amylyx Pharmaceuticals,0
AMMO,VistaShares Defense Supercycle ETF,1
AMN,AMN Healthcare Services,0
AMOD,Alpha Modus,0
AMODW,Alpha Modus,0
AMOM,QRAFT AI-Enhanced U.S. Large Cap Momentum ETF,1
AMP,Ameriprise Financial,0
AMPG,Amplitech,0
AMPGZ,Amplitech,0
AMPH,Amphastar Pharmaceuticals,0
AMPL,Amplitude,0
AMPU,Defiance Daily Target 2X Long AMPX ETF,1
AMPX,Amprius Technologies,0
AMPY,Amplify Energy,0
AMR,Alpha Metallurgical Resources,0
AMRC,Ameresco,0
AMRN,Amarin,0
AMRX,Amneal Pharmaceuticals,0
AMRZ,Amrize,0
AMS,American Shared Hospital Services,0
AMSC,American Superconductor,0
AMSF,AMERISAFE,0
AMSS,AMASS Brands,0
AMST,Amesite,0
AMT,American Tower Corporation (REIT),0
AMTB,Amerant Bancorp,0
AMTD,AMTD IDEA,0
AMTM,Amentum,0
AMTX,Aemetis,0
AMUB,"ETRACS Alerian MLP Index ETN Series B due July 18, 2042",0
AMUN,abrdn Ultra Short Municipal Income Active ETF,1
AMUU,Direxion Daily AMD Bull 2X ETF,1
AMWL,American Well,0
AMX,"America Movil, S.A.B. de C.V",0
AMYY,GraniteShares YieldBOOST AMD ETF,1
AMZA,InfraCap MLP ETF,1
AMZD,Direxion Daily AMZN Bear 1X ETF,1
AMZE,Amaze,0
AMZG,Leverage Shares 2X Long AMZN Daily ETF,1
AMZN,Amazon.com,0
AMZO,Tradr 2X Short AMZN Daily ETF,1
AMZP,Kurv Yield Premium Strategy Amazon (AMZN) ETF,1
AMZU,Direxion Daily AMZN Bull 2X ETF,1
AMZW,Roundhill AMZN WeeklyPay ETF,1
AMZY,YieldMax AMZN Option Income Strategy ETF,1
AMZZ,GraniteShares 2x Long AMZN Daily ETF,1
AN,AutoNation,0
ANAB,AnaptysBio,0
ANDE,The Andersons,0
ANDG,Andersen,0
ANEL,Defiance Daily Target 2x Long ANET ETF,1
ANET,Arista Networks,0
ANEW,ProShares MSCI Transformational Changes ETF,1
ANF,Abercrombie & Fitch,0
ANGH,Anghami,0
ANGHW,Anghami,0
ANGI,Angi,0
ANGL,VanEck Fallen Angel High Yield Bond ETF,1
ANGO,AngioDynamics,0
ANGX,Angel Studios,0
ANIK,Anika Therapeutics,0
ANIP,ANI Pharmaceuticals,0
ANIX,Anixa Biosciences,0
ANL,Adlai Nortye,0
ANNA,AleAnna,0
ANNAW,AleAnna,0
ANNX,Annexon,0
ANPA,Rich Sparkle,0
ANRO,Alto Neuroscience,0
ANSC,Agriculture & Natural Solutions Acquisition,0
ANSCU,Agriculture & Natural Solutions Acquisition,0
ANSCW,Agriculture & Natural Solutions Acquisition,0
ANTA,Antalpha Platform,0
ANTX,AN2 Therapeutics,0
ANV,GraniteShares Autocallable NVDA ETF,1
ANVS,Annovis Bio,0
ANY,Sphere 3D,0
AOA,iShares Core 80/20 Aggressive Allocation ETF,1
AOCT,Innovator Equity Defined Protection ETF - 2 Yr to October 2026,1
AOD,abrdn Total Dynamic Dividend Fund,0
AOHY,Angel Oak High Yield Opport,1
AOK,iShares Core 30/70 Conservative Allocation ETF,1
AOM,iShares Core 40/60 Moderate Allocation ETF,1
AOMD,"Angel Oak Mortgage REIT, Inc. 9.750% Senior",0
AOMN,"Angel Oak Mortgage REIT, Inc. 9.500% Senior",0
AOMR,Angel Oak Mortgage REIT,0
AON,Aon,0
AOR,iShares Core 60/40 Balanced Allocation ETF,1
AORT,Artivion,0
AOS,A.O. Smith,0
AOSL,Alpha and Omega Semiconductor,0
AOTG,AOT Growth and Innovation ETF,1
AOTS,AOT Software Platform ETF,1
AOUT,American Outdoor Brands,0
AP,Ampco-Pittsburgh,0
APA,APA,0
APAC,StoneBridge Acquisition II,0
APACR,StoneBridge Acquisition II,0
APACU,StoneBridge Acquisition II,0
APAM,Artisan Partners Asset Management,0
APC,ARKO Petroleum,0
APCB,ActivePassive Core Bond ETF,1
APD,Air Products and Chemicals,0
APDB,Aptus April Deep Buffer ETF,1
APEI,American Public Education,0
APG,APi,0
APGE,Apogee Therapeutics,0
APH,Amphenol,0
APHG,Leverage Shares 2X Long APH Daily ETF,1
APHU,T-REX 2X Long APH Daily Target ETF,1
API,"Agora, Inc. - ADS",0
APIE,ActivePassive International Equity ETF,1
APLD,Applied Digital,0
APLE,Apple Hospitality REIT,0
APLM,Apollomics,0
APLMW,Apollomics,0
APLU,Allspring Core Plus ETF,1
APLX,Tradr 2X Long APLD Daily ETF,1
APLY,YieldMax AAPL Option Income Strategy ETF,1
APLZ,Tradr 2X Short APLD Daily ETF,1
APMC,AmperCap Acquisition,0
APMCR,AmperCap Acquisition,0
APMCU,AmperCap Acquisition,0
APMD,Apnimed,0
APMI,Corgi AMAT 2x Daily ETF,1
APMU,ActivePassive Intermediate Municipal Bond ETF,1
APO,"Apollo Global Management, Inc. (New)",0
APOC,Innovator Equity Defined Protection ETF - 6mo Apr/Oct,1
APOG,Apogee Enterprises,0
APOS,"Apollo Global Management, Inc. 7.625% Fixed-Rate Resettable Junior Subordinated",0
APP,Applovin,0
APPC,Corgi APP 2x Daily ETF,1
APPF,AppFolio,0
APPN,Appian,0
APPS,Digital Turbine,0
APPX,Tradr 2X Long APP Daily ETF,1
APRB,Aptus April Buffer ETF,1
APRE,Aprea Therapeutics,0
APRH,Innovator Premium Income 20 Barrier ETF - April,1
APRJ,Innovator Premium Income 30 Barrier ETF - April,1
APRP,PGIM S&P 500 Buffer 12 ETF - April,1
APRT,AllianzIM U.S. Large Cap Buffer10 Apr ETF,1
APRW,AllianzIM U.S. Large Cap Buffer20 Apr ETF,1
APRZ,TrueShares Structured Outcome (April) ETF,1
APT,Alpha Pro Tech,0
APTV,Aptiv,0
APUE,ActivePassive U.S. Equity ETF,1
APUR,Aperture AC,0
APURR,Aperture AC,0
APUS,Apimeds Pharmaceuticals US,0
APVO,Aptevo Therapeutics,0
APWC,Asia Pacific Wire & Cable,0
APXM,FT Vest U.S. Equity Max Buffer ETF - April,1
APXT,Apex Treasury,0
APXTU,Apex Treasury,0
APXTW,Apex Treasury,0
APYX,Apyx Medical,0
AQB,AquaBounty Technologies,0
AQEC,AQE Core ETF,1
AQLG,HCM Large Cap Growth ETF,1
AQLT,iShares MSCI Global Quality Factor ETF,1
AQMS,Aqua Metals,0
AQN,Algonquin Power & Utilities,0
AQNB,Algonquin Power & Utilities Corp. 6.20% Fixed-to-Floating Subordinated,0
AQST,Aquestive Therapeutics,0
AQWA,Global X Clean Water ETF,1
AR,Antero Resources,0
ARAI,Arrive AI,0
ARAY,Accuray,0
ARB,AltShares Merger Arbitrage ETF,1
ARBB,ARB IOT,0
ARBE,Arbe Robotics,0
ARBEW,Arbe Robotics,0
ARBK,Argo Blockchain,0
ARCB,ArcBest,0
ARCC,Ares Capital Corporation - Closed End Fund,0
ARCI,Archimedes Tech SPAC Partners III,0
ARCIU,Archimedes Tech SPAC Partners III,0
ARCIW,Archimedes Tech SPAC Partners III,0
ARCL,ARC Group Acquisition I,0
ARCLR,ARC Group Acquisition I,0
ARCLU,ARC Group Acquisition I,0
ARCLW,ARC Group Acquisition I,0
ARCM,Arrow Reserve Capital Management ETF,1
ARCO,Arcos Dorados Holdings Inc. Class A Shares,0
ARCP,Aristotle Core Plus Income ETF,1
ARCT,Arcturus Therapeutics,0
ARCX,Tradr 2X Long ACHR Daily ETF,1
ARDC,Ares Dynamic Credit Allocation Fund,0
ARDT,Ardent Health,0
ARDX,Ardelyx,0
ARE,Alexandria Real Estate Equities,0
AREC,American Resources,0
AREN,The Arena,0
ARES,Ares Management,0
ARGT,Global X MSCI Argentina ETF,1
ARGX,argenx,0
ARHS,Arhaus,0
ARI,Apollo Commercial Real Estate Finance,0
ARIS,Aris Mining,0
ARKB,ARK 21Shares Bitcoin ETF,1
ARKD,ARK DIET Q1 Buffer ETF,1
ARKE,ARK DIET Q3 Buffer ETF,1
ARKF,ARK Blockchain & Fintech Innovation ETF,1
ARKG,ARK Genomic Revolution ETF,1
ARKI,ARK DIET Q2 Buffer ETF,1
ARKK,ARK Innovation ETF,1
ARKO,ARKO,0
ARKQ,ARK Autonomous Technology & Robotics ETF,1
ARKR,Ark Restaurants,0
ARKT,ARK DIET Q4 Buffer ETF,1
ARKW,ARK Next Generation Internet ETF,1
ARKX,ARK Space & Defense Innovation ETF,1
ARL,American Realty Investors,0
ARLI,AllianzIM International Equity Buffer15 Uncapped Apr ETF,1
ARLO,Arlo Technologies,0
ARLP,"Alliance Resource Partners, L.P. - Common",0
ARLU,AllianzIM U.S. Equity Buffer15 Uncapped Apr ETF,1
ARM,Arm,0
ARMA,Corgi ARM 2x Daily ETF,1
ARMG,Leverage Shares 2X Long ARM Daily ETF,1
ARMH,Arm Holdings PLC ADRhedged,1
ARMK,Aramark,0
ARMP,Armata Pharmaceuticals,0
ARMS,Aristotle Multi-Sector Income ETF,1
ARMW,Roundhill ARM WeeklyPay ETF,1
ARMY,Tema International Defense ETF,1
AROC,Archrock,0
AROW,Arrow Financial,0
ARP,PMV Adaptive Risk Parity ETF,1
ARQ,Arq,0
ARQQ,Arqit Quantum,0
ARQQW,Arqit Quantum,0
ARQT,Arcutis Biotherapeutics,0
ARR,ARMOUR Residential REIT,0
ARRY,Array Technologies,0
ARTC,Art Technology Acquisition,0
ARTCU,Art Technology Acquisition,0
ARTCW,Art Technology Acquisition,0
ARTL,Artelo Biosciences,0
ARTNA,Artesian Resources Corporation - Class A Non-Voting,0
ARTV,Artiva Biotherapeutics,0
ARTW,Art's-Way Manufacturing,0
ARTY,iShares Future AI & Tech ETF,1
ARVN,Arvinas,0
ARVR,First Trust Indxx Metaverse ETF,1
ARW,Arrow Electronics,0
ARWG,Archer Growth ETF,1
ARWR,Arrowhead Pharmaceuticals,0
ARX,Accelerant,0
ARXS,Arxis,0
AS,Amer Sports,0
ASA,ASA Gold and Precious Metals,0
ASAN,Asana,0
ASB,Associated Banc-Corp,0
ASBA,Associated Banc-Corp 6.625% Fixed-Rate Reset Subordinated,0
ASBP,Aspire Biopharma,0
ASBPW,Aspire Biopharma,0
ASC,Ardmore Shipping,0
ASCE,Allspring SMID Core ETF,1
ASCI,abrdn International Small Cap Active ETF,1
ASD,Defiance Autism Impact ETF,1
ASEA,Global X FTSE Southeast Asia ETF,1
ASEC,American Century Securitized Credit ETF,1
ASG,Liberty All-Star Growth Fund,0
ASGI,abrdn Global Infrastructure Income Fund,0
ASGM,Virtus AlphaSimplex Global Macro ETF,1
ASH,Ashland,0
ASHR,Xtrackers Harvest CSI 300 China A-Shares ETF,1
ASHS,Xtrackers Harvest CSI 500 China A-Shares Small Cap ETF,1
ASIA,Matthews Pacific Tiger Active ETF,1
ASIC,Ategrity Specialty Insurance,0
ASIX,AdvanSix,0
ASLE,AerSale,0
ASLV,Allspring Special Large Value ETF,1
ASM,Avino Silver & Gold Mines,0
ASMB,Assembly Biosciences,0
ASMF,Virtus AlphaSimplex Managed Futures ETF,1
ASMG,Leverage Shares 2X Long ASML Daily ETF,1
ASMH,ASML Holding NV ADRhedged,1
ASML,ASML Holding N.V. - New York Registry Shares,0
ASMU,Direxion Daily ASML Bull 2X ETF,1
ASMZ,Corgi ASML 2x Daily ETF,1
ASND,Ascendis Pharma A/S,0
ASO,Academy Sports and Outdoors,0
ASPC,A SPAC III Acquisition,0
ASPCR,A SPAC III Acquisition,0
ASPCU,A SPAC III Acquisition,0
ASPI,ASP Isotopes,0
ASPN,Aspen Aerogels,0
ASPS,Altisource Portfolio Solutions S.A,0
ASPSW,Altisource Portfolio Solutions S.A. - Net Settle Stakeholder,0
ASPSZ,Altisource Portfolio Solutions S.A. - Cash Exercise Stakeholder,0
ASR,"Grupo Aeroportuario del Sureste, S.A. de C.V",0
ASRV,AmeriServ Financial,0
ASST,Strive,0
ASTC,Astrotech,0
ASTE,Astec Industries,0
ASTG,Leverage Shares 2X Long ASTS Daily ETF,1
ASTH,Astrana Health,0
ASTI,Ascent Solar Technologies,0
ASTL,Algoma Steel,0
ASTLW,Algoma Steel,0
ASTN,Defiance Daily Target 2X Short ASTS ETF,1
ASTS,AST SpaceMobile,0
ASTT,Corgi ASTS 2x Daily ETF,1
ASTX,Tradr 2X Long ASTS Daily ETF,1
ASTY,Defiance Daily Target 2X Long ASTS ETF,1
ASUP,T-REX 2X Long ASTS Daily Target ETF,1
ASUR,Asure Software,0
ASX,ASE Technology,0
ASYS,Amtech Systems,0
ATAI,AtaiBeckley,0
ATAT,Atour Lifestyle,0
ATC,GraniteShares Autocallable COIN ETF,1
ATCH,AtlasClear,0
ATCL,REX Autocallable Income ETF,1
ATCX,Atlas Critical Minerals,0
ATEC,Alphatec,0
ATEN,A10 Networks,0
ATER,Aterian,0
ATEX,Anterix,0
ATFV,Alger 35 ETF,1
ATGL,Alpha Technology,0
ATHE,Alterity Therapeutics,0
ATHM,Autohome,0
ATHR,Aether,0
ATHS,Athene Holding Ltd. 7.250% Fixed-Rate Reset Junior Subordinated Debentures due 2064,0
ATI,ATI,0
ATII,Archimedes Tech SPAC Partners II,0
ATIIU,Archimedes Tech SPAC Partners II,0
ATIIW,Archimedes Tech SPAC Partners II,0
ATKR,Atkore,0
ATLC,Atlanticus,0
ATLCL,Atlanticus Holdings Corporation - 6.125% Senior,0
ATLCP,Atlanticus Holdings Corporation - 7.625% Series B Cumulative Perpetual,0
ATLCZ,Atlanticus Holdings Corporation - 9.25% Senior,0
ATLO,Ames National,0
ATLX,Atlas Lithium,0
ATMP,iPath Select MLP ETN,0
ATMU,Atmus Filtration Technologies,0
ATNI,ATN International,0
ATNM,"Actinium Pharmaceuticals, Inc. (Delaware)",0
ATO,Atmos Energy,0
ATOM,Atomera,0
ATOS,Atossa Therapeutics,0
ATPC,Agape ATP,0
ATR,AptarGroup,0
ATRA,Atara Biotherapeutics,0
ATRC,AtriCure,0
ATRO,Astronics,0
ATS,ATS,0
ATTR,Arin Tactical Tail Risk ETF,1
ATXG,Addentax,0
ATYR,aTyr Pharma,0
AU,AngloGold Ashanti,0
AUAU,Global X Gold Miners ETF,1
AUB,Atlantic Union Bankshares,0
AUBN,Auburn National Bancorporation,0
AUC,ATIF,0
AUDC,AudioCodes,0
AUGM,FT Vest U.S. Equity Max Buffer ETF - August,1
AUGO,Aura Minerals,0
AUGP,PGIM S&P 500 Buffer 12 ETF - August,1
AUGT,AllianzIM U.S. Large Cap Buffer10 Aug ETF,1
AUGU,AllianzIM U.S. Equity Buffer15 Uncapped Aug ETF,1
AUGW,AllianzIM U.S. Large Cap Buffer20 Aug ETF,1
AUGZ,TrueShares Structured Outcome (August) ETF,1
AUID,authID,0
AUMI,Themes Gold Miners ETF,1
AUNA,Auna,0
AUPH,Aurinia Pharmaceuticals,0
AUR,Aurora Innovation,0
AURA,Aura Biosciences,0
AURE,Aurelion,0
AUROW,Aurora Innovation,0
AUSF,Global X Adaptive U.S. Factor ETF,1
AUSM,Allspring Ultra Short Municipal ETF,1
AUST,Austin Gold,0
AUTL,Autolus Therapeutics,0
AUUD,Auddia,0
AV,Corgi Aerospace & Commercial Aviation ETF,1
AVA,Avista,0
AVAH,Aveanna Healthcare,0
AVAL,Grupo Aval Acciones y Valores S.A. ADR (Each representing 20 preferred shares),0
AVAT,Avalanche Treasury,0
AVAV,AeroVironment,0
AVAZ,2x Avalanche ETF,1
AVB,AvalonBay Comm,0
AVBC,Avidia Bancorp,0
AVBH,Avidbank,0
AVBP,ArriVent BioPharma,0
AVD,American Vanguard,0
AVDE,Avantis International Equity ETF,1
AVDS,Avantis International Small Cap Equity ETF,1
AVDV,Avantis International Small Cap Value ETF,1
AVEE,Avantis Emerging Markets Small Cap Equity ETF,1
AVEM,Avantis Emerging Markets Equity ETF,1
AVES,Avantis Emerging Markets Value ETF,1
AVEX,AEVEX,0
AVGB,Avantis Credit ETF,1
AVGC,Corgi AVGO 2x Daily ETF,1
AVGE,Avantis All Equity Markets ETF,1
AVGG,Leverage Shares 2X Long AVGO Daily ETF,1
AVGO,Broadcom,0
AVGU,GraniteShares 2x Long AVGO Daily ETF,1
AVGV,Avantis All Equity Markets Value ETF,1
AVGW,Roundhill AVGO WeeklyPay ETF,1
AVGX,Defiance Daily Target 2X Long AVGO ETF,1
AVIE,Avantis Inflation Focused Equity ETF,1
AVIG,Avantis Core Fixed Income ETF,1
AVIR,Atea Pharmaceuticals,0
AVIV,Avantis International Large Cap Value ETF,1
AVK,Advent Convertible and Income Fund,0
AVL,Direxion Daily AVGO Bull 2X ETF,1
AVLC,Avantis U.S. Large Cap Equity ETF,1
AVLN,Avalyn Pharma,0
AVLV,Avantis U.S. Large Cap Value ETF,1
AVMA,Avantis Moderate Allocation ETF,1
AVMC,Avantis U.S. Mid Cap Equity ETF,1
AVMU,Avantis Core Municipal Fixed Income ETF,1
AVMV,Avantis U.S. Mid Cap Value ETF,1
AVNM,Avantis All International Markets Equity ETF,1
AVNT,Avient,0
AVNV,Avantis All International Markets Value ETF,1
AVNW,Aviat Networks,0
AVO,Mission Produce,0
AVOS,Avos Global Equities ETF,1
AVPT,AvePoint,0
AVR,Anteris Technologies Global,0
AVRE,Avantis Real Estate ETF,1
AVRY,Avory Foundational ETF,1
AVS,Direxion Daily AVGO Bear 1X ETF,1
AVSC,Avantis U.S Small Cap Equity ETF,1
AVSD,Avantis Responsible International Equity ETF,1
AVSE,Avantis Responsible Emerging Markets Equity ETF,1
AVSF,Avantis Short-Term Fixed Income ETF,1
AVSU,Avantis Responsible U.S. Equity ETF,1
AVT,Avnet,0
AVTM,Avantis Total Equity Markets ETF,1
AVTR,Avantor,0
AVTX,Avalo Therapeutics,0
AVUQ,Avantis U.S. Quality ETF,1
AVUS,Avantis U.S. Equity ETF,1
AVUV,Avantis U.S. Small Cap Value ETF,1
AVX,Avax One Technology,0
AVXC,Avantis Emerging Markets ex-China Equity ETF,1
AVXL,Anavex Life Sciences,0
AVXX,Defiance Daily Target 2x Long AVAV ETF,1
AVY,Avery Dennison,0
AWAY,Amplify Travel Tech ETF,1
AWF,Alliancebernstein Global High Income Fund,0
AWI,Armstrong World Industries,0
AWK,American Water Works,0
AWP,abrdn Global Premier Properties Fund,0
AWR,American States Water,0
AWRE,Aware,0
AWX,Avalon,0
AX,Axos Financial,0
AXG,Solowin,0
AXGN,Axogen,0
AXIA,AXIA Energia,0
AXIL,AXIL Brands,0
AXIN,Axiom Intelligence Acquisition Corp 1,0
AXINR,Axiom Intelligence Acquisition Corp 1,0
AXINU,Axiom Intelligence Acquisition Corp 1,0
AXON,Axon Enterprise,0
AXP,American Express,0
AXR,AMREP,0
AXS,Axis Capital,0
AXSM,Axsome Therapeutics,0
AXTA,Axalta Coating Systems,0
AXTC,Corgi AXTI 2x Daily ETF,1
AXTI,AXT,0
AXTL,Leverage Shares 2X Long AXTI Daily ETF,1
AXTU,T-REX 2X Long AXTI Daily Target ETF,1
AXTX,Tradr 2X Long AXTI Daily ETF,1
AYA,Aya Gold & Silver,0
AYI,Acuity,0
AYTU,Aytu BioPharma,0
AZ,A2Z Cust2Mate Solutions,0
AZI,Autozi Internet Technology (Global),0
AZIO,Azio AI,0
AZN,AstraZeneca,0
AZO,AutoZone,0
AZTA,Azenta,0
AZTD,Aztlan Global Stock Selection DM SMID ETF,1
AZTR,Azitra,0
AZUL,Azul S.A,0
AZYY,GraniteShares YieldBoost AMZN ETF,1
AZZ,AZZ,0
B,Barrick Mining,0
BA,Boeing Company (The),0
BAB,Invesco Taxable Municipal Bond ETF,1
BABA,Alibaba,0
BABC,Corgi BABA 2x Daily ETF,1
BABO,YieldMax BABA Option Income Strategy ETF,1
BABU,Direxion Daily BABA Bull 2X ETF,1
BABW,Roundhill BABA WeeklyPay ETF,1
BABX,GraniteShares 2x Long BABA Daily ETF,1
BAC,Bank of America,0
BACC,Blue Acquisition,0
BACCR,Blue Acquisition,0
BACCU,Blue Acquisition,0
BAER,Bridger Aerospace,0
BAERW,Bridger Aerospace,0
BAFE,Brown Advisory Flexible Equity ETF,1
BAFN,BayFirst Financial,0
BAGX,EA Bridgeway Aggressive Investors ETF,1
BAGY,Amplify Bitcoin Max Income Covered Call ETF,1
BAH,Booz Allen Hamilton,0
BAI,iShares A.I. Innovation and Tech Active ETF,1
BAIG,Leverage Shares 2X Long BBAI Daily ETF,1
BAIV,Brown Advisory International Value Select ETF,1
BAK,Braskem SA ADR,0
BALI,iShares U.S. Large Cap Premium Income Active ETF,1
BALL,Ball,0
BALQ,iShares Nasdaq Premium Income Active ETF,1
BALT,Innovator Defined Wealth Shield ETF,1
BALY,Bally's,0
BAM,Brookfield Asset Management Inc Class A Limited Voting Shares,0
BAMA,Brookstone Active ETF,1
BAMB,Brookstone Intermediate Bond ETF,1
BAMD,Brookstone Dividend Stock ETF,1
BAMG,Brookstone Growth Stock ETF,1
BAMO,Brookstone Opport,1
BAMU,Brookstone Ultra-Short Bond ETF,1
BAMV,Brookstone Value Stock ETF,1
BAMY,Brookstone Yield ETF,1
BANC,Banc of California,0
BAND,Bandwidth,0
BANF,BancFirst,0
BANFP,BancFirst Corporation - 7.2% Cumulative Trust Preferred Securities,0
BANL,CBL International,0
BANR,Banner,0
BANX,ArrowMark Financial Corp. - Closed End Fund,0
BAOS,Baosheng Media,0
BAP,Credicorp,0
BAPR,Innovator U.S. Equity Buffer ETF - April,1
BAR,GraniteShares Gold Trust Shares of,0
BARK,BARK,0
BASG,Brown Advisory Sustainable Growth ETF,1
BASV,Brown Advisory Sustainable Value ETF,1
BATL,Battalion Oil,0
BATRA,Atlanta Braves,0
BATRK,Atlanta Braves,0
BATT,Amplify Lithium & Battery Technology ETF,1
BAUG,Innovator U.S. Equity Buffer ETF - August,1
BAVA,,1
BAX,Baxter International,0
BAY,Corgi Bay Area Based ETF,1
BB,BlackBerry,0
BBAG,JPMorgan BetaBuilders U.S. Aggregate Bond ETF,1
BBAI,BigBear.ai,0
BBAR,Banco BBVA Argentina S.A. ADS,0
BBAX,JPMorgan BetaBuilders Developed Asia Pacific-ex Japan ETF,1
BBB,CYBER HORNET S&P 500 and Bitcoin 75/25 Strategy ETF,1
BBBI,BondBloxx BBB Rated 5-10 Year Corporate Bond ETF,1
BBBL,BondBloxx BBB Rated 10+ Year Corporate Bond ETF,1
BBBS,BondBloxx BBB Rated 1-5 Year Corporate Bond ETF,1
BBBY,Bed Bath & Beyond,0
BBC,Virtus Biotech Clinical Trials ETF,1
BBCA,JPMorgan BetaBuilders Canada ETF,1
BBCB,JPMorgan BetaBuilders USD Investment Grade Corporate Bond ETF,1
BBCP,Concrete Pumping,0
BBCQ,Bleichroeder Acquisition Corp. II,0
BBCQU,Bleichroeder Acquisition Corp. II,0
BBCQW,Bleichroeder Acquisition Corp. II,0
BBD,Banco Bradesco,0
BBDC,Barings BDC,0
BBDO,Banco Bradesco,0
BBEM,JPMorgan BetaBuilders Emerging Markets Equity ETF,1
BBEU,JPMorgan BetaBuilders Europe ETF,1
BBGI,Beasley Broadcast,0
BBH,VanEck Biotech ETF,1
BBHL,BBH Select Large Cap ETF,1
BBHM,BBH Select Mid Cap ETF,1
BBHY,JPMorgan BetaBuilders USD High Yield Corporate Bond ETF,1
BBIB,JPMorgan BetaBuilders U.S. Treasury Bond 3-10 Year ETF,1
BBIN,JPMorgan BetaBuilders International Equity ETF,1
BBIO,BridgeBio Pharma,0
BBJP,JPMorgan BetaBuilders Japan ETF,1
BBLB,JPMorgan BetaBuilders U.S. Treasury Bond 20+ Year ETF,1
BBLG,Bone Biologics,0
BBLGW,Bone Biologics,0
BBLU,EA Bridgeway Blue Chip ETF,1
BBMC,JPMorgan BetaBuilders U.S. Mid Cap Equity ETF,1
BBN,BlackRock Taxable Municipal Bond Trust,0
BBNX,Beta Bionics,0
BBOT,BridgeBio Oncology Therapeutics,0
BBP,Virtus Biotech ETF,1
BBRE,JPMorgan BetaBuilders MSCI U.S. REIT ETF,1
BBSB,JPMorgan BetaBuilders U.S. Treasury Bond 1-3 Year ETF,1
BBSC,JPMorgan BetaBuilders U.S. Small Cap Equity ETF,1
BBSI,Barrett Business Services,0
BBT,Beacon Financial,0
BBUC,Brookfield Business Corporation Class A Subordinate Voting Shares,0
BBUL,GraniteShares 2x Long BB Daily ETF,1
BBUS,JPMorgan BetaBuilders U.S. Equity ETF,1
BBVA,Banco Bilbao Vizcaya Argentaria S.A,0
BBW,Build-A-Bear Workshop,0
BBWI,Bath & Body Works,0
BBY,Best Buy,0
BBYY,GraniteShares YieldBOOST BABA ETF,1
BC,Brunswick,0
BCAB,BioAtla,0
BCAL,California BanCorp,0
BCAR,D. Boral ARC Acquisition I,0
BCARU,D. Boral ARC Acquisition I,0
BCARW,D. Boral ARC Acquisition I,0
BCAT,BlackRock Capital Allocation Term Trust,0
BCAX,Bicara Therapeutics,0
BCBP,"BCB Bancorp, Inc. (NJ)",0
BCC,"Boise Cascade, L.L.C",0
BCCC,Global X Bitcoin Covered Call ETF,1
BCCQ,Bleichroeder Acquisition Corp. III,0
BCCQU,Bleichroeder Acquisition Corp. III,0
BCCQW,Bleichroeder Acquisition Corp. III,0
BCD,abrdn Bloomberg All Commodity Longer Dated Strategy K-1 Free ETF,1
BCDA,BioCardia,0
BCDF,Horizon Kinetics Blockchain Development ETF,1
BCE,BCE,0
BCEM,Baron Emerging Markets Select ETF,1
BCFN,Baron Financials ETF,1
BCG,Binah Capital,0
BCGD,Baron Global Durable Advantage ETF,1
BCGS,Bancreek Global Select ETF,1
BCGWW,Binah Capital,0
BCH,Banco De Chile ADS,0
BCHI,GMO Beyond China ETF,1
BCHP,Principal Focused Blue Chip ETF,1
BCHT,Birchtech,0
BCI,abrdn Bloomberg All Commodity Strategy K-1 Free ETF,1
BCIC,BCP Investment Corporation - Closed End Fund,0
BCIL,Bancreek International Large Cap ETF,1
BCKT,LifeX 2030 Income Bucket ETF,1
BCLO,iShares BBB-B CLO Active ETF,1
BCML,BayCom,0
BCO,Brinks Company (The),0
BCOR,Grayscale Bitcoin Adopters ETF,1
BCPC,Balchem,0
BCPL,BNY Mellon Core Plus ETF,1
BCRX,BioCryst Pharmaceuticals,0
BCS,Barclays,0
BCSF,Bain Capital Specialty Finance,0
BCSM,Baron SMID Cap ETF,1
BCSS,Bain Capital GSS Investment,0
BCTK,Baron Technology ETF,1
BCTX,BriaCell Therapeutics,0
BCTXL,BriaCell Therapeutics,0
BCTXZ,BriaCell Therapeutics,0
BCUS,Bancreek U.S. Large Cap ETF,1
BCV,Bancroft Fund,0
BCX,BlackRock Resources,0
BCYC,Bicycle Therapeutics,0
BD,Russell Investments Core Plus Bond ETF,1
BDBT,Bluemonte Core Bond ETF,1
BDC,Belden,0
BDCI,BTC Development,0
BDCIU,BTC Development,0
BDCIW,BTC Development,0
BDCX,"ETRACS Quarterly Pay 1.5x Leveraged MarketVector BDC Liquid Index ETN due June 10, 2050",1
BDCZ,"ETRACS MarketVector Business Development Companies Liquid Index ETN due April 26, 2041",0
BDEC,Innovator U.S. Equity Buffer ETF - December,1
BDGS,Bridges Capital Tactical ETF,1
BDIV,AAM Brentview Dividend Growth ETF,1
BDJ,Blackrock Enhanced Equity Dividend Trust,0
BDL,Flanigan's Enterprises,0
BDMD,Baird Medical Investment,0
BDMDW,Baird Medical Investment,0
BDN,Brandywine Realty Trust,0
BDRX,Biodexa Pharmaceuticals,0
BDRY,Breakwave Dry Bulk Shipping ETF,1
BDSX,Biodesix,0
BDTX,Black Diamond Therapeutics,0
BDVG,IMGP Berkshire Dividend Growth ETF,1
BDVL,iShares Disciplined Volatility Equity Active ETF,1
BDX,"Becton, Dickinson and",0
BDYN,iShares Dynamic Equity Active ETF,1
BE,Bloom Energy,0
BEAG,Bold Eagle Acquisition,0
BEAGR,Bold Eagle Acquisition,0
BEAGU,Bold Eagle Acquisition,0
BEAM,Beam Therapeutics,0
BEAT,Heartbeam,0
BEATW,Heartbeam,0
BEBE,TGE Value Creative Solutions,0
BEC,Corgi BE 2x Daily ETF,1
BEDY,BNY Mellon Enhanced Dividend and Income ETF,1
BEDZ,AdvisorShares Hotel ETF,1
BEEM,Beam Global,0
BEEP,Mobile Infrastructure,0
BEEX,The Beehive ETF,1
BEEZ,Honeytree U.S. Equity ETF,1
BEG,Leverage Shares 2x Long BE Daily ETF,1
BEGS,Rareview 2x Bull Cryptocurrency & Precious Metals ETF,1
BEKE,,0
BELFA,Bel Fuse,0
BELFB,Bel Fuse,0
BELT,iShares U.S. Select Equity Active ETF,1
BEMB,iShares J.P. Morgan Broad USD Emerging Markets Bond ETF,1
BEN,Franklin Resources,0
BENF,Beneficient,0
BENFW,Beneficient,0
BENJ,Horizon Landmark ETF,1
BEP,Brookfield Renewable Partners L.P,0
BEPC,Brookfield Renewable Corporation Brookfield Renewable Corporation Class A Subordinate Voting Shares,0
BEPH,Brookfield BRP Holdings (Canada) Inc. 4.625% Perpetual Subordinated,0
BEPI,Brookfield BRP Holdings (Canada) Inc. 4.875% Perpetual Subordinated,0
BEPJ,Brookfield BRP Holdings (Canada) Inc. 7.250% Perpetual Subordinated,0
BERZ,MicroSectors FANG & Innovation -3x Inverse Leveraged ETN,1
BESF,Bastion Energy ETF,1
BESO,GSR Crypto Core3 ETF,1
BESS,Bimergen Energy,0
BETA,Beta Technologies,0
BETE,ProShares Bitcoin & Ether Equal Weight ETF,1
BETH,ProShares Bitcoin & Ether Market Cap Weight ETF,1
BETR,Better Home & Finance,0
BETRW,Better Home & Finance,0
BETZ,Roundhill Sports Betting & iGaming ETF,1
BEX,Tradr 2X Long BE Daily ETF,1
BEZ,Tradr 2X Short BE Daily ETF,1
BFAM,,0
BFAP,FT Vest Bitcoin Strategy Floor15 ETF April,1
BFC,Bank First,0
BFEB,Innovator U.S. Equity Buffer ETF - February,1
BFEW,FT Vest Laddered U.S. Equity Equal Weight Buffer ETF,1
BFH,Bread Financial,0
BFIX,Build Bond Innovation ETF,1
BFJA,FT Vest Bitcoin Strategy Floor15 ETF - January,1
BFJL,FT Vest Bitcoin Strategy Floor15 ETF July,1
BFLB,BufferLABS US Equity Dynamic Buffer ETF,1
BFLX,iShares Flexible Equity Active ETF,1
BFLY,Butterfly Network,0
BFOC,FT Vest Bitcoin Strategy Floor15 ETF - October,1
BFOR,Barron's 400 ETF,1
BFRG,Bullfrog AI,0
BFRGW,Bullfrog AI,0
BFRI,Biofrontera,0
BFRIW,Biofrontera,0
BFRZ,Innovator Equity Managed 100 Buffer ETF,1
BFS,Saul Centers,0
BFST,Business First Bancshares,0
BFXU,FT Vest Laddered U.S. Equity Uncapped Accelerator ETF,1
BG,Bunge,0
BGB,Blackstone Strategic Credit 2027 Term Fund,0
BGC,BGC,0
BGCG,Baillie Gifford International Concentrated Growth ETF,1
BGDE,Big Digital Energy,0
BGDV,Bahl & Gaynor Dividend ETF,1
BGEG,Baillie Gifford Emerging Markets ETF,1
BGFI,BNY Mellon Global Fixed Income ETF,1
BGGG,Baillie Gifford Long Term Global Growth ETF,1
BGH,Barings Global Short Duration High Yield Fund,0
BGI,Birks,0
BGIA,Baillie Gifford International Alpha ETF,1
BGIG,Bahl & Gaynor Income Growth ETF,1
BGIN,Bgin Blockchain,0
BGL,Blue Gold,0
BGLC,BioNexus Gene Lab,0
BGLD,FT Vest Gold Strategy Quarterly Buffer ETF,1
BGLWW,Blue Gold,0
BGM,BGM,0
BGMS,Bio Green Med Solution,0
BGR,BlackRock Energy and Resources Trust,0
BGRN,iShares USD Green Bond ETF,1
BGRO,iShares Large Cap Growth Active ETF,1
BGS,B&G Foods,0
BGSF,BGSF,0
BGSI,Boyd Group Services,0
BGT,BlackRock Floating Rate Income Trust,0
BGUS,Baillie Gifford U.S. Equity Growth ETF,1
BGX,Blackstone Long Short Credit Income Fund,0
BGY,Blackrock Enhanced International Dividend Trust,0
BH,Biglari,0
BHAV,BHAV Acquisition,0
BHAVR,BHAV Acquisition,0
BHAVU,BHAV Acquisition,0
BHB,Bar Harbor Bankshares,0
BHC,Bausch Health Companies,0
BHDG,Nicholas Bitcoin Tail ETF,1
BHE,Benchmark Electronics,0
BHF,,0
BHFAL,,0
BHFAM,,0
BHFAN,,0
BHFAO,,0
BHFAP,,0
BHK,Blackrock Core Bond Trust,0
BHM,Bluerock Homes Trust,0
BHP,BHP,0
BHR,Braemar Hotels & Resorts,0
BHRB,Burke & Herbert Financial Services,0
BHST,BioHarvest Sciences,0
BHV,BlackRock Virginia Municipal Bond Trust,0
BHVN,Biohaven,0
BHYB,Xtrackers USD High Yield BB-B ex Financials ETF,1
BHYP,,1
BIAF,bioAffinity Technologies,0
BIAFW,bioAffinity Technologies,0
BIB,ProShares Ultra Nasdaq Biotechnology,1
BIBL,Inspire 100 ETF,1
BID,Tribeca Strategic Acquisition,0
BIDD,iShares International Dividend Active ETF,1
BIDG,Leverage Shares 2X Long BIDU Daily ETF,1
BIDU,Baidu,0
BIDWR,Tribeca Strategic Acquisition,0
BIDWU,Tribeca Strategic Acquisition,0
BIGY,YieldMax Target 12 Big 50 Option Income ETF,1
BIIB,Biogen,0
BIII,Black Spade Acquisition III,0
BIL,State Street SPDR Bloomberg 1-3 Month T-Bill ETF,1
BILD,Nomura Global Listed Infrastructure ETF,1
BILI,Bilibili,0
BILL,BILL,0
BILS,State Street SPDR Bloomberg 3-12 Month T-Bill ETF,1
BILT,iShares Infrastructure Active ETF,1
BILZ,PIMCO Ultra Short Government Active Exchange-Traded Fund,1
BINC,iShares Flexible Income Active ETF,1
BINT,Bluemonte Global Equity ETF,1
BINV,Brandes International ETF,1
BIO,Bio-Rad Laboratories,0
BIOA,BioAge Labs,0
BIOT,Instinct Bio Technical,0
BIOTW,Instinct Bio Technical,0
BIOX,Bioceres Crop Solutions,0
BIOY,GraniteShares YieldBOOST Biotech ETF,1
BIP,Brookfield Infrastructure Partners,0
BIPC,Brookfield Infrastructure Corporation Brookfield Infrastructure,0
BIPH,Brookfield Infrastructure Corporation 5.000% Subordinated,0
BIPI,BIP Bermuda Holdings I Limited 5.125% Perpetual Subordinated,0
BIPJ,Brookfield Infrastructure Corporation 7.250% Subordinated,0
BIRD,Smartbird,0
BIRK,Birkenstock,0
BIS,ProShares UltraShort Nasdaq Biotechnology,1
BIT,BlackRock Multi-Sector Income Trust,0
BITA,iShares Bitcoin Premium Income ETF,1
BITB,Bitwise Bitcoin ETF,1
BITC,Bitwise Trendwise Bitcoin and Treasuries Rotation Strategy ETF,1
BITI,ProShares Short Bitcoin ETF,1
BITO,ProShares Bitcoin ETF,1
BITQ,Bitwise Crypto Industry Innovators ETF,1
BITS,Global X Blockchain & Bitcoin Strategy ETF,1
BITU,ProShares Ultra Bitcoin ETF,1
BITW,,1
BITX,2x Bitcoin ETF,1
BITY,Amplify Bitcoin 2% Monthly Option Income ETF,1
BIV,Vanguard Intermediate-Term Bond ETF,1
BIVI,BioVie,0
BIVIW,BioVie,0
BIXI,Bitcoin Infrastructure Acquisition,0
BIXIU,Bitcoin Infrastructure Acquisition,0
BIXIW,Bitcoin Infrastructure Acquisition,0
BIYA,Baiya International,0
BIZD,VanEck BDC Income ETF,1
BJ,BJ's Wholesale Club,0
BJAN,Innovator U.S. Equity Buffer ETF - January,1
BJDX,Bluejay Diagnostics,0
BJRI,BJ's Restaurants,0
BJUL,Innovator U.S. Equity Buffer ETF - July,1
BJUN,Innovator U.S. Equity Buffer ETF - June,1
BKAG,BNY Mellon Core Bond ETF,1
BKCG,BNY Mellon Concentrated Growth ETF,1
BKCH,Global X Blockchain ETF,1
BKCI,BNY Mellon Concentrated International ETF,1
BKD,Brookdale Senior Living,0
BKDV,BNY Mellon Dynamic Value ETF,1
BKE,"Buckle, Inc. (The)",0
BKEM,BNY Mellon Emerging Markets Equity ETF,1
BKF,iShares MSCI BIC ETF,1
BKFI,BNY Mellon Active Core Bond ETF,1
BKGI,BNY Mellon Global Infrastructure Income ETF,1
BKH,Black Hills,0
BKHA,Black Hawk Acquisition,0
BKHAR,Black Hawk Acquisition,0
BKHAU,Black Hawk Acquisition,0
BKHY,BNY Mellon High Yield ETF,1
BKIE,BNY Mellon International Equity ETF,1
BKKT,Bakkt,0
BKLC,BNY Mellon US Large Cap Core Equity ETF,1
BKLG,BNY Mellon US Large Cap Equity Growth ETF,1
BKLN,Invesco Senior Loan ETF,1
BKMC,BNY Mellon US Mid Cap Core Equity ETF,1
BKMI,BNY Mellon Municipal Intermediate ETF,1
BKMS,BNY Mellon Municipal Short Duration ETF,1
BKNG,Booking,0
BKR,Baker Hughes,0
BKSE,BNY Mellon US Small Cap Core Equity ETF,1
BKSY,BlackSky Technology,0
BKT,BlackRock Income Trust Inc. (The),0
BKTI,BK Technologies,0
BKU,Bank,0
BKUI,BNY Mellon Ultra Short Income ETF,1
BKV,BKV,0
BKYI,BIO-key International,0
BL,BlackLine,0
BLBD,Blue Bird,0
BLCK,Corgi Crypto Infrastructure ETF,1
BLCO,Bausch + Lomb,0
BLCR,iShares Large Cap Core Active ETF,1
BLCV,iShares Large Cap Value Active ETF,1
BLDG,Cambria Global Real Estate ETF,1
BLDP,Ballard Power Systems,0
BLDR,Builders FirstSource,0
BLDX,Impax Global Sustainable Infrastructure ETF,1
BLES,Inspire Global Hope ETF,1
BLFS,BioLife Solutions,0
BLGR,Bluemonte Large Cap Growth ETF,1
BLIN,Bridgeline Digital,0
BLIV,BeLive,0
BLK,BlackRock,0
BLKB,Blackbaud,0
BLLN,BillionToOne,0
BLMN,Bloomin' Brands,0
BLND,Blend Labs,0
BLNE,Beeline,0
BLNK,Blink Charging,0
BLOK,Amplify Blockchain Technology ETF,1
BLOX,Nicholas Crypto Income ETF,1
BLRK,Bluerock Acquisition,0
BLRKU,Bluerock Acquisition,0
BLRKW,Bluerock Acquisition,0
BLRX,BioLineRx,0
BLSG,Leverage Shares 2X Long BLSH Daily ETF,1
BLSH,Bullish,0
BLST,Bluemonte Short Term Bond ETF,1
BLTD,Bluemonte Long Term Bond ETF,1
BLTE,Belite Bio,0
BLUC,Bluemonte Large Cap Core ETF,1
BLUI,Bluemonte Diversified Income ETF,1
BLUW,Blue Water Acquisition Corp. III,0
BLUWU,Blue Water Acquisition Corp. III,0
BLUWW,Blue Water Acquisition Corp. III,0
BLUX,Bluemonte Dynamic Total Market ETF,1
BLV,Vanguard Long-Term Bond ETF,1
BLW,Blackrock Limited Duration Income Trust,0
BLX,Bladex,0
BLZE,Backblaze,0
BLZR,Trailblazer Acquisition,0
BLZRU,Trailblazer Acquisition,0
BLZRW,Trailblazer Acquisition,0
BMA,Banco Macro S.A. ADR (representing Ten,0
BMAR,Innovator U.S. Equity Buffer ETF - March,1
BMAY,Innovator U.S. Equity Buffer ETF - May,1
BMBL,Bumble,0
BME,Blackrock Health Sciences Trust,0
BMEA,Biomea Fusion,0
BMED,iShares Health Innovation Active ETF,1
BMEZ,BlackRock Health Sciences Term Trust,0
BMGL,Basel Medical,0
BMHL,Bluemount,0
BMI,Badger Meter,0
BMM,Blue Moon Metals,0
BMN,BlackRock 2037 Municipal Target Term Trust,0
BMNG,Leverage Shares 2X Long BMNR Daily ETF,1
BMNP,"BitMine Immersion Technologies, Inc. 9.5% Series A Perpetual",0
BMNR,BitMine Immersion Technologies,0
BMNU,T-REX 2X Long BMNR Daily Target ETF,1
BMNZ,Defiance Daily Target 2X Short BMNR ETF,1
BMO,Bank Of Montreal,0
BMOP,BNY Mellon Municipal Opport,1
BMR,Beamr Imaging,0
BMRA,Biomerica,0
BMRC,Bank of Marin Bancorp,0
BMRN,BioMarin Pharmaceutical,0
BMSI,BNY Mellon Muti-Sector Income ETF,1
BMVP,Invesco Bloomberg MVP Multi-factor ETF,1
BMY,Bristol-Myers Squibb,0
BN,Brookfield Corporation Class A Limited Voting Shares,0
BNAI,Brand Engagement Network,0
BNAIW,Brand Engagement Network,0
BNAV,Amplify Fairlead Tactical Bitcoin ETF,1
BNC,CEA Industries,0
BNCWW,CEA Industries,0
BNCWZ,CEA Industries,0
BND,Vanguard Total Bond Market ETF,1
BNDC,FlexShares Core Select Bond Fund,1
BNDD,Quadratic Deflation ETF,1
BNDI,NEOS Enhanced Income Aggregate Bond ETF,1
BNDP,Vanguard Core-Plus Bond Index ETF,1
BNDS,Infrastructure Capital Bond Income ETF,1
BNDW,Vanguard Total World Bond ETF,1
BNDX,Vanguard Total International Bond ETF,1
BNDY,Horizon Core Bond ETF,1
BNED,Barnes & Noble Education,0
BNGE,First Trust S-Network Streaming and Gaming ETF,1
BNGO,Bionano Genomics,0
BNH,Brookfield Finance Inc. 4.625% Subordinated,0
BNJ,Brookfield Finance Inc. 4.50% Perpetual Subordinated,0
BNKD,"MicroSectors U.S. Big Banks -3 Inverse Leveraged ETNs due February 17, 2045",1
BNKK,Bonk,0
BNKU,"MicroSectors U.S. Big Banks 3 Leveraged ETNs due February 17, 2045",1
BNL,Broadstone Net Lease,0
BNMC,Corgi BMNR 2x Daily ETF,1
BNO,,1
BNOV,Innovator U.S. Equity Buffer ETF - November,1
BNR,Burning Rock Biotech,0
BNRG,Brenmiller Energy,0
BNS,Bank Nova Scotia Halifax Pfd 3,0
BNT,Brookfield Wealth Solutions Ltd. Class A Exchangeable Limited Voting Shares,0
BNTC,Benitec Biopharma,0
BNTX,BioNTech,0
BNY,The Bank of New York Mellon,0
BNZI,Banzai International,0
BNZIW,Banzai International,0
BOAT,SonicShares Global Shipping ETF,1
BOBP,CORE16 Best of Breed Premier Index ETF,1
BOBS,Bob's Discount Furniture,0
BOC,Boston Omaha,0
BOCT,Innovator U.S. Equity Buffer ETF - October,1
BODI,The Beachbody,0
BOE,Blackrock Enhanced Global Dividend Trust,0
BOEG,Leverage Shares 2X Long BA Daily ETF,1
BOEU,Direxion Daily BA Bull 2X ETF,1
BOF,BranchOut Food,0
BOH,Bank of Hawaii,0
BOIL,ProShares Ultra Bloomberg Natural Gas,1
BOKF,BOK Financial,0
BOLD,Boundless Bio,0
BOLT,Bolt Biotherapeutics,0
BON,Bon Natural Life,0
BOND,PIMCO Active Bond Exchange-Traded Fund Exchange-Traded Fund,1
BOOM,DMC Global,0
BOOT,Boot Barn,0
BORR,Borr Drilling,0
BOSC,B.O.S. Better Online Solutions,0
BOT,RoboStrategy,0
BOTJ,Bank of the James Financial,0
BOTT,Themes Humanoid Robotics ETF,1
BOTZ,Global X Robotics & Artificial Intelligence ETF,1
BOUT,CapForce IBD Breakout Opport,1
BOW,Bowhead Specialty,0
BOX,Box,0
BOXA,Alpha Architect Aggregate Bond ETF,1
BOXL,Boxlight,0
BOXX,Alpha Architect 1-3 Month Box ETF,1
BP,,0
BPAC,Blueport Acquisition,0
BPACR,Blueport Acquisition,0
BPACU,Blueport Acquisition,0
BPAY,iShares FinTech Active ETF,1
BPH,BP plc ADRhedged,1
BPI,Grayscale Bitcoin Premium Income ETF,1
BPOP,Popular,0
BPOPM,"Popular, Inc. - Popular Capital Trust II - 6.125% Cumulative Monthly Income Trust Preferred Securities",0
BPRE,Bluerock Private Real Estate Fund,0
BPRN,Princeton Bancorp,0
BPRO,Bitwise Proficio Currency Debasement ETF,1
BPYPM,Brookfield Property Partners L.P. - 6.25% Class A Cumulative Redeemable Preferred,0
BPYPN,Brookfield Property Partners L.P. - 5.750% Class A Cumulative Redeemable Perpetual Preferred,0
BPYPO,Brookfield Property Partners L.P. - 6.375% Class A Cumulative Redeemable Perpetual Preferred,0
BPYPP,Brookfield Property Partners L.P. - 6.50% Class A Cumulative Redeemable Perpetual Preferred,0
BQ,Boqii,0
BR,Broadridge Financial Solutions,0
BRAG,Bragg Gaming,0
BRAI,Braiin,0
BRAZ,Global X Brazil Active ETF,1
BRBI,BRBI BR Partners S.A. - ADSs,0
BRBR,BellRing Brands,0
BRBS,Blue Ridge Bankshares,0
BRC,Brady,0
BRCB,Black Rock Coffee Bar,0
BRCC,BRC,0
BRCE,MFS Blended Research Core Equity ETF,1
BREE,MFS Blended Research Emerging Markets Equity ETF,1
BREM,iShares Emerging Markets Bond Active ETF,1
BRES,Burney U.S. Equity Select ETF,1
BREW,Corgi Coffee & Energy Drinks ETF,1
BREZ,Breeze Acquisition Corp. II,0
BREZR,Breeze Acquisition Corp. II,0
BRF,VanEck Brazil Small-Cap ETF,1
BRFH,Barfresh Food,0
BRHY,iShares High Yield Active ETF,1
BRIA,BrilliA,0
BRIB,FIS B,1
BRID,Bridgford Foods,0
BRIE,MFS Blended Research International Equity ETF,1
BRIF,FIS B,1
BRKC,YieldMax BRK.B Option Income Strategy ETF,1
BRKH,Burtech Acquisition Corp II,0
BRKHU,Burtech Acquisition Corp II,0
BRKHW,Burtech Acquisition Corp II,0
BRKL,Corgi BRKB 2x Daily ETF,1
BRKR,Bruker,0
BRKRP,Bruker Corporation - 6.375% Mandatory Convertible,0
BRKU,Direxion Daily BRKB Bull 2X ETF,1
BRKW,Roundhill BRKB WeeklyPay ETF,1
BRLN,iShares Floating Rate Loan Active ETF,1
BRLS,Borealis Foods,0
BRLSW,Borealis Foods,0
BRLT,Brilliant Earth,0
BRN,Barnwell Industries,0
BRNS,Barinthus Biotherapeutics,0
BRNY,Burney U.S. Factor Rotation ETF,1
BRO,Brown & Brown,0
BROL,Baron Risk Optimized Large Cap ETF,1
BROS,Dutch Bros,0
BRR,ProCap Financial,0
BRRR,Coinshares Bitcoin ETF,1
BRRWW,ProCap Financial,0
BRSL,,0
BRSM,MFS Blended Research Small-Mid Cap ETF,1
BRSP,,0
BRSV,EA Bridgeway Select Small-Cap Value ETF,1
BRT,BRT Apartments Corp. (MD),0
BRTMU,B&R Technology Merger,0
BRTR,iShares Total Return Active ETF,1
BRTX,BioRestorative Therapies,0
BRUN,Boost Run,0
BRUNW,Boost Run,0
BRW,Saba Capital Income & Opport,0
BRX,Brixmor Property,0
BRZE,Braze,0
BRZU,Direxion Daily Brazil Bull 2X ETF,1
BRZX,Corgi Brazil 2x Daily ETF,1
BSAA,BEST SPAC I Acquisition,0
BSAAR,BEST SPAC I Acquisition,0
BSAAU,BEST SPAC I Acquisition,0
BSAC,Banco Santander - Chile ADS,0
BSBK,Bogota Financial,0
BSBR,Banco Santander Brasil,0
BSCA,Invesco BulletShares 2036 Corporate Bond ETF,1
BSCQ,Invesco BulletShares 2026 Corporate Bond ETF,1
BSCR,Invesco BulletShares 2027 Corporate Bond ETF,1
BSCS,Invesco BulletShares 2028 Corporate Bond ETF,1
BSCT,Invesco BulletShares 2029 Corporate Bond ETF,1
BSCU,Invesco BulletShares 2030 Corporate Bond ETF,1
BSCV,Invesco BulletShares 2031 Corporate Bond ETF,1
BSCW,Invesco BulletShares 2032 Corporate Bond ETF,1
BSCX,Invesco BulletShares 2033 Corporate Bond ETF,1
BSCY,Invesco BulletShares 2034 Corporate Bond ETF,1
BSCZ,Invesco BulletShares 2035 Corporate Bond ETF,1
BSEP,Innovator U.S. Equity Buffer ETF - September,1
BSET,Bassett Furniture Industries,0
BSGR,Invesco BulletShares 2027 Treasury Bond ETF,1
BSGT,Invesco BulletShares 2029 Treasury Bond ETF,1
BSIN,Big Sky Industrial,0
BSJQ,Invesco BulletShares 2026 High Yield Corporate Bond ETF,1
BSJR,Invesco BulletShares 2027 High Yield Corporate Bond ETF,1
BSJS,Invesco BulletShares 2028 High Yield Corporate Bond ETF,1
BSJT,Invesco BulletShares 2029 High Yield Corporate Bond ETF,1
BSJU,Invesco BulletShares 2030 High Yield Corporate Bond ETF,1
BSJV,Invesco BulletShares 2031 High Yield Corporate Bond ETF,1
BSJW,Invesco BulletShares 2032 High Yield Corporate Bond ETF,1
BSJX,Invesco BulletShares 2033 High Yield Corporate Bond ETF,1
BSJY,Invesco BulletShares 2034 High Yield Corporate Bond ETF,1
BSL,Blackstone Senior Floating Rate 2027 Term Fund,0
BSM,"Black Stone Minerals, L.P. Common",0
BSMC,Brandes U.S. Small-Mid Cap Value ETF,1
BSMQ,Invesco BulletShares 2026 Municipal Bond ETF,1
BSMR,Invesco BulletShares 2027 Municipal Bond ETF,1
BSMS,Invesco BulletShares 2028 Municipal Bond ETF,1
BSMT,Invesco BulletShares 2029 Municipal Bond ETF,1
BSMU,Invesco BulletShares 2030 Municipal Bond ETF,1
BSMV,Invesco BulletShares 2031 Municipal Bond ETF,1
BSMW,Invesco BulletShares 2032 Municipal Bond ETF,1
BSMY,Invesco BulletShares 2034 Municipal Bond ETF,1
BSMZ,Invesco BulletShares 2035 Municipal Bond ETF,1
BSOL,Bitwise Solana Staking ETF,1
BSP,Bending Spoons S.p.A,0
BSR,Beacon Unified Catalyst ETF,1
BSRR,Sierra Bancorp,0
BSSX,Invesco BulletShares 2033 Municipal Bond ETF,1
BST,BlackRock Science and Technology Trust,0
BSTP,Innovator Buffer Step-Up Strategy ETF,1
BSTS,Invesco BulletShares 2028 Treasury Bond ETF,1
BSTU,Invesco BulletShares 2030 Treasury Bond ETF,1
BSTV,Invesco BulletShares 2031 Treasury Bond ETF,1
BSTZ,BlackRock Science and Technology Term Trust,0
BSV,Vanguard Short-Term Bond ETF,1
BSVN,Bank7,0
BSVO,EA Bridgeway Omni Small-Cap Value ETF,1
BSX,Boston Scientific,0
BSY,Bentley Systems,0
BTAI,BioXcel Therapeutics,0
BTAL,AGF U.S. Market Neutral Anti-Beta Fund,1
BTBD,BT Brands,0
BTBDW,BT Brands,0
BTBT,Bit Digital,0
BTC,Grayscale Bitcoin Mini Trust (BTC),1
BTCC,Grayscale Bitcoin Covered Call ETF,1
BTCI,NEOS Bitcoin High Income ETF,1
BTCK,7RCC Spot Bitcoin and Carbon Credit Futures ETF,1
BTCL,T-Rex 2X Long Bitcoin Daily Target ETF,1
BTCO,Invesco Galaxy Bitcoin ETF,1
BTCS,BTCS,0
BTCT,BTC Digital,0
BTCU,Direxion Daily Bitcoin Bull 2X ETF,1
BTCW,WisdomTree Bitcoin Fund,1
BTCZ,T-Rex 2X Inverse Bitcoin Daily Target ETF,1
BTDL,GraniteShares 2x Long BTDR Daily ETF,1
BTDR,Bitdeer Technologies,0
BTE,Baytex Energy,0
BTF,CoinShares Bitcoin and Ether ETF,1
BTG,B2Gold,0
BTGD,STKd 100% Bitcoin & 100% Gold ETF,1
BTGO,BitGo,0
BTI,"British American Tobacco Industries, p.l.c",0
BTMD,Biote,0
BTO,John Hancock Financial Opport,0
BTOC,Armlogi,0
BTOG,Bit Origin,0
BTOT,iShares Total USD Fixed Income Market ETF,1
BTQ,BTQ Technologies,0
BTR,Beacon Tactical Risk ETF,1
BTRN,Global X Bitcoin Trend Strategy ETF,1
BTSG,,0
BTSGU,,0
BTT,BlackRock Municipal 2030 Target Term Trust,0
BTTC,Black Titan,0
BTU,Peabody Energy,0
BTX,BlackRock Technology and Private Equity Term Trust,0
BTZ,BlackRock Credit Allocation Income Trust,0
BUCK,Simplify Treasury Option Income ETF,1
BUD,Anheuser-Busch Inbev SA Sponsored ADR (Belgium),0
BUDA,Buda Juice,0
BUFB,Innovator Laddered Allocation Buffer ETF,1
BUFC,AB Conservative Buffer ETF,1
BUFD,FT Vest Laddered Deep Buffer ETF,1
BUFE,FT Vest Laddered Emerging Markets Buffer ETF,1
BUFF,Innovator Laddered Allocation Power Buffer ETF,1
BUFG,FT Vest Buffered Allocation Growth ETF,1
BUFH,FT Vest Laddered Max Buffer ETF,1
BUFI,AB International Buffer ETF,1
BUFM,AB Moderate Buffer ETF,1
BUFP,PGIM Laddered S&P 500 Buffer 12 ETF,1
BUFQ,FT Vest Laddered Nasdaq Buffer ETF,1
BUFR,FT Vest Laddered Buffer ETF,1
BUFS,FT Vest Laddered Small Cap Moderate Buffer ETF,1
BUFT,FT Vest Buffered Allocation Defensive ETF,1
BUFX,FT Vest Laddered Enhance & Moderate Buffer ETF,1
BUFY,FT Vest Laddered International Moderate Buffer ETF,1
BUFZ,FT Vest Laddered Moderate Buffer ETF,1
BUG,Global X Cybersecurity ETF,1
BUI,"BlackRock Utility, Infrastructure & Power Opport",0
BUL,Pacer US Cash Cows Growth ETF,1
BULD,Pacer BlueStar Engineering the Future ETF,1
BULG,Leverage Shares 2X Long BULL Daily ETF,1
BULL,Webull,0
BULLW,Webull,0
BULZ,MicroSectors FANG & Innovation 3x Leveraged ETN,1
BUR,Burford Capital,0
BURL,Burlington Stores,0
BUSA,Brandes U.S. Value ETF,1
BUSE,First Busey,0
BUSEP,First Busey,0
BUSM,EA Bridgeway Ultra-Small Company Market ETF,1
BUUU,BUUU,0
BUXX,Strive Enhanced Income Short Maturity ETF,1
BUYB,ProShares S&P 500 Buyback Aristocrats ETF,1
BUYO,KraneShares Man Buyout Beta Index ETF,1
BUYW,Main BuyWrite ETF,1
BUYZ,Franklin Disruptive Commerce ETF,1
BUZZ,VanEck Social Sentiment ETF,1
BV,,0
BVAL,Bluemonte Large Cap Value ETF,1
BVC,BitVentures,0
BVFL,BV Financial,0
BVN,Buenaventura Mining,0
BVS,Bioventus,0
BW,Babcock & Wilcox Enterprises,0
BWA,BorgWarner,0
BWAY,BrainsWay,0
BWB,Bridgewater Bancshares,0
BWBBP,Bridgewater Bancshares,0
BWEN,Broadwind,0
BWET,Breakwave Tanker Shipping ETF,1
BWFG,Bankwell Financial,0
BWG,BrandywineGLOBAL Global Income Opport,0
BWIN,The Baldwin Insurance,0
BWIV,Blue Water Acquisition Corp. IV,0
BWLP,BW LPG,0
BWMN,Bowman Consulting,0
BWMX,"Betterware de Mexico, S.A.P.I. de C.V",0
BWNB,"Babcock & Wilcox Enterprises, Inc. 6.50% Senior",0
BWOW,Bitwise Dogecoin ETF,1
BWQG,BWM Quality Growth ETF,1
BWTG,Brendan Wood TopGun Index ETF,1
BWX,State Street SPDR Bloomberg International Treasury Bond ETF,1
BWXT,BWX Technologies,0
BWZ,State Street SPDR Bloomberg Short Term International Treasury Bond ETF,1
BX,Blackstone,0
BXBL,BOXABL,0
BXC,Bluelinx,0
BXDC,Blackstone Digital Infrastructure Trust,0
BXMT,Blackstone Mortgage Trust,0
BXP,BXP,0
BXSL,Blackstone Secured Lending Fund,0
BY,Byline Bancorp,0
BYAH,Park Ha Biological Technology,0
BYD,Boyd Gaming,0
BYFC,Broadway Financial,0
BYLD,iShares Yield Optimized Bond ETF,1
BYND,Beyond Meat,0
BYRE,Principal Real Estate Active Opport,1
BYRN,Byrna Technologies,0
BYSI,BeyondSpring,0
BZ,KANZHUN LIMITED - American Depository Shares,0
BZAI,Blaize,0
BZAIW,Blaize,0
BZFD,BuzzFeed,0
BZFDW,BuzzFeed,0
BZH,Beazer Homes USA,0
BZQ,ProShares UltraShort MSCI Brazil Capped,1
BZUN,Baozun,0
BZZ,Corgi Drones & Urban Air Mobility ETF,1
C,Citigroup,0
CAAA,First Trust AAA CMBS ETF,1
CAAP,Corporacion America Airports,0
CAAS,China Automotive Systems,0
CABA,Cabaletta Bio,0
CABO,Cable One,0
CABR,Caring Brands,0
CABZ,"Roundhill Robotaxi, Autonomous Vehicles & Technology ETF",1
CAC,Camden National,0
CACC,Credit Acceptance,0
CACI,CACI International,0
CADL,Candel Therapeutics,0
CAE,CAE,0
CAES,Cantor Equity Partners VII,0
CAF,Morgan Stanley China A Share Fund,0
CAFG,Pacer US Small Cap Cash Cows Growth Leaders ETF,1
CAFX,Congress Intermediate Bond ETF,1
CAG,ConAgra Brands,0
CAGE,Calamos Autocallable Growth ETF,1
CAH,Cardinal Health,0
CAI,Caris Life Sciences,0
CAIE,Calamos Autocallable Income ETF,1
CAII,Collective Acquisition Corp. II,0
CAIIU,Collective Acquisition Corp. II,0
CAIIW,Collective Acquisition Corp. II,0
CAIQ,Calamos Nasdaq Autocallable Income ETF,1
CAKE,The Cheesecake Factory,0
CAL,Caleres,0
CALC,CalciMedica,0
CALF,Pacer US Small Cap Cash Cows ETF,1
CALI,iShares Short-Term California Muni Active ETF,1
CALM,Cal-Maine Foods,0
CALX,Calix,0
CALY,Callaway Golf,0
CAM,AB California Intermediate Municipal ETF,1
CAMC,Corgi CAMT 2x Daily ETF,1
CAML,Congress Large Cap Growth ETF,1
CAMP,CAMP4 Therapeutics,0
CAMT,Camtek,0
CAMX,Cambiar Aggressive Value ETF,1
CAN,Canaan,0
CANC,Tema Oncology ETF,1
CANE,Teucrium Sugar Fund ETV,1
CANF,Can-Fite Biopharma,0
CANG,Cango,0
CANQ,Calamos Nasdaq Equity & Income ETF,1
CAOS,Alpha Architect Tail Risk ETF,1
CAPE,DoubleLine Shiller CAPE U.S. Equities ETF,1
CAPL,CrossAmerica Partners LP Common,0
CAPN,Cayson Acquisition,0
CAPNR,Cayson Acquisition,0
CAPNU,Cayson Acquisition,0
CAPR,Capricor Therapeutics,0
CAPS,Capstone,0
CAQ,Cambridge Acquisition,0
CAQUU,Cambridge Acquisition,0
CAQUW,Cambridge Acquisition,0
CAR,Avis Budget,0
CARD,MAX Auto Industry -3x Inverse Leveraged ETN,1
CARE,Carter Bankshares,0
CARG,CarGurus,0
CARK,CastleArk Large Growth ETF,1
CARL,Carlsmed,0
CARR,Carrier Global,0
CARS,Cars.com,0
CART,Maplebear,0
CARU,MAX Auto Industry 3x Leveraged ETN,1
CARX,Corgi CART 2x Daily ETF,1
CARY,Angel Oak Income ETF,1
CARZ,First Trust S-Network Future Vehicles & Technology ETF,1
CAS,Simplify China A Shares PLUS Income ETF,1
CASH,Pathward Financial,0
CASS,Cass Information Systems,0
CAST,FreeCast,0
CASY,Caseys General Stores,0
CAT,Caterpillar,0
CATF,American Century California Municipal Bond ETF,1
CATG,Leverage Shares 2X Long CAT Daily ETF,1
CATH,Global X S&P 500 Catholic Values ETF,1
CATLU,Catalyst Acquisition,0
CATO,Cato Corporation (The),0
CATX,Perspective Therapeutics,0
CATY,Cathay General Bancorp,0
CAVA,CAVA,0
CB,Chubb,0
CBAN,Colony Bankcorp,0
CBAT,CBAK Energy Technology,0
CBC,Central Bancompany,0
CBFV,CB Financial Services,0
CBIL,Corgi 3-12 Month T-Bill ETF,1
CBIO,Crescent Biopharma,0
CBK,Commercial Bancgroup,0
CBL,CBL & Associates Properties,0
CBLL,CeriBell,0
CBLS,Clough Hedged Equity ETF,1
CBNA,Chain Bridge Bancorp,0
CBNK,Capital Bancorp,0
CBOA,Calamos Bitcoin Structured Alt Protection ETF - April,1
CBOE,Cboe Global Markets,0
CBOJ,Calamos Bitcoin Structured Alt Protection ETF - January,1
CBOL,Calamos Laddered Bitcoin Structured Alt Protection ETF,1
CBON,VanEck China Bond ETF,1
CBOO,Calamos Bitcoin Structured Alt Protection ETF - October,1
CBOT,Corgi Robots & Humanoids ETF,1
CBOX,Calamos Tax-Aware Collateral ETF,1
CBOY,Calamos Bitcoin Structured Alt Protection ETF - July,1
CBRE,CBRE,0
CBRG,Leverage Shares 2X Long CBRS Daily ETF,1
CBRL,Cracker Barrel Old Country Store,0
CBRS,Cerebras Systems,0
CBRX,Tradr 2X Long CBRS Daily ETF,1
CBRZ,Tradr 2X Short CBRS Daily ETF,1
CBSE,Clough Select Equity ETF,1
CBSH,Commerce Bancshares,0
CBT,Cabot,0
CBTA,Calamos Bitcoin 80 Series Structured Alt Protection ETF - April,1
CBTJ,Calamos Bitcoin 80 Series Structured Alt Protection ETF - January,1
CBTL,Calamos Laddered Bitcoin 80 Series Structured Alt Protection ETF,1
CBTO,Calamos Bitcoin 80 Series Structured Alt Protection ETF - October,1
CBTY,Calamos Bitcoin 80 Series Structured Alt Protection ETF - July,1
CBU,Comm,0
CBUS,Cibus,0
CBXA,Calamos Bitcoin 90 Series Structured Alt Protection ETF - April,1
CBXJ,Calamos Bitcoin 90 Series Structured Alt Protection ETF - January,1
CBXL,Calamos Laddered Bitcoin 90 Series Structured Alt Protection ETF,1
CBXO,Calamos Bitcoin 90 Series Structured Alt Protection ETF - October,1
CBXY,Calamos Bitcoin 90 Series Structured Alt Protection ETF - July,1
CBZ,CBIZ,0
CC,Chemours Company (The),0
CCAP,Crescent Capital BDC,0
CCAQ,Collective Acquisition,0
CCAQU,Collective Acquisition,0
CCAQW,Collective Acquisition,0
CCB,Coastal Financial,0
CCBG,Capital City Bank,0
CCC,CCC Intelligent Solutions,0
CCCC,C4 Therapeutics,0
CCCT,Columbus Circle Capital Corp III,0
CCCTU,Columbus Circle Capital Corp III,0
CCCTW,Columbus Circle Capital Corp III,0
CCD,Calamos Dynamic Convertible & Income Fund - Closed End Fund,0
CCEC,Capital Clean Energy Carriers,0
CCEF,Calamos CEF Income & Arbitrage ETF,1
CCEL,Cryo-Cell International,0
CCEP,Coca-Cola Europacific Partners,0
CCFE,Concourse Capital Focused Equity ETF,1
CCG,Cheche,0
CCGWW,Cheche,0
CCHH,CCH,0
CCI,Crown Castle,0
CCID,Carlyle Credit Income Fund 7.375% Series D Term Preferred Shares due 2028,0
CCIF,Carlyle Credit Income Fund Shares of,0
CCII,Cohen Circle Acquisition Corp. II,0
CCIIU,Cohen Circle Acquisition Corp. II,0
CCIIW,Cohen Circle Acquisition Corp. II,0
CCJ,Cameco,0
CCK,Crown,0
CCL,Carnival,0
CCLD,CareCloud,0
CCM,Concord Medical Services,0
CCNE,CNB Financial,0
CCNEP,CNB Financial,0
CCNR,ALPS/CoreCommodity Natural Resources ETF,1
CCO,Clear Channel Outdoor,0
CCOI,Cogent Communications,0
CCOM,Simplify Chinese Commodities Strategy No K-1 ETF,1
CCOR,Core Alternative ETF,1
CCPX,Corgi China 2x Daily ETF,1
CCRP,Columbia Corporate Bond ETF,1
CCS,Century Comm,0
CCSB,Carbon Collective Short Duration Green Bond ETF,1
CCSI,Consensus Cloud Solutions,0
CCSO,Carbon Collective Climate Solutions U.S. Equity ETF,1
CCTG,CCSC Technology International,0
CCU,"Compania Cervecerias Unidas, S.A",0
CCUP,T-REX 2X Long CRCL Daily Target ETF,1
CCXI,Churchill Capital Corp XI,0
CCXIU,Churchill Capital Corp XI,0
CCXIW,Churchill Capital Corp XI,0
CCZ,Comcast Holdings ZONES,0
CD,Chaince Digital Holdings Inc. - American,0
CDC,VictoryShares US EQ Income Enhanced Volatility Wtd ETF,1
CDE,Coeur Mining,0
CDEI,"Calvert US Large-Cap Diversity, Equity and Inclusion Index ETF",1
CDIG,City Different Investments Global Equity ETF,1
CDIO,Cardio Diagnostics,0
CDIOW,Cardio Diagnostics,0
CDL,VictoryShares US Large Cap High Div Volatility Wtd ETF,1
CDLR,Cadeler A/S,0
CDLX,Cardlytics,0
CDNA,CareDx,0
CDNG,Leverage Shares 2X Long CDNS Daily ETF,1
CDNL,Cardinal Infrastructure,0
CDNS,Cadence Design Systems,0
CDP,COPT Defense Properties,0
CDPI,Columbia High Dividend Premium Income ETF,1
CDRE,Cadre,0
CDRO,"Codere Online Luxembourg, S.A",0
CDROW,"Codere Online Luxembourg, S.A",0
CDT,CDT Equity,0
CDTG,CDT Environmental Technology Investment,0
CDTTW,CDT Equity,0
CDW,CDW,0
CDX,Simplify High Yield ETF,1
CDXS,Codexis,0
CDZI,Cadiz,0
CDZIP,Cadiz,0
CE,Celanese,0
CECO,CECO Environmental,0
CEE,"The Central and Eastern Europe Fund, Inc. (The)",0
CEF,Sprott Physical Gold and Silver Trust,1
CEFA,Global X S&P Catholic Values Developed ex-U.S. ETF,1
CEFD,ETRACS Monthly Pay 1.5X Leveraged Closed-End Fund Index ETN,1
CEFS,Saba Closed-End Funds ETF,1
CEFZ,RiverNorth Active Income ETF,1
CEG,Constellation Energy,0
CEGX,Tradr 2X Long CEG Daily ETF,1
CELC,Celcuity,0
CELH,Celsius,0
CELU,Celularity,0
CELZ,Creative Medical Technology,0
CEMB,iShares J.P. Morgan EM Corporate Bond ETF,1
CENN,Cenntro,0
CENT,Central Garden & Pet,0
CENTA,Central Garden & Pet,0
CENX,Century Aluminum,0
CEPF,Cantor Equity Partners IV,0
CEPI,REX Crypto Equity Premium Income ETF,1
CEPL,Capstone Energy Plus,0
CEPO,Cantor Equity Partners I,0
CEPS,Cantor Equity Partners VI,0
CEPU,Central Puerto S.A,0
CEPV,Cantor Equity Partners V,0
CERS,Cerus,0
CERT,Certara,0
CERY,State Street SPDR Bloomberg Enhanced Roll Yield Commodity Strategy No K-1 ETF,1
CET,Central Securities,0
CETX,Cemtrex,0
CETY,Clean Energy Technologies,0
CEV,Eaton Vance California Municipal Income Trust Shares of,0
CEVA,CEVA,0
CEW,WisdomTree Emerging Currency Strategy Fund,1
CF,CF Industries,0
CFA,VictoryShares US 500 Volatility Wtd ETF,1
CFBK,CF Bankshares,0
CFFI,C&F Financial,0
CFFN,Capitol Federal Financial,0
CFG,Citizens Financial,0
CFIT,Cambria Fixed Income Trend ETF,1
CFND,C1 Fund,0
CFO,VictoryShares US 500 Enhanced Volatility Wtd ETF,1
CFR,Cullen/Frost Bankers,0
CG,The Carlyle,0
CGABL,The Carlyle Group Inc. - 4.625% Subordinated,0
CGAU,Centerra Gold,0
CGBD,"Carlyle Secured Lending, Inc. - Closed End Fund",0
CGBL,Capital Group Core Balanced ETF,1
CGC,Canopy Growth,0
CGCB,Capital Group Core Bond ETF,1
CGCFU,Cartesian Growth Corporation IV,0
CGCP,Capital Group Core Plus Income ETF,1
CGCV,Capital Group Conservative Equity ETF,1
CGDG,Capital Group Dividend Growers ETF,1
CGDV,Capital Group Dividend Value ETF,1
CGEM,Cullinan Therapeutics,0
CGEN,Compugen,0
CGGE,Capital Group Global Equity ETF,1
CGGG,Capital Group U.S. Large Growth ETF,1
CGGO,Capital Group Global Growth Equity ETF,1
CGGR,Capital Group Growth ETF,1
CGHM,Capital Group Municipal High-Income ETF,1
CGHY,Capital Group High Yield Bond ETF,1
CGIB,Capital Group International Bond ETF (USD-Hedged),1
CGIC,Capital Group International Core Equity ETF,1
CGIE,Capital Group International Equity ETF,1
CGMM,Capital Group U.S. Small and Mid Cap ETF,1
CGMS,Capital Group U.S. Multi-Sector Income ETF,1
CGMU,Capital Group Municipal Income ETF,1
CGNG,Capital Group New Geography Equity ETF,1
CGNT,Cognyte Software,0
CGNX,Cognex,0
CGO,Calamos Global Total Return Fund - Closed End Fund,0
CGON,CG Oncology,0
CGOV,Corgi 0-3 Month T-Bill ETF,1
CGRO,CoreValues Alpha Greater China Growth ETF,1
CGSD,Capital Group Short Duration Income ETF,1
CGSM,Capital Group Short Duration Municipal Income ETF,1
CGTL,Creative Global Technology,0
CGTX,Cognition Therapeutics,0
CGUI,Capital Group Ultra Short Income ETF,1
CGUS,Capital Group Core Equity ETF,1
CGV,Conductor Global Equity Value ETF,1
CGVV,Capital Group U.S. Large Value ETF,1
CGW,Invesco S&P Global Water Index ETF,1
CGXU,Capital Group International Focus Equity ETF,1
CHA,Chagee,0
CHAI,Core AI,0
CHAR,Charlton Aria Acquisition,0
CHARR,Charlton Aria Acquisition,0
CHARU,Charlton Aria Acquisition,0
CHAT,Roundhill Generative AI & Technology ETF,1
CHAU,Direxion Daily CSI 300 China A Share Bull 2X ETF,1
CHCI,Comstock Holding Companies,0
CHCO,City,0
CHCT,Comm,0
CHD,Church & Dwight,0
CHDN,Churchill Downs,0
CHE,Chemed,0
CHEC,Chenghe Acquisition III,0
CHECU,Chenghe Acquisition III,0
CHECW,Chenghe Acquisition III,0
CHEF,The Chefs' Warehouse,0
CHGA,Change Agents,0
CHGG,Chegg,0
CHGX,Stance Sustainable Beta ETF,1
CHH,Choice Hotels International,0
CHI,Calamos Convertible Opport,0
CHIQ,Global X MSCI China Consumer Discretionary ETF,1
CHKP,Check Point Software Technologies,0
CHMG,Chemung Financial,0
CHMI,Cherry Hill Mortgage Investment,0
CHNL,Chainlink ETF,1
CHNR,China Natural Resources,0
CHNU,2x Chainlink ETF,1
CHOW,ChowChow Cloud International,0
CHPG,ChampionsGate Acquisition,0
CHPGR,ChampionsGate Acquisition,0
CHPGU,ChampionsGate Acquisition,0
CHPS,Xtrackers Semiconductor Select Equity ETF,1
CHPT,ChargePoint,0
CHPX,Global X AI Semiconductor & Quantum ETF,1
CHPY,YieldMax Semiconductor Portfolio Option Income ETF,1
CHR,Cheer,0
CHRD,Chord Energy,0
CHRI,Global X S&P 500 Christian Values ETF,1
CHRN,ChronoScale,0
CHRS,Coherus Oncology,0
CHRW,C.H. Robinson Worldwide,0
CHSCL,CHS Inc - Class B Cumulative Redeemable,0
CHSCM,CHS Inc - Class B Reset Rate Cumulative Redeemable,0
CHSCN,CHS Inc - Preferred Class B Series 2 Reset Rate,0
CHSCO,CHS Inc - Class B Cumulative Redeemable,0
CHSCP,CHS Inc - 8% Cumulative Redeemable,0
CHSN,Chanson International,0
CHT,Chunghwa Telecom,0
CHTR,Charter Communications,0
CHW,Calamos Global Dynamic Income Fund - Closed End Fund,0
CHWY,Chewy,0
CHY,Calamos Convertible and High Income Fund - Closed End Fund,0
CHYG,Corgi 0-5 Year High Yield Corporate Bond ETF,1
CHYM,Chime Financial,0
CI,The Cigna,0
CIA,Citizens,0
CIB,Grupo Cibest S.A,0
CIBR,First Trust NASDAQ Cybersecurity ETF,1
CICB,CION Investment Corporation 7.50%,0
CICC,CION Investment Corporation 7.50%,0
CIEG,Leverage Shares 2X Long CIEN Daily ETF,1
CIEI,Corgi 3-7 Year Treasury Bond ETF,1
CIEN,Ciena,0
CIEX,Tradr 2X Long CIEN Daily ETF,1
CIFC,Corgi CIFR 2x Daily ETF,1
CIFG,Leverage Shares 2X Long CIFR Daily ETF,1
CIFR,Cipher Digital,0
CIFU,T-REX 2X Long CIFR Daily Target ETF,1
CIG,Comp En De Mn Cemig ADS,0
CIGI,Colliers International Group Inc. - Subordinate Voting Shares,0
CIGL,Concorde International,0
CII,BlackRock Enhanced Large Cap Core Fund,0
CIIT,Tianci International,0
CIK,Credit Suisse Asset Management Income Fund,0
CIM,Chimera Investment,0
CIMN,Chimera Investment Corporation 9.000% Senior,0
CIMO,Chimera Investment Corporation 9.250% Senior,0
CIMP,Chimera Investment Corporation 8.875% Senior,0
CINF,Cincinnati Financial,0
CING,Cingulate,0
CINGW,Cingulate,0
CINT,,0
CION,CION Investment,0
CIR,Corgi CRCL 2x Daily ETF,1
CIRC,Circle8,0
CISO,CISO Global,0
CISS,,0
CITR,CitroTech,0
CIVB,Civista Bancshares,0
CIVG,Corgi 1-5 Year Investment Grade Corporate Bond ETF,1
CIX,CompX International,0
CJMB,Callan JMB,0
CJUL,Corgi U.S. Equities 15% Structured Buffer ETF - July Series,1
CJUN,Corgi U.S. Equities 15% Structured Buffer ETF - June Series,1
CKX,CKX Lands,0
CL,Colgate-Palmolive,0
CLAR,Clarus,0
CLB,Core Laboratories,0
CLBK,Columbia Financial,0
CLBR,Colombier Acquisition Corp. III,0
CLBT,Cellebrite DI,0
CLCG,Crossmark Large Cap Growth ETF,1
CLCV,Crossmark Large Cap Value ETF,1
CLDI,Calidi Biotherapeutics,0
CLDT,Chatham Lodging Trust (REIT),0
CLDX,Celldex Therapeutics,0
CLF,Cleveland-Cliffs,0
CLFD,Clearfield,0
CLGN,CollPlant Biotechnologies,0
CLH,Clean Harbors,0
CLIK,Click,0
CLIM,Climate Global - Climate Resilient REIT Index ETF,1
CLIP,Global X 1-3 Month T-Bill ETF,1
CLIR,ClearSign Technologies,0
CLIX,ProShares Long Online/Short Stores ETF,1
CLLS,Cellectis S.A,0
CLM,Cornerstone Strategic Investment Fund,0
CLMB,Climb Global Solutions,0
CLMT,Calumet,0
CLNE,Clean Energy Fuels,0
CLNK,,1
CLNN,Clene,0
CLOA,iShares AAA CLO Active ETF,1
CLOB,VanEck AA-BB CLO ETF,1
CLOC,AAM Crescent CLO ETF,1
CLOD,Themes Cloud Computing ETF,1
CLOI,VanEck CLO ETF,1
CLOO,NYLI Investment Grade CLO ETF,1
CLOU,Global X Cloud Computing ETF,1
CLOV,Clover Health Investments,0
CLOX,Eldridge AAA CLO ETF,1
CLOZ,Eldridge BBB-B CLO ETF,1
CLPR,Clipper Realty,0
CLPS,CLPS Incorporation,0
CLPT,ClearPoint Neuro,0
CLRB,Cellectar Biosciences,0
CLRO,ClearOne,0
CLS,Celestica,0
CLSE,Convergence Long/Short Equity ETF,1
CLSK,CleanSpark,0
CLSKW,CleanSpark,0
CLSM,ETC Cabana Target Leading Sector Moderate ETF,1
CLST,Catalyst Bancorp,0
CLSX,Tradr 2X Long CLSK Daily ETF,1
CLUB,Billionaires Club ETF,1
CLVT,Clarivate,0
CLW,Clearwater Paper,0
CLWT,Euro Tech,0
CLX,Clorox Company (The),0
CLYM,Climb Bio,0
CM,Canadian Imperial Bank of Commerce,0
CMAG,Corgi Mag 7 ETF,1
CMAY,Corgi U.S. Equities 15% Structured Buffer ETF - May Series,1
CMBO,Wayfinder Dynamic U.S. Interest Rate ETF,1
CMBS,iShares CMBS Bond ETF,1
CMBT,CMB.TECH,0
CMC,Commercial Metals,0
CMCI,VanEck CMCI Commodity Strategy ETF,1
CMCL,Caledonia Mining,0
CMCM,Cheetah Mobile,0
CMCO,Columbus McKinnon,0
CMCSA,Comcast,0
CMCT,Creative Media,0
CMDB,Costamare Bulkers,0
CMDT,PIMCO Commodity Strategy Active Exchange-Traded Fund,1
CMDY,iShares Bloomberg Roll Select Commodity Strategy ETF,1
CME,CME,0
CMF,iShares California Muni Bond ETF,1
CMG,Chipotle Mexican Grill,0
CMI,Cummins,0
CMII,Columbus Circle Capital Corp II,0
CMIIU,Columbus Circle Capital Corp II,0
CMIIW,Columbus Circle Capital Corp II,0
CMMB,Chemomab Therapeutics,0
CMND,Clearmind Medicine,0
CMP,Compass Minerals Intl,0
CMPR,Cimpress,0
CMPS,COMPASS Pathways Plc - American Depository Shares,0
CMPX,Compass Therapeutics,0
CMRC,Commerce.com,0
CMRE,Costamare,0
CMS,CMS Energy,0
CMSA,CMS Energy Corporation 5.625% Junior Subordinated,0
CMSC,CMS Energy Corporation 5.875% Junior Subordinated,0
CMSD,CMS Energy Corporation 5.875% Junior Subordinated,0
CMT,Core Molding Technologies,0
CMTG,Claros Mortgage Trust,0
CMTL,Comtech Telecommunications,0
CMTV,Comm,0
CNA,CNA Financial,0
CNAV,Mohr Company Nav ETF,1
CNBS,Amplify Seymour Cannabis ETF,1
CNC,Centene,0
CNCK,Coincheck Group N.V,0
CNCKW,Coincheck Group N.V,0
CNDT,Conduent,0
CNEQ,Alger Concentrated Equity ETF,1
CNET,ZW Data Action Technologies,0
CNEY,CN Energy,0
CNF,CNFinance,0
CNH,CNH Industrial N.V,0
CNI,Canadian National Railway,0
CNK,Cinemark Holdings Inc Cinemark,0
CNL,Collective Mining,0
CNM,Core & Main,0
CNMD,CONMED,0
CNNE,Cannae,0
CNO,CNO Financial,0
CNOB,ConnectOne Bancorp,0
CNOBP,ConnectOne Bancorp,0
CNP,"CenterPoint Energy, Inc (Holding Co)",0
CNQ,Canadian Natural Resources,0
CNQQ,Rayliant-ChinaAMC Transformative China Tech ETF,1
CNR,Core Natural Resources,0
CNRG,State Street SPDR S&P Kensho Clean Power ETF,1
CNS,Cohen & Steers,0
CNSP,CNS Pharmaceuticals,0
CNSY,Cerenome,0
CNTB,Connect Biopharma,0
CNTN,Canton Strategic,0
CNTX,Context Therapeutics,0
CNTY,Century Casinos,0
CNVS,Cineverse,0
CNX,CNX Resources,0
CNXC,Concentrix,0
CNXN,PC Connection,0
CNXT,VanEck ChiNext Innovators ETF,1
CNXU,Conexeu Sciences,0
CNYA,iShares MSCI China A ETF,1
COAG,Hemab Therapeutics,0
COAL,Range Global Coal Index ETF,1
COCH,Envoy Medical,0
COCHW,Envoy Medical,0
COCO,The Vita Coco,0
COCP,Cocrystal Pharma,0
CODA,Coda Octopus,0
CODI,D/B/A Compass Diversified Holdings Shares of,0
CODX,Co-Diagnostics,0
COE,51Talk Online Education,0
COF,Capital One Financial,0
COFS,ChoiceOne Financial Services,0
COGT,Cogent Biosciences,0
COHC,Corgi COHR 2x Daily ETF,1
COHH,Leverage Shares 2X Long COHR Daily ETF,1
COHN,Cohen &,0
COHR,Coherent,0
COHU,Cohu,0
COHX,Tradr 2X Long COHR Daily ETF,1
COIA,ProShares Ultra COIN,1
COIG,Leverage Shares 2X Long COIN Daily ETF,1
COIN,Coinbase Global,0
COIW,Roundhill COIN WeeklyPay ETF,1
COIX,Corgi COIN 2x Daily ETF,1
COKE,Coca-Cola Consolidated,0
COLA,Columbus Acquisition,0
COLAR,Columbus Acquisition,0
COLAU,Columbus Acquisition,0
COLB,Columbia Banking System,0
COLD,Americold Realty Trust,0
COLL,Collegium Pharmaceutical,0
COLM,Columbia Sportswear,0
COLO,Global X MSCI Colombia ETF,1
COM,Direxion Auspice Broad Commodity Strategy ETF,1
COMB,GraniteShares Bloomberg Commodity Broad Strategy No K-1 ETF,1
COMD,Global X Commodity Strategy ETF,1
COMP,Compass,0
COMT,iShares GSCI Commodity Dynamic Roll Strategy ETF,1
CON,Concentra Group Holdings Parent,0
CONI,GraniteShares 2x Short COIN Daily ETF,1
CONL,GraniteShares 2x Long COIN Daily ETF,1
CONX,Direxion Daily COIN Bull 2X ETF,1
CONY,YieldMax COIN Option Income Strategy ETF,1
COO,The Cooper Companies,0
COOK,Traeger,0
COOT,Australian Oilseeds,0
COOTW,Australian Oilseeds,0
COP,ConocoPhillips,0
COPA,Themes Copper Miners ETF,1
COPJ,Sprott Junior Copper Miners ETF,1
COPL,Copley Acquisition,0
COPP,Sprott Copper Miners ETF,1
COPR,Idaho Copper,0
COPX,Global X Copper Miners ETF,1
COPY,"Tweedy, Browne Insider + Value ETF",1
COPZ,Defiance Daily Target 2X Long Copper Miners ETF,1
COR,Cencora,0
CORB,AB Core Bond ETF,1
CORD,T-REX 2X Inverse CRWV Daily Target ETF,1
CORN,Teucrium Corn Fund ETV,1
CORO,iShares International Country Rotation Active ETF,1
CORP,PIMCO Investment Grade Corporate Bond Index Exchange-Traded Fund,1
CORT,Corcept Therapeutics,0
CORZ,Core Scientific,0
CORZW,"Core Scientific, Inc. - Tranche 1",0
CORZZ,"Core Scientific, Inc. - Tranche 2",0
COSM,Cosmos Health,0
COSO,CoastalSouth Bancshares,0
COST,Costco Wholesale,0
COSW,Roundhill COST WeeklyPay ETF,1
COTG,Leverage Shares 2X Long COST Daily ETF,1
COTY,Coty,0
COUR,Coursera,0
COWG,Pacer US Large Cap Cash Cows Growth Leaders ETF,1
COWS,Amplify Cash Flow Dividend Leaders ETF,1
COWZ,Pacer US Cash Cows 100 ETF,1
COYA,Coya Therapeutics,0
COYY,GraniteShares YieldBOOST COIN ETF,1
COZX,Tradr 2X Long CORZ Daily ETF,1
CP,Canadian Pacific Kansas City,0
CPA,"Copa Holdings, S.A",0
CPAC,Cementos Pacasmayo S.A.A,0
CPAG,F/m Compoundr U.S. Aggregate Bond ETF,1
CPAI,Counterpoint Quantitative Equity ETF,1
CPAY,Corpay,0
CPB,The Campbell's,0
CPBI,Central Plains Bancshares,0
CPER,,1
CPF,Central Pacific Financial Corp New,0
CPHC,Canterbury Park,0
CPHI,China Pharma,0
CPHY,F/m Compoundr High Yield Bond ETF,1
CPII,American Beacon Ionic Inflation Protection ETF,1
CPIX,Cumberland Pharmaceuticals,0
CPK,Chesapeake Utilities,0
CPLB,NYLI MacKay Core Plus Bond ETF,1
CPLS,AB Core Plus Bond ETF,1
CPNG,Coupang,0
CPNJ,Calamos Nasdaq - 100 Structured Alt Protection ETF -June,1
CPNM,Calamos Nasdaq-100 Structured Alt Protection ETF - March,1
CPNQ,Calamos Nasdaq-100 Structured Alt Protection ETF December,1
CPNS,Calamos Nasdaq-100 Structured Alt Protection ETF September,1
CPNX,Tradr 2X Long CPNG Daily ETF,1
CPOP,Pop Culture,0
CPRA,Calamos Russell 2000 Structured Alt Protection ETF - April,1
CPRI,Capri,0
CPRJ,Calamos Russell 2000 Structured Alt Protection ETF July,1
CPRO,Calamos Russell 2000 Structured Alt Protection ETF - October,1
CPRT,Copart,0
CPRY,Calamos Russell 2000 Structured Alt Protection ETF January,1
CPS,Cooper-Standard,0
CPSA,Calamos S&P 500 Structured Alt Protection ETF August,1
CPSD,Calamos S&P 500 Structured Alt Protection ETF December,1
CPSF,Calamos S&P 500 Structured Alt Protection ETF February,1
CPSH,CPS Technologies,0
CPSJ,Calamos S&P 500 Structured Alt Protection ETF July,1
CPSL,Calamos Laddered S&P 500 Structured Alt Protection ETF,1
CPSM,Calamos S&P 500 Structured Alt Protection ETF May,1
CPSN,Calamos S&P 500 Structured Alt Protection ETF November,1
CPSO,Calamos S&P 500 Structured Alt Protection ETF - October,1
CPSP,Calamos S&P 500 Structured Alt Protection ETF - April,1
CPSR,Calamos S&P 500 Structured Alt Protection ETF - March,1
CPSS,Consumer Portfolio Services,0
CPST,Calamos S&P 500 Structured Alt Protection ETF September,1
CPSU,Calamos S&P 500 Structured Alt Protection ETF June,1
CPSY,Calamos S&P 500 Structured Alt Protection ETF January,1
CPT,Camden Property Trust,0
CPTL,Global X Morningstar Capital Allocation Leaders ETF,1
CPXR,USCF Daily Target 2X Copper Index ETF,1
CPZ,Calamos Long/Short Equity & Dynamic Income Trust - Closed End Fund,0
CQP,"Cheniere Energy Partners, LP Common",0
CQQQ,Invesco China Technology ETF,1
CQTM,Corgi Quantum Computing ETF,1
CR,Crane,0
CRAC,Crown Reserve Acquisition Corp. I,0
CRACR,Crown Reserve Acquisition Corp. I,0
CRACU,Crown Reserve Acquisition Corp. I,0
CRACW,Crown Reserve Acquisition Corp. I,0
CRAI,CRA International,0
CRAK,VanEck Oil Refiners ETF,1
CRAN,Crane Harbor Acquisition Corp. II,0
CRANR,Crane Harbor Acquisition Corp. II,0
CRANU,Crane Harbor Acquisition Corp. II,0
CRAQ,Cal Redwood Acquisition,0
CRAQR,Cal Redwood Acquisition,0
CRAQU,Cal Redwood Acquisition,0
CRBD,Corebridge Financial Inc. 6.375% Junior Subordinated,0
CRBG,Corebridge Financial,0
CRBN,iShares Low Carbon Optimized MSCI ACWI ETF,1
CRBP,Corbus Pharmaceuticals,0
CRBU,Caribou Biosciences,0
CRC,California Resources,0
CRCA,ProShares Ultra CRCL,1
CRCD,T-REX 2X Inverse CRCL Daily Target ETF,1
CRCG,Leverage Shares 2X Long CRCL Daily ETF,1
CRCL,Circle Internet,0
CRCO,YieldMax CRCL Option Income Strategy ETF,1
CRCT,Cricut,0
CRD,Corgi CRDO 2x Daily ETF,1
CRDD,Cardano ETF,1
CRDF,Cardiff Oncology,0
CRDL,Cardiol Therapeutics,0
CRDO,Credo Technology,0
CRDT,Simplify Opportunistic Income ETF,1
CRDU,Tradr 2X Long CRDO Daily ETF,1
CRDX,2x Cardano ETF,1
CRE,Cre8 Enterprise,0
CRESY,Cresud S.A.C.I.F. y A,0
CREX,Creative Realities,0
CRF,"Cornerstone Total Return Fund, Inc. (The)",0
CRGO,Freightos,0
CRGOW,Freightos,0
CRGY,Crescent Energy,0
CRH,CRH,0
CRI,Carter's,0
CRIB,Russell Investments Global Real Estate ETF,1
CRIS,Curis,0
CRK,Comstock Resources,0
CRL,Charles River Laboratories International,0
CRM,Salesforce,0
CRMD,CorMedix,0
CRMG,Leverage Shares 2X Long CRM Daily ETF,1
CRML,Critical Metals,0
CRMLW,Critical Metals,0
CRMT,America's Car-Mart,0
CRMU,Leverage Shares 2x Long CRML Daily ETF,1
CRMX,Tradr 2X Long CRML Daily ETF,1
CRNC,Cerence,0
CRNT,Ceragon Networks,0
CRNX,Crinetics Pharmaceuticals,0
CRON,Cronos,0
CROX,Crocs,0
CRPT,First Trust SkyBridge Crypto Industry and Digital Economy ETF,1
CRS,Carpenter Technology,0
CRSH,YieldMax Short TSLA Option Income Strategy ETF,1
CRSP,CRISPR Therapeutics,0
CRSR,Corsair Gaming,0
CRT,Cross Timbers Royalty Trust,0
CRTC,Xtrackers US National Critical Technologies ETF,1
CRTO,Criteo S.A,0
CRUC,Corgi CRUS 2x Daily ETF,1
CRUS,Cirrus Logic,0
CRUX,Columbia Core Bond ETF,1
CRVL,CorVel,0
CRVO,CervoMed,0
CRVS,Corvus Pharmaceuticals,0
CRWC,Corgi CRWD 2x Daily ETF,1
CRWD,CrowdStrike,0
CRWG,Leverage Shares 2X Long CRWV Daily ETF,1
CRWL,GraniteShares 2x Long CRWD Daily ETF,1
CRWS,Crown Crafts,0
CRWU,T-REX 2X Long CRWV Daily Target ETF,1
CRWV,CoreWeave,0
CRWX,Corgi CRWV 2x Daily ETF,1
CRXP,Columbia Core Plus Bond ETF,1
CRY,GraniteShares YieldBOOST CRCL ETF,1
CSAI,Cloudastructure,0
CSAN,Cosan S.A. ADS,0
CSB,VictoryShares US Small Cap High Div Volatility Wtd ETF,1
CSBR,Champions Oncology,0
CSCL,Direxion Daily CSCO Bull 2X ETF,1
CSCO,Cisco Systems,0
CSCS,Direxion Daily CSCO Bear 1X ETF,1
CSD,Invesco S&P Spin-Off ETF,1
CSEN,Cohen & Steers Future of Energy Active ETF,1
CSEX,Tradr 2X Long CLS Daily ETF,1
CSGP,CoStar,0
CSHI,NEOS Enhanced Income 1-3 Month T-Bill ETF,1
CSHP,iShares Dynamic Short-Term Active ETF,1
CSHR,CoinShares,0
CSHRW,CoinShares,0
CSIO,Cohen & Steers Infrastructure Opport,1
CSIQ,Canadian Solar,0
CSL,Carlisle Companies,0
CSM,ProShares Large Cap Core Plus,1
CSMD,Congress SMid Growth ETF,1
CSNR,Cohen & Steers Natural Resources Active ETF,1
CSPF,Cohen & Steers Preferred and Income Opport,1
CSPI,CSP,0
CSQ,Calamos Strategic Total Return Fund - Closed End Fund,0
CSQR,Csquare,0
CSR,D/B/A Centerspace,0
CSRE,Cohen & Steers Real Estate Active ETF,1
CSSD,Cohen & Steers Short Duration Preferred and Income Active ETF,1
CSTE,Caesarstone,0
CSTK,Invesco Comstock Contrarian Equity ETF,1
CSTL,Castle Biosciences,0
CSTM,Constellium,0
CSV,Carriage Services,0
CSW,CSW Industrials,0
CSWC,Capital Southwest,0
CSX,CSX,0
CTA,Simplify Managed Futures Strategy ETF,1
CTAA,ClearThink 1 Acquisition,0
CTAAR,ClearThink 1 Acquisition,0
CTAAU,ClearThink 1 Acquisition,0
CTAP,Simplify US Equity PLUS Managed Futures Strategy ETF,1
CTAS,Cintas,0
CTBI,Comm,0
CTEC,Global X ClimateTech ETF,1
CTEF,Castellan Targeted Equity ETF,1
CTEV,Claritev,0
CTEX,ProShares S&P Kensho Cleantech ETF,1
CTGG,Qwest Corporation 6.500% Senior,0
CTGO,Contango Silver & Gold,0
CTHH,Qwest Corporation 6.750% Senior,0
CTIF,Castellan Targeted Income ETF,1
CTJL,Corgi U.S. Equities 30% Structured Buffer ETF - July Series,1
CTJN,Corgi U.S. Equities 30% Structured Buffer ETF - June Series,1
CTKB,Cytek Biosciences,0
CTM,Castellum,0
CTMA,Corgi U.S. Equities 30% Structured Buffer ETF - May Series,1
CTMX,CytomX Therapeutics,0
CTNM,Contineum Therapeutics,0
CTNT,Cheetah Net Supply Chain Service,0
CTO,CTO Realty Growth,0
CTOR,Citius Oncology,0
CTOS,Custom Truck One Source,0
CTRE,CareTrust REIT,0
CTRI,Centuri,0
CTRM,Castor Maritime,0
CTRN,Citi Trends,0
CTS,CTS,0
CTSH,Cognizant Technology Solutions,0
CTSO,Cytosorbents,0
CTVA,Corteva,0
CTW,CTW,0
CTWO,Common,1
CTXR,Citius Pharmaceuticals,0
CUB,Lionheart,0
CUBB,"Customers Bancorp, Inc 5.375% Subordinated",0
CUBE,CubeSmart,0
CUBI,Customers Bancorp,0
CUBWU,Lionheart,0
CUBWW,Lionheart,0
CUE,Cue Biopharma,0
CULP,Culp,0
CUPR,Cuprina Holdings (Cayman),0
CURB,Curbline Properties,0
CURE,Direxion Daily Healthcare Bull 3X ETF,1
CURI,CuriosityStream,0
CURR,Currenc,0
CURV,Torrid,0
CURX,Curanex Pharmaceuticals,0
CUST,Corgi 1-3 Year Treasury Bond ETF,1
CUT,Invesco MSCI Global Timber ETF,1
CUVL,Clinuvel Pharmaceuticals,0
CUZ,Cousins Properties,0
CV,CapsoVision,0
CVAR,Cultivar ETF,1
CVBF,CVB Financial,0
CVCO,Cavco Industries,0
CVE,Cenovus Energy,0
CVEO,Civeo Corporation (Canada),0
CVGD,CresAlta Global Dividend ETF,1
CVGI,Commercial Vehicle,0
CVI,CVR Energy,0
CVIE,Calvert International Responsible Index ETF,1
CVKD,Cadrenal Therapeutics,0
CVLC,Calvert US Large-Cap Core Responsible Index ETF,1
CVLG,Covenant Logistics,0
CVLT,Commvault Systems,0
CVM,Cel-Sci,0
CVMC,Calvert US Mid-Cap Core Responsible Index ETF,1
CVNA,Carvana,0
CVNY,YieldMax CVNA Option Income Strategy ETF,1
CVR,Chicago Rivet & Machine,0
CVRD,Madison Covered Call ETF,1
CVRT,Calamos Convertible Equity Alternative ETF,1
CVRX,CVRx,0
CVS,CVS Health,0
CVSA,Covista,0
CVSB,Calvert Ultra-Short Investment Grade ETF,1
CVSM,CresAlta Small and Mid-Cap ETF,1
CVU,CPI Aerostructures,0
CVV,CVD Equipment,0
CVX,Chevron,0
CVY,Invesco Zacks Multi-Asset Income ETF,1
CW,Curtiss-W,0
CWB,State Street SPDR Bloomberg Convertible Securities ETF,1
CWBC,Comm,0
CWCO,Consolidated Water,0
CWD,CaliberCos,0
CWEB,Direxion Daily CSI China Internet Index Bull 2X ETF,1
CWEN,Clearway Energy,0
CWH,Camping World,0
CWI,State Street SPDR MSCI ACWI ex-US ETF,1
CWK,Cushman & Wakefield,0
CWS,AdvisorShares Focused Equity ETF,1
CWST,Casella Waste Systems,0
CWT,California Water Service,0
CWVX,Tradr 2X Long CRWV Daily ETF,1
CWY,GraniteShares YieldBOOST CRWV ETF,1
CX,"Cemex, S.A.B. de C.V. Sponsored ADR",0
CXAI,CXApp,0
CXAIW,CXApp,0
CXDO,Crexendo,0
CXII,Churchill Capital Corp XII,0
CXIIU,Churchill Capital Corp XII,0
CXIIW,Churchill Capital Corp XII,0
CXM,Sprinklr,0
CXRN,Teucrium 2x Daily Corn ETF,1
CXSE,WisdomTree China ex-State-Owned Enterprises Fund,1
CXT,Crane NXT,0
CXW,CoreCivic,0
CYAB,Cyabra,0
CYCN,Cyclerion Therapeutics,0
CYCU,Cycurion,0
CYCUW,Cycurion,0
CYD,China Yuchai International,0
CYH,Comm,0
CYN,Cyngn,0
CYPH,Cypherpunk Technologies,0
CYRX,CryoPort,0
CYTK,Cytokinetics,0
CZA,Invesco Zacks Mid-Cap ETF,1
CZFS,Citizens Financial Services,0
CZNC,Citizens & Northern,0
CZR,Caesars Entertainment,0
CZWI,Citizens Comm,0
D,Dominion Energy,0
DAAQ,Digital Asset Acquisition,0
DAAQU,Digital Asset Acquisition,0
DAAQW,Digital Asset Acquisition,0
DABS,DoubleLine Asset-Backed Securities ETF,1
DAC,Danaos,0
DADS,Digital Asset Debt Strategy ETF,1
DAIC,CID HoldCo,0
DAICW,CID HoldCo,0
DAIO,Data I/O,0
DAK,Dakota Active Equity ETF,1
DAKT,Daktronics,0
DAL,Delta Air Lines,0
DALI,First Trust Dorsey W,1
DAMD,Defiance Daily Target 2X Short AMD ETF,1
DAN,Dana,0
DANA,Dana Limited Volatility ETF,1
DAO,Youdao,0
DAPP,VanEck Digital Transformation ETF,1
DAPR,FT Vest U.S. Equity Deep Buffer ETF - April,1
DAR,Darling Ingredients,0
DARE,Dare Bioscience,0
DARP,Grizzle Growth ETF,1
DASH,DoorDash,0
DAT,ProShares Big Data Refiners ETF,1
DAUG,FT Vest U.S. Equity Deep Buffer ETF - August,1
DAVA,Endava,0
DAVE,Dave,0
DAVEW,Dave,0
DAX,Global X DAX Germany ETF,1
DB,Deutsche Bank,0
DBA,Invesco DB Agriculture Fund,1
DBAW,Xtrackers MSCI All World ex US Hedged Equity ETF,1
DBB,Invesco DB Base Metals Fund,1
DBC,Invesco DB Commodity Index Tracking Fund,1
DBCA,D. Boral Acquisition I,0
DBCAU,D. Boral Acquisition I,0
DBCAW,D. Boral Acquisition I,0
DBD,Diebold Nixdorf,0
DBE,Invesco DB Energy Fund,1
DBEF,Xtrackers MSCI EAFE Hedged Equity ETF,1
DBEM,Xtrackers MSCI Emerging Markets Hedged Equity ETF,1
DBEU,Xtrackers MSCI Europe Hedged Equity ETF,1
DBEZ,Xtrackers MSCI Eurozone Hedged Equity ETF,1
DBGI,Digital Brands,0
DBI,Designer Brands,0
DBJP,Xtrackers MSCI Japan Hedged Equity ETF,1
DBL,DoubleLine Opportunistic Credit Fund,0
DBMF,iMGP DBi Managed Futures Strategy ETF,1
DBND,DoubleLine Opportunistic Core Bond ETF,1
DBO,Invesco DB Oil Fund,1
DBP,Invesco DB Precious Metals Fund,1
DBRG,DigitalBridge,0
DBVT,DBV Technologies S.A,0
DBX,Dropbox,0
DC,Dakota Gold,0
DCBG,"Dime Commercial Bancshares, Inc. 9.000% Junior Subordinated",0
DCBO,Docebo,0
DCGO,DocGo,0
DCH,Dauch,0
DCI,Donaldson,0
DCMT,DoubleLine Commodity Strategy ETF,1
DCO,Ducommun,0
DCOM,Dime Commercial Bancshares,0
DCOR,Dimensional US Core Equity 1 ETF,1
DCOY,Decoy Therapeutics,0
DCRE,DoubleLine Commercial Real Estate Debt ETF,1
DCTH,Delcath Systems,0
DCX,Digital Currency X Technology,0
DD,DuPont de Nemours,0
DDC,DDC Enterprise,0
DDD,3D Systems,0
DDDD,YieldMax U.S. Stocks Target Double Distribution ETF,1
DDEC,FT Vest U.S. Equity Deep Buffer ETF - December,1
DDFA,Innovator Equity Dual Directional 15 Buffer ETF - April,1
DDFD,Innovator Equity Dual Directional 15 Buffer ETF - December,1
DDFF,Innovator Equity Dual Directional 15 Buffer ETF - February,1
DDFG,Innovator Equity Dual Directional 15 Buffer ETF - August,1
DDFJ,Innovator Equity Dual Directional 15 Buffer ETF - January,1
DDFL,Innovator Equity Dual Directional 15 Buffer ETF - July,1
DDFM,Innovator Equity Dual Directional 15 Buffer ETF - March,1
DDFN,Innovator Equity Dual Directional 15 Buffer ETF - November,1
DDFO,Innovator Equity Dual Directional 15 Buffer ETF - October,1
DDFS,Innovator Equity Dual Directional 15 Buffer ETF - September,1
DDFY,Innovator Equity Dual Directional 15 Buffer ETF - May,1
DDFZ,Innovator Equity Dual Directional 15 Buffer ETF - June,1
DDI,"DoubleDown Interactive Co., Ltd. - American Depository Shares",0
DDIV,First Trust Dorsey W,1
DDL,Dingdong (Cayman),0
DDLS,WisdomTree Dynamic International SmallCap Equity Fund,1
DDM,ProShares Ultra Dow30,1
DDNQ,Innovator Growth-100 Dual Directional 5 Buffer ETF - Quarterly,1
DDOG,Datadog,0
DDS,Dillard's,0
DDSQ,Innovator Equity Dual Directional 5 Buffer ETF - Quarterly,1
DDT,Dillard's Capital Trust I,0
DDTA,Innovator Equity Dual Directional 10 Buffer ETF - April,1
DDTD,Innovator Equity Dual Directional 10 Buffer ETF - December,1
DDTF,Innovator Equity Dual Directional 10 Buffer ETF - February,1
DDTG,Innovator Equity Dual Directional 10 Buffer ETF - August,1
DDTJ,Innovator Equity Dual Directional 10 Buffer ETF - January,1
DDTL,Innovator Equity Dual Directional 10 Buffer ETF - July,1
DDTM,Innovator Equity Dual Directional 10 Buffer ETF - March,1
DDTN,Innovator Equity Dual Directional 10 Buffer ETF - November,1
DDTO,Innovator Equity Dual Directional 10 Buffer ETF - October,1
DDTS,Innovator Equity Dual Directional 10 Buffer ETF - September,1
DDTY,Innovator Equity Dual Directional 10 Buffer ETF - May,1
DDTZ,Innovator Equity Dual Directional 10 Buffer ETF - June,1
DDV,Defined Duration 5 ETF,1
DDWM,WisdomTree Dynamic International Equity Fund,1
DDX,Defined Duration 10 ETF,1
DDXX,Defined Duration 20 ETF,1
DE,Deere &,0
DEA,Easterly Government Properties,0
DEC,Diversified Energy,0
DECK,Deckers Outdoor,0
DECM,FT Vest U.S. Equity Max Buffer ETF - December,1
DECO,State Street Galaxy Digital Asset Ecosystem ETF,1
DECP,PGIM S&P 500 Buffer 12 ETF - December,1
DECT,AllianzIM U.S. Large Cap Buffer10 Dec ETF,1
DECU,AllianzIM U.S. Equity Buffer15 Uncapped Dec ETF,1
DECW,AllianzIM U.S. Large Cap Buffer20 Dec ETF,1
DECZ,TrueShares Structured Outcome (December) ETF,1
DEED,First Trust Securitized Plus ETF,1
DEEF,Xtrackers FTSE Developed ex US Multifactor ETF,1
DEEP,Acquirers Small and Micro Deep Value ETF,1
DEFI,Hashdex Bitcoin ETF,1
DEFR,Aptus Deferred Income ETF,1
DEFT,Defi Technologies,0
DEHP,Dimensional Emerging Markets High Profitability ETF,1
DEI,Douglas Emmett,0
DELL,Dell Technologies,0
DEM,WisdomTree Emerging Markets High Dividend Fund,1
DEMZ,Democratic Large Cap Core ETF,1
DEO,Diageo,0
DERM,Journey Medical,0
DES,WisdomTree U.S. SmallCap Dividend Fund,1
DESK,VanEck Office and Commercial REIT ETF,1
DETX,Liberty Defense,0
DEUS,Xtrackers Russell US Multifactor ETF,1
DEW,WisdomTree Global High Dividend Fund,1
DEXC,Dimensional Emerging Markets ex China Core Equity ETF,1
DFAC,Dimensional U.S. Core Equity 2 ETF,1
DFAE,Dimensional Emerging Core Equity Market ETF,1
DFAI,Dimensional International Core Equity Market ETF,1
DFAL,Dimensional US Large Cap Core Equity Market ETF,1
DFAR,Dimensional US Real Estate ETF,1
DFAS,Dimensional U.S. Small Cap ETF,1
DFAT,Dimensional U.S. Targeted Value ETF,1
DFAU,Dimensional US Core Equity Market ETF,1
DFAW,Dimensional World Equity ETF,1
DFAX,Dimensional World ex U.S. Core Equity 2 ETF,1
DFCA,Dimensional California Municipal Bond ETF,1
DFCF,Dimensional Core Fixed Income ETF,1
DFDV,DeFi Development,0
DFDVW,DeFi Development,0
DFE,WisdomTree Europe SmallCap Dividend Fund,1
DFEB,FT Vest U.S. Equity Deep Buffer ETF - February,1
DFEM,Dimensional Emerging Markets Core Equity 2 ETF,1
DFEN,Direxion Daily Aerospace & Defense Bull 3X ETF,1
DFEV,Dimensional Emerging Markets Value ETF,1
DFGP,Dimensional Global Core Plus Fixed Income ETF,1
DFGR,Dimensional Global Real Estate ETF,1
DFGX,Dimensional International Core Fixed Income ETF,1
DFH,Dream Finders Homes,0
DFIC,Dimensional International Core Equity 2 ETF,1
DFII,FT Vest Bitcoin Strategy & Target Income ETF,1
DFIN,Donnelley Financial Solutions,0
DFIP,Dimensional Inflation-Protected Securities ETF,1
DFIS,Dimensional International Small Cap ETF,1
DFIV,Dimensional International Value ETF,1
DFJ,WisdomTree Japan SmallCap Fund,1
DFLI,Dragonfly Energy,0
DFLIW,Dragonfly Energy,0
DFLV,Dimensional US Large Cap Value ETF,1
DFMC,U.S. Micro Cap Portfolio: ETF Class Shares,1
DFNL,Davis Select Financial ETF,1
DFNM,Dimensional National Municipal Bond ETF,1
DFNS,T3 Defense,0
DFNSW,T3 Defense,0
DFP,Flaherty & Crumrine Dynamic Preferred and Income Fund,0
DFSB,Dimensional Global Sustainability Fixed Income ETF,1
DFSC,DEFSEC Technologies,0
DFSCW,DEFSEC Technologies,0
DFSD,Dimensional Short-Duration Fixed Income ETF,1
DFSE,Dimensional Emerging Markets Sustainability Core 1 ETF,1
DFSI,Dimensional International Sustainability Core 1 ETF,1
DFSU,Dimensional US Sustainability Core 1 ETF,1
DFSV,Dimensional US Small Cap Value ETF,1
DFTT,DF Tactical 30 ETF,1
DFTX,Definium Therapeutics,0
DFUS,Dimensional U.S. Equity Market ETF,1
DFUV,Dimensional US Marketwide Value ETF,1
DFVE,DoubleLine Fortune 500 Equal Weight ETF,1
DFVX,Dimensional US Large Cap Vector ETF,1
DG,Dollar General,0
DGAC,Disciplined Growth Acquisition,0
DGAP,FT Vest U.S. Equity Buffer & Digital Return ETF - April,1
DGCB,Dimensional Global Credit ETF,1
DGICA,Donegal,0
DGICB,Donegal,0
DGII,Digi International,0
DGIN,VanEck Digital India ETF,1
DGJA,FT Vest U.S. Equity Buffer & Digital Return ETF - January,1
DGJL,FT Vest U.S. Equity Buffer & Digital Return ETF - July,1
DGLO,First Trust RBA Deglobalization ETF,1
DGNX,Diginex,0
DGOC,FT Vest U.S. Equity Buffer & Digital Return ETF - October,1
DGP,"DB Gold Double Long ETN due February 15, 2038",0
DGRE,WisdomTree Emerging Markets Quality Dividend Growth Fund,1
DGRO,iShares Core Dividend Growth ETF,1
DGRS,WisdomTree U.S. SmallCap Quality Dividend Growth Fund,1
DGRW,WisdomTree U.S. Quality Dividend Growth Fund,1
DGS,WisdomTree Emerging Market SmallCap Fund,1
DGT,State Street SPDR Global Dow ETF,1
DGX,Quest Diagnostics,0
DGXX,Digi Power X Inc. - Common Subordinate Voting Shares,0
DGZ,"DB Gold Short ETN due February 15, 2038",0
DH,Definitive Healthcare,0
DHC,Diversified Healthcare Trust,0
DHCNI,Diversified Healthcare Trust - 5.625% Senior,0
DHCNL,Diversified Healthcare Trust - 6.25% Senior,0
DHDG,FT Vest U.S. Equity Quarterly 2.5 to 15 Buffer ETF,1
DHF,BNY Mellon High Yield Strategies Fund,0
DHI,D.R. Horton,0
DHLX,Diamond Hill Large Cap Concentrated ETF,1
DHR,Danaher,0
DHS,WisdomTree U.S. High Dividend Fund,1
DHSB,Day Hagan Smart Buffer ETF,1
DHT,DHT,0
DHX,DHI,0
DHY,Credit Suisse High Yield Credit Fund,0
DIA,State Street SPDR Dow Jones Industrial Average ETF Trust,1
DIAL,Columbia Diversified Fixed Income Allocation ETF,1
DIBS,1stdibs.com,0
DIEM,Franklin Emerging Market Core Dividend Tilt Index ETF,1
DIG,ProShares Ultra Energy,1
DIHP,Dimensional International High Profitability ETF,1
DIM,WisdomTree International MidCap Dividend Fund,1
DIME,CoinShares Altcoins ETF,1
DIN,Dine Brands Global,0
DINE,Simplify Tax Aware Diversified Income Strategy ETF,1
DINO,HF Sinclair,0
DINT,Davis Select International ETF,1
DIOD,Diodes,0
DIPR,Corgi Space & Satellite Communications ETF,1
DIPS,YieldMax Short NVDA Option Income Strategy ETF,1
DIS,Walt Disney Company (The),0
DISK,Tema Memory ETF,1
DISV,Dimensional International Small Cap Value ETF,1
DIT,AMCON Distributing,0
DIV,Global X Super Dividend ETF,1
DIVB,iShares Core Dividend ETF,1
DIVD,Altrius Global Dividend ETF,1
DIVE,Dana Concentrated Dividend ETF,1
DIVG,Invesco S&P 500 High Dividend Growers ETF,1
DIVI,Franklin International Core Dividend Tilt Index ETF,1
DIVL,Madison Dividend Value ETF,1
DIVN,Horizon Dividend Income ETF,1
DIVO,Amplify CWP Enhanced Dividend Income ETF,1
DIVP,Cullen Enhanced Equity Income ETF,1
DIVS,Guinness Atkinson Dividend Builder ETF,1
DIVY,Sound Equity Dividend Income ETF,1
DIVZ,Polen Dividend Income ETF,1
DJAN,FT Vest U.S. Equity Deep Buffer ETF - January,1
DJCO,Daily Journal Corp. (S.C.),0
DJD,Invesco Dow Jones Industrial Average Dividend ETF,1
DJIA,Global X Dow 30 Covered Call ETF,1
DJP,iPath Bloomberg Commodity Index Total Return ETN,0
DJT,Trump Media & Technology,0
DJTU,T-REX 2X Long DJT Daily Target ETF,1
DJTWW,Trump Media & Technology,0
DJUL,FT Vest U.S. Equity Deep Buffer ETF - July,1
DJUN,FT Vest U.S. Equity Deep Buffer ETF - June,1
DK,Delek US,0
DKI,DarkIris,0
DKL,"Delek Logistics Partners, L.P. Common",0
DKNG,DraftKings,0
DKNX,Defiance Daily Target 2X Long DKNG ETF,1
DKS,Dick's Sporting Goods,0
DLAG,FT Vest U.S. Equity Dual Directional Buffer ETF - August,1
DLB,Dolby Laboratories,0
DLFE,FT Vest U.S. Equity Dual Directional Buffer ETF - February,1
DLHC,DLH,0
DLLL,GraniteShares 2x Long DELL Daily ETF,1
DLMY,FT Vest U.S. Equity Dual Directional Buffer ETF - May,1
DLN,WisdomTree U.S. LargeCap Dividend Fund,1
DLNG,Dynagas LNG Partners LP Common,0
DLNV,FT Vest U.S. Equity Dual Directional Buffer ETF - November,1
DLO,DLocal,0
DLPN,Dolphin Entertainment,0
DLR,Digital Realty Trust,0
DLS,WisdomTree International SmallCap Fund,1
DLTH,Duluth,0
DLTR,Dollar Tree,0
DLUX,DoubleLine Ultrashort Income ETF,1
DLX,Deluxe,0
DLXY,Delixy,0
DLY,DoubleLine Yield Opport,0
DMA,Destra Multi-Alternative Fund,0
DMAA,Drugs Made In America Acquisition,0
DMAAR,Drugs Made In America Acquisition,0
DMAAU,Drugs Made In America Acquisition,0
DMAC,DiaMedica Therapeutics,0
DMAR,FT Vest U.S. Equity Deep Buffer ETF - March,1
DMAX,iShares Large Cap Max Buffer Dec ETF,1
DMAY,FT Vest U.S. Equity Deep Buffer ETF - May,1
DMB,BNY Mellon Municipal Bond Infrastructure Fund,0
DMBS,DoubleLine Mortgage ETF,1
DMC,Del Monte,0
DMII,Drugs Made In America Acquisition II,0
DMIIR,Drugs Made In America Acquisition II,0
DMIIU,Drugs Made In America Acquisition II,0
DMLP,"Dorchester Minerals, L.P. - Common",0
DMO,Western Asset Mortgage Opport,0
DMRA,Damora Therapeutics,0
DMRC,Digimarc,0
DMX,DoubleLine Multi-Sector Income ETF,1
DMXF,iShares ESG Advanced MSCI EAFE ETF,1
DNA,Ginkgo Bioworks,0
DNL,WisdomTree Global ex-U.S. Quality Growth Fund,1
DNLI,Denali Therapeutics,0
DNMX,Dynamix Corporation III,0
DNMXU,Dynamix Corporation III,0
DNMXW,Dynamix Corporation III,0
DNN,Denison Mines,0
DNOV,FT Vest U.S. Equity Deep Buffer ETF - November,1
DNOW,DNOW,0
DNP,DNP Select Income Fund,0
DNTH,Dianthus Therapeutics,0
DNUT,Krispy Kreme,0
DOC,Healthpeak Properties,0
DOCK,"Corgi Ports, Rail & Freight ETF",1
DOCN,DigitalOcean,0
DOCS,Doximity,0
DOCT,FT Vest U.S. Equity Deep Buffer ETF - October,1
DOCU,DocuSign,0
DOG,ProShares Short Dow30,1
DOGG,FT Vest DJIA Dogs 10 Target Income ETF,1
DOGZ,Dogness (International),0
DOJE,REX-Osprey DOGE ETF,1
DOL,WisdomTree True Developed International Fund,1
DOLE,Dole,0
DOMH,Dominari,0
DOMO,Domo,0
DON,WisdomTree U.S. MidCap Dividend Fund,1
DOO,BRP Inc. - Common Subordinate Voting Shares,0
DORM,Dorman Products,0
DOUG,Douglas Elliman,0
DOV,Dover,0
DOW,Dow,0
DOX,Amdocs,0
DOYU,DouYu International,0
DPC,DPC,0
DPG,Duff & Phelps Utility and Infrastructure Fund,0
DPRE,Virtus Duff & Phelps Real Estate Income ETF,1
DPRO,Draganfly,0
DPST,Direxion Daily Regional Banks Bull 3X ETF,1
DPU,Top KingWin,0
DPZ,Domino's Pizza,0
DQ,DAQO New Energy,0
DQJN,FT Vest Nasdaq-100 Dual Directional Buffer ETF - June,1
DRAI,Draco Evolution AI ETF,1
DRAL,Defiance Daily Target 2X Long DRAM ETF,1
DRAM,Roundhill Memory ETF,1
DRAY,YieldMax DKNG Option Income Strategy ETF,1
DRCT,Direct Digital,0
DRD,DRDGOLD,0
DRDB,Roman DBDR Acquisition Corp. II,0
DRDBU,Roman DBDR Acquisition Corp. II,0
DRDBW,Roman DBDR Acquisition Corp. II,0
DRES,GMO Domestic Resilience ETF,1
DRGN,Themes China Generative Artificial Intelligence ETF,1
DRH,Diamondrock Hospitality,0
DRI,Darden Restaurants,0
DRIO,DarioHealth,0
DRIP,Direxion Daily S&P Oil & Gas Exp. & Prod. Bear 2X ETF,1
DRIV,Global X Autonomous & Electric Vehicles ETF,1
DRKY,VistaShares Target 15 DRUKMacro Distribution ETF,1
DRLL,Strive U.S. Energy ETF,1
DRMA,Dermata Therapeutics,0
DRMAW,Dermata Therapeutics,0
DRMP,Tuttle Capital Memory Stack Income Blast ETF,1
DRMY,XFUNDS Memory Income ETF,1
DRN,Direxion Daily Real Estate Bull 3X ETF,1
DRNL,Defiance 2X Daily Long Pure Drone and Aerial Automation ETF,1
DRNZ,REX Drone ETF,1
DRS,Leonardo DRS,0
DRSK,Aptus Defined Risk ETF,1
DRTS,Alpha Tau Medical,0
DRTSW,Alpha Tau Medical,0
DRUG,,0
DRUP,GraniteShares Nasdaq Select Disruptors ETF,1
DRV,Direxion Daily Real Estate Bear 3X ETF,1
DRVN,Driven Brands,0
DRVR,Amplify S&P 500 Dividend Drivers ETF,1
DSAC,Daedalus Special Acquisition,0
DSACU,Daedalus Special Acquisition,0
DSACW,Daedalus Special Acquisition,0
DSC,DSC,0
DSCO,DoubleLine Securitized Credit ETF,1
DSEP,FT Vest U.S. Equity Deep Buffer ETF - September,1
DSGN,Design Therapeutics,0
DSGR,Distribution Solutions,0
DSGX,The Descartes Systems,0
DSI,iShares ESG MSCI KLD 400 ETF,1
DSL,DoubleLine Income Solutions Fund,0
DSM,BNY Mellon Strategic Municipal Bond Fund,0
DSMC,Distillate Small/Mid Cash Flow ETF,1
DSP,Viant Technology,0
DSPY,Tema S&P 500 Historical Weight ETF Strategy,1
DSS,DSS,0
DSTL,Distillate U.S. Fundamental Stability & Value ETF,1
DSTX,Distillate International Fundamental Stability & Value ETF,1
DSU,Blackrock Debt Strategies Fund,0
DSWL,Deswell Industries,0
DSX,Diana Shipping,0
DSY,Big Tree Cloud,0
DSYWW,Big Tree Cloud,0
DT,Dynatrace,0
DTAN,Sparkline International Intangible Value ETF,1
DTB,DTE Energy Company 2020 Series G 4.375% Junior Subordinated Debentures due 2080,0
DTCR,Global X Data Center & Digital Infrastructure ETF,1
DTCX,Datacentrex,0
DTD,WisdomTree U.S. Total Dividend Fund,1
DTE,DTE Energy,0
DTEC,ALPS Disruptive Technologies ETF,1
DTF,DTF Tax-Free Income 2028 Term Fund,0
DTG,DTE Energy Company 2021 Series E 4.375% Junior Subordinated Debentures,0
DTH,WisdomTree International High Dividend Fund,1
DTI,Drilling Tools International,0
DTIL,Precision BioSciences,0
DTK,DTE Energy Company 2025 Series H 6.25% Junior Subordinated Debentures due 2085,0
DTM,DT Midstream,0
DTRE,First Trust Alerian Disruptive Technology Real Estate ETF,1
DTSQ,DT Cloud Star Acquisition,0
DTSQR,DT Cloud Star Acquisition,0
DTSQU,DT Cloud Star Acquisition,0
DTSS,Datasea Intelligent Technology,0
DTST,Data Storage,0
DTW,DTE Energy Company 2017 Series E 5.25% Junior Subordinated Debentures due 2077,0
DUBS,Aptus Large Cap Enhanced Yield ETF,1
DUG,ProShares UltraShort Energy,1
DUHP,Dimensional US High Profitability ETF,1
DUK,Duke Energy Corporation (Holding Company),0
DUKB,Duke Energy Corporation 5.625% Junior Subordinated Debentures due 2078,0
DUKH,Ocean Park High Income ETF,1
DUKQ,Ocean Park Domestic ETF,1
DUKR,DUKE Robotics,0
DUKRW,DUKE Robotics,0
DUKX,Ocean Park International ETF,1
DUKZ,Ocean Park Diversified Income ETF,1
DULL,"MicroSectors Gold -3X Inverse Leveraged ETNs due January 29, 2043",1
DUNK,Dana Unconstrained Equity ETF,1
DUO,Fangdd Network,0
DUOG,Leverage Shares 2X Long DUOL Daily ETF,1
DUOL,Duolingo,0
DUOT,Duos Technologies,0
DURA,VanEck Durable High Dividend ETF,1
DUSA,Davis Select U.S. Equity ETF,1
DUSB,Dimensional Ultrashort Fixed Income ETF,1
DUSG,U.S. Small Cap Growth Portfolio: ETF Class Shares,1
DUSL,Direxion Daily Industrials Bull 3X ETF,1
DUST,Direxion Daily Gold Miners Index Bear 2X ETF,1
DUTY,U.S. Defense ETF,1
DV,DoubleVerify,0
DVA,DaVita,0
DVAL,BrandywineGLOBAL-Dynamic US Large Cap Value ETF,1
DVDN,Kingsbarn Dividend Opport,1
DVGR,DAC 3D Dividend Growth ETF,1
DVIN,WEBs Industrials XLI Defined Volatility ETF,1
DVLT,Datavault AI,0
DVLU,First Trust Dorsey W,1
DVN,Devon Energy,0
DVND,Touchstone Dividend Select ETF,1
DVOL,First Trust Dorsey W,1
DVQQ,WEBs QQQ Defined Volatility ETF,1
DVRE,WEBs Real Estate XLRE Defined Volatility ETF,1
DVSP,WEBs SPY Defined Volatility ETF,1
DVUT,WEBs Utilities XLU Defined Volatility ETF,1
DVVY,Invesco Diversified Dividend Opport,1
DVXB,WEBs Materials XLB Defined Volatility ETF,1
DVXC,WEBs Communication Services XLC Defined Volatility ETF,1
DVXE,WEBs Energy XLE Defined Volatility ETF,1
DVXF,WEBs Financial XLF Defined Volatility ETF,1
DVXK,WEBs Technology XLK Defined Volatility ETF,1
DVXP,WEBs Consumer Staples XLP Defined Volatility ETF,1
DVXV,WEBs Health Care XLV Defined Volatility ETF,1
DVXY,WEBs Consumer Discretionary XLY Defined Volatility ETF,1
DVY,iShares Select Dividend ETF,1
DVYA,iShares Asia / Pacific Dividend 30 Index Fund Exchange Traded Fund,1
DVYE,iShares Emerging Markets Dividend Index Fund Exchange Traded Fund,1
DWAS,Invesco Dorsey W,1
DWAW,AdvisorShares Dorsey W,1
DWLD,Davis Select Worldwide ETF,1
DWM,WisdomTree International Equity Fund,1
DWMF,WisdomTree International Multifactor Fund,1
DWSH,AdvisorShares Dorsey W,1
DWSN,Dawson Geophysical,0
DWTX,Dogwood Therapeutics,0
DWUS,AdvisorShares Dorsey W,1
DWWN,Principal Long Duration ETF,1
DWX,State Street SPDR S&P International Dividend ETF,1
DX,Dynex Capital,0
DXC,DXC Technology,0
DXCM,DexCom,0
DXD,ProShares UltraShort Dow30,1
DXF,Eason Technology,0
DXIV,Dimensional International Vector Equity ETF,1
DXJ,WisdomTree Japan Hedged Equity Fund,1
DXLG,Destination XL,0
DXPE,DXP Enterprises,0
DXR,Daxor Corporation - Closed End Fund,0
DXST,Decent,0
DXUV,Dimensional US Vector Equity ETF,1
DXYZ,Destiny Tech100,0
DY,Dycom Industries,0
DYAI,Dyadic International,0
DYFI,IDX Dynamic Fixed Income ETF,1
DYLD,LeaderShares Dynamic Yield ETF,1
DYLG,Global X Dow 30 Covered Call & Growth ETF,1
DYN,Dyne Therapeutics,0
DYNB,Hartford Dynamic Bond ETF,1
DYNC,Dynamix,0
DYNCU,Dynamix,0
DYNCW,Dynamix,0
DYNF,iShares U.S. Equity Factor Rotation Active ETF,1
DYOR,Insight Digital Partners II,0
DYORU,Insight Digital Partners II,0
DYORW,Insight Digital Partners II,0
DYTA,SGI Dynamic Tactical ETF,1
DZZ,"DB Gold Double Short ETN due February 15, 2038",0
E,ENI S.p.A,0
EA,Electronic Arts,0
EAD,Allspring Income Opport,0
EAF,GrafTech International,0
EAFG,Pacer Developed Markets Cash Cows Growth Leaders ETF,1
EAGG,iShares ESG Aware U.S. Aggregate Bond ETF,1
EAGL,Eagle Capital Select Equity ETF,1
EAI,"Entergy Arkansas, LLC First Mortgage Bonds, 4.875% Series Due September 1, 2066",0
EALT,Innovator U.S. Equity 5 to 15 Buffer ETF - Quarterly,1
EAOA,iShares ESG Aware 80/20 Aggressive Allocation ETF,1
EAOK,iShares ESG Aware 30/70 Conservative Allocation ETF,1
EAOM,iShares ESG Aware 40/60 Moderate Allocation ETF,1
EAOR,iShares ESG Aware 60/40 Balanced Allocation ETF,1
EAPR,Innovator Emerging Markets Power Buffer ETF April,1
EARN,Ellington Credit,0
EART,Global X Rare Earth & Critical Materials ETF,1
EASG,Xtrackers MSCI EAFE Selection Equity ETF,1
EASY,Liberty One Defensive Dividend Growth ETF,1
EAT,Brinker International,0
EBAY,eBay,0
EBC,Eastern Bankshares,0
EBF,Ennis,0
EBI,Longview Advantage ETF,1
EBIT,Harbor AlphaEdge Small Cap Earners ETF,1
EBIZ,Global X E-commerce ETF,1
EBMT,Eagle Bancorp Montana,0
EBND,State Street SPDR Bloomberg Emerging Markets Local Bond ETF,1
EBON,Ebang International,0
EBS,Emergent BioSolutions,0
EBUF,Innovator Emerging Markets 10 Buffer ETF - Quarterly,1
EC,Ecopetrol S.A,0
ECAT,BlackRock ESG Capital Allocation Term Trust,0
ECBK,ECB Bancorp,0
ECC,Eagle Point Credit,0
ECCC,Eagle Point Credit Company 6.50% Series C Term,0
ECCU,Eagle Point Credit Company 7.75%,0
ECCV,Eagle Point Credit Company 5.375%,0
ECF,Ellsworth Growth and Income Fund,0
ECG,Everus Construction,0
ECH,iShares MSCI Chile ETF,1
ECHO,EchoStar,0
ECHX,Leverage Shares 2X Long ECHO Daily ETF,1
ECL,Ecolab,0
ECML,Euclidean Fundamental Value ETF,1
ECNS,iShares MSCI China Small-Cap ETF,1
ECO,Okeanis Eco Tankers,0
ECON,Columbia Research Enhanced Emerging Economies ETF,1
ECOR,electroCore,0
ECOW,Pacer Emerging Markets Cash Cows 100 ETF,1
ECPG,Encore Capital,0
ECVT,Ecovyst,0
ECX,ECARX,0
ECXWW,ECARX,0
ED,Consolidated Edison,0
EDBL,Edible Garden,0
EDBLW,Edible Garden,0
EDC,Direxion Emerging Markets Bull 3X ETF,1
EDD,Morgan Stanley Emerging Markets Domestic Debt Fund,0
EDEN,iShares MSCI Denmark ETF,1
EDF,Virtus Stone Harbor Emerging Markets Income Fund,0
EDGE,MRBL Enhanced Equity ETF,1
EDGF,3EDGE Dynamic Fixed Income ETF,1
EDGH,3EDGE Dynamic Hard Assets ETF,1
EDGI,3EDGE Dynamic International Equity ETF,1
EDGQ,Global X Nasdaq-100 Income Edge ETF,1
EDGU,3EDGE Dynamic US Equity ETF,1
EDGX,Global X U.S. 500 Income Edge ETF,1
EDHL,Everb,0
EDIT,Editas Medicine,0
EDIV,State Street SPDR S&P Emerging Markets Dividend ETF,1
EDN,Empresa Distribuidora Y Comercializadora Norte S.A. (Edenor),0
EDOG,ALPS Emerging Sector Dividend Dogs ETF,1
EDOW,First Trust Dow 30 Equal Weight ETF,1
EDRY,EuroDry,0
EDSA,Edesa Biotech,0
EDTK,Skillful Craftsman Education Technology,0
EDU,"New Oriental Education & Technology Group, Inc. Sponsored ADR representing 10",0
EDUC,Educational Development,0
EDV,Vanguard Extended Duration Treasury ETF,1
EDZ,Direxion Emerging Markets Bear 3X ETF,1
EE,Excelerate Energy,0
EEA,The European Equity Fund,0
EEE,CYBER HORNET S&P 500 and Ethereum 75/25 Strategy ETF,1
EEFT,Euronet Worldwide,0
EEIQ,EpicQuest Education Group International,0
EELV,Invesco S&P Emerging Markets Low Volatility ETF,1
EEM,iShares MSCI Emerging Index Fund,1
EEMA,iShares MSCI Emerging Markets Asia ETF,1
EEMO,Invesco S&P Emerging Markets Momentum ETF,1
EEMS,iShares MSCI Emerging Markets Small Cap ETF,1
EEMV,iShares MSCI Emerging Markets Min Vol Factor ETF,1
EEMX,State Street SPDR MSCI Emerging Markets Fossil Fuel Reserves Free ETF,1
EES,WisdomTree U.S. SmallCap Fund,1
EET,ProShares Ultra MSCI Emerging Markets,1
EETH,ProShares Ether ETF,1
EEV,ProShares UltraShort MSCI Emerging Markets,1
EFA,iShares MSCI EAFE ETF,1
EFAA,Invesco MSCI EAFE Income Advantage ETF,1
EFAD,ProShares MSCI EAFE Dividend Growers ETF,1
EFAS,Global X MSCI SuperDividend EAFE ETF,1
EFAV,iShares MSCI EAFE Min Vol Factor ETF,1
EFAX,State Street SPDR MSCI EAFE Fossil Fuel Reserves Free ETF,1
EFC,Ellington Financial,0
EFFE,Harbor Osmosis Emerging Markets Resource Efficient ETF,1
EFFI,Harbor Osmosis International Resource Efficient ETF,1
EFG,iShares MSCI EAFE Growth ETF,1
EFIV,State Street SPDR S&P 500 ESG ETF,1
EFNL,iShares MSCI Finland ETF,1
EFO,ProShares Ultra MSCI EAFE,1
EFOI,Energy Focus,0
EFOR,Everforth,0
EFR,Eaton Vance Senior Floating-Rate Fund,0
EFRA,iShares Environmental Infrastructure and Industrials ETF,1
EFSC,Enterprise Financial Services,0
EFSCP,Enterprise Financial Services,0
EFSI,Eagle Financial Services,0
EFT,Eaton Vance Floating Rate Income Trust,0
EFTY,Etoiles Capital,0
EFU,ProShares UltraShort MSCI EAFE,1
EFV,iShares MSCI EAFE Value ETF,1
EFX,Equifax,0
EFXT,Enerflex,0
EFZ,ProShares Short MSCI EAFE,1
EG,Everest,0
EGAN,eGain,0
EGBN,Eagle Bancorp,0
EGG,Enigmatig,0
EGGQ,NestYield Visionary ETF,1
EGGS,NestYield Total Return Guard ETF,1
EGGY,NestYield Dynamic Income ETF,1
EGHA,EGH Acquisition,0
EGHAR,EGH Acquisition,0
EGHAU,EGH Acquisition,0
EGHT,,0
EGLE,Global X S&P 500 U.S. Revenue Leaders ETF,1
EGO,Eldorado Gold,0
EGP,EastGroup Properties,0
EGUS,iShares ESG Aware MSCI USA Growth ETF,1
EGY,VAALCO Energy,0
EH,EHang Holdings Limited - ADS,0
EHC,Encompass Health,0
EHCC,Global X Ethereum Covered Call ETF,1
EHGO,Eshallgo,0
EHI,Western Asset Global High Income Fund,0
EHLD,Euroholdings,0
EHLS,Even Herd Long Short ETF,1
EHTH,eHealth,0
EHY,Amplify Ethereum Max Income Covered Call ETF,1
EIC,Eagle Point Income,0
EICA,Eagle Point Income Company Inc. 5.00% Series A Term,0
EIDO,iShares MSCI Indonesia ETF,1
EIG,Employers,0
EIIA,Eagle Point Institutional Income Fund 8.125% Series A Term Preferred Shares Due 2029,0
EIKN,Eikon Therapeutics,0
EIM,Eaton Vance Municipal Bond Fund,0
EINC,VanEck Energy Income ETF,1
EIPI,FT Energy Income Partners Enhanced Income ETF,1
EIPX,FT Energy Income Partners Strategy ETF,1
EIRL,iShares MSCI Ireland ETF,1
EIS,iShares MSCI Israel ETF,1
EIX,Edison International,0
EJAN,Innovator Emerging Markets Power Buffer ETF January,1
EJH,E-Home Household Service,0
EJUL,Innovator Emerging Markets Power Buffer ETF July,1
EKG,First Trust Nasdaq Lux Digital Health Solutions ETF,1
EL,"Estee Lauder Companies, Inc. (The)",0
ELA,Envela,0
ELAB,PMGC,0
ELAN,Elanco Animal Health,0
ELBM,Electra Battery Materials,0
ELC,"Entergy Louisiana, Inc. Collateral Trust Mortgage Bonds, 4.875 % Series due September 1, 2066",0
ELCV,Strategy Shares Eventide High Dividend ETF,1
ELD,WisdomTree Emerging Markets Local Debt Fund,1
ELDN,Eledon Pharmaceuticals,0
ELE,Elemental Royalty,0
ELF,e.l.f. Beauty,0
ELFY,ALPS Electrification Infrastructure ETF,1
ELIL,Direxion Daily LLY Bull 2X ETF,1
ELLA,Ellington Credit Company 8.50%,0
ELLO,Ellomay Capital,0
ELM,Elm Market Navigator ETF,1
ELMD,Electromed,0
ELME,Elme Comm,0
ELMT,The Elmet,0
ELOG,Eastern International,0
ELOL,Leverage Shares 100% TSLA AND 100% SPCX Daily ETF,1
ELOX,Eloxx Pharmaceuticals,0
ELPC,Companhia Paranaense de Energia (COPEL),0
ELPW,Elong Power,0
ELS,Equity Lifestyle Properties,0
ELTK,Eltek,0
ELTX,Elicio Therapeutics,0
ELUT,Elutia,0
ELV,Elevance Health,0
ELVA,Electrovaya,0
ELVN,Enliven Therapeutics,0
ELVR,Elevra Lithium Limited - American Depository Shares,0
ELWT,Elauwit Connection,0
EMA,Emera,0
EMAT,Evolution Metals & Technologies,0
EMB,iShares J.P. Morgan USD Emerging Markets Bond ETF,1
EMBC,Embecta,0
EMBD,Global X Emerging Markets Bond ETF,1
EMBJ,Embraer S.A,0
EMBX,VanEck Emerging Markets Bond ETF,1
EMC,Global X Emerging Markets Great Consumer ETF,1
EMCB,WisdomTree Emerging Markets Corporate Bond Fund,1
EMCR,Xtrackers Emerging Markets Carbon Reduction and Climate Improvers ETF,1
EMCS,Xtrackers MSCI Emerging Markets Select ETF,1
EMD,Western Asset Emerging Markets Debt Fund,0
EMDM,First Trust Bloomberg Emerging Market Democracies ETF,1
EMDV,ProShares MSCI Emerging Markets Dividend Growers ETF,1
EME,EMCOR,0
EMEM,Sophus Capital Emerging Market ETF,1
EMEQ,Nomura Focused Emerging Markets Equity ETF,1
EMES,Harbor Emerging Markets Select ETF,1
EMET,VanEck Copper and Electrification Metals ETF,1
EMF,Templeton Emerging Markets Fund,0
EMFI,Pictet Emerging Markets Debt ETF,1
EMGF,iShares Emerging Markets Equity Factor ETF,1
EMHC,State Street SPDR Bloomberg Emerging Markets USD Bond ETF,1
EMHY,iShares J.P. Morgan EM High Yield Bond ETF,1
EMIF,iShares Emerging Markets Infrastructure ETF,1
EMIS,Emmis Acquisition,0
EMISR,Emmis Acquisition,0
EMJL,Corgi Emerging Markets Equities 15% Structured Buffer ETF - July Series,1
EMJN,Corgi Emerging Markets Equities 15% Structured Buffer ETF - June Series,1
EMKT,Lazard Emerging Markets Opport,1
EML,Eastern Company (The),0
EMLC,VanEck J. P. Morgan EM Local Currency Bond ET,1
EMLP,First Trust North American Energy Infrastructure Fund,1
EMM,Global X Emerging Markets ex-China ETF,1
EMMF,WisdomTree Emerging Markets Multifactor Fund,1
EMMY,Corgi Emerging Markets Equities 15% Structured Buffer ETF - May Series,1
EMN,Eastman Chemical,0
EMNT,PIMCO Enhanced Short Maturity Active ESG Exchange-Traded Fund,1
EMO,ClearBridge Energy Midstream Opport,0
EMOP,AB Emerging Markets Opport,1
EMOT,First Trust S&P 500 Economic Moat ETF,1
EMP,"Entergy Mississippi, LLC First Mortgage Bonds, 4.90% Series Due October 1, 2066",0
EMPB,Efficient Market Portfolio Plus ETF,1
EMPD,Empery Digital,0
EMQQ,EMQQ The Emerging Markets Internet ETF,1
EMR,Emerson Electric,0
EMSC,Sophus Capital Emerging Market Small Cap ETF,1
EMSF,Matthews Emerging Markets Sustainable Future Active ETF,1
EMTY,ProShares Decline of the Retail Store ETF,1
EMXC,iShares MSCI Emerging Markets ex China ETF,1
EMXF,iShares ESG Advanced MSCI EM ETF,1
EMXX,Corgi Emerging Markets 2x Daily ETF,1
ENB,Enbridge,0
ENDW,Cambria Endowment Style ETF,1
ENFR,Alerian Energy Infrastructure ETF,1
ENGN,enGene Therapeutics,0
ENGNW,enGene Therapeutics,0
ENGS,Energys,0
ENHA,Enhanced,0
ENHI,iShares Enhanced International Active ETF,1
ENHU,iShares Enhanced Large Cap Core Active ETF,1
ENIC,Enel Chile S.A,0
ENJ,"Entergy New Orleans, LLC First Mortgage Bonds, 5.0% Series due December 1, 2052",0
ENLT,Enlight Renewable Energy,0
ENLV,Enlivex,0
ENO,"Entergy New Orleans, LLC First Mortgage Bonds, 5.50% Series due April 1, 2066",0
ENOR,iShares MSCI Norway ETF,1
ENOV,Enovis,0
ENPH,Enphase Energy,0
ENR,Energizer,0
ENRD,Einride AB,0
ENRDW,Einride AB,0
ENS,EnerSys,0
ENSC,Ensysce Biosciences,0
ENSG,The Ensign,0
ENTA,Enanta Pharmaceuticals,0
ENTG,Entegris,0
ENTL,Leverage Shares 2X Long ENTG Daily ETF,1
ENTX,Entera Bio,0
ENVA,Enova International,0
ENVB,Enveric Biosciences,0
ENVX,Enovix,0
ENZL,iShares MSCI New Zealand ETF,1
EO,Corgi EOSE 2x Daily ETF,1
EOCT,Innovator Emerging Markets Power Buffer ETF - October,1
EOD,Allspring Global Dividend Opport,0
EOG,EOG Resources,0
EOI,Eaton Vance Enhance Equity Income Fund Eaton Vance Enhanced Equity Income Fund Shares of,0
EOLS,Evolus,0
EONR,EON Resources,0
EOS,Eaton Vance Enhance Equity Income Fund II,0
EOSE,Eos Energy Enterprises,0
EOSU,T-REX 2X Long EOSE Daily Target ETF,1
EOT,Eaton Vance Municipal Income Trust EATON VANCE NATIONAL MUNICIPAL OPPORT,0
EP,Empire Petroleum,0
EPAC,Enerpac Tool,0
EPAI,Harbor AI Inflection Strategy ETF,1
EPAM,EPAM Systems,0
EPC,Edgewell Personal Care,0
EPD,Enterprise Products Partners L.P,0
EPEM,Harbor Emerging Markets Equity ETF,1
EPHE,iShares MSCI Philippines ETF,1
EPI,WisdomTree India Earnings Fund,1
EPIN,Harbor International Equity ETF,1
EPM,Evolution Petroleum,0
EPMB,Harbor Mid Cap Core ETF,1
EPMV,Harbor Mid Cap Value ETF,1
EPOL,iShares MSCI Poland ETF,1
EPOW,E-Power,0
EPP,iShares MSCI Pacific Ex-Japan Index Fund,1
EPR,EPR Properties,0
EPRF,Innovator S&P Investment Grade Preferred ETF,1
EPRT,Essential Properties Realty Trust,0
EPRX,Eupraxia Pharmaceuticals,0
EPS,WisdomTree U.S. LargeCap Fund,1
EPSB,Harbor SMID Cap Core ETF,1
EPSM,Epsium Enterprise,0
EPSN,Epsilon Energy,0
EPSV,Harbor SMID Cap Value ETF,1
EPU,iShares MSCI Peru and Global Exposure ETF,1
EPV,ProShares UltraShort FTSE Europe ETF,1
EQ,Equillium,0
EQAL,Invesco Russell 1000 Equal Weight ETF,1
EQBK,Equity Bancshares,0
EQH,Equitable,0
EQIN,Columbia U.S. Equity Income ETF,1
EQIX,Equinix,0
EQL,ALPS Equal Sector Weight ETF,1
EQLT,iShares MSCI Emerging Markets Quality Factor ETF,1
EQNR,Equinor ASA,0
EQPT,EquipmentShare.com,0
EQQQ,ProShares Ultra QQQ Equal Weight,1
EQR,Equity Residential,0
EQRR,ProShares Equities for Rising Rates ETF,1
EQS,Equus Total Return,0
EQT,EQT,0
EQTY,Kovitz Core Equity ETF,1
EQWL,Invesco S&P 100 Equal Weight ETF,1
EQX,Equinox Gold,0
ERAS,Erasca,0
ERC,Allspring Multi-Sector Income Fund,0
ERET,iShares Environmentally Aware Real Estate ETF,1
ERH,Allspring Utilities and High Income Fund,0
ERIC,Ericsson,0
ERIE,Erie Indemnity,0
ERII,Energy Recovery,0
ERNA,Ernexa Therapeutics,0
ERNAW,Ernexa Therapeutics,0
ERO,Ero Copper,0
EROC,ERock,0
EROK,"EagleRock Land, LLC Class A shares representing limited liability company interests",0
ERTH,Invesco MSCI Sustainable Future ETF,1
ERX,Direxion Energy Bull 2X ETF,1
ERY,Direxion Daily Energy Bear 2X ETF,1
ES,Eversource Energy (D/B/A),0
ESAB,ESAB,0
ESBA,"Empire State Realty OP, L.P. Series ES Operating Partnership",0
ESBG,"First Trust Enhanced Stocks, Bonds & Gold ETF",1
ESCA,Escalade,0
ESE,ESCO Technologies,0
ESEA,Euroseas,0
ESG,FlexShares STOXX US ESG Select Index Fund,1
ESGD,iShares ESG Aware MSCI EAFE ETF,1
ESGE,iShares ESG Aware MSCI EM ETF,1
ESGG,FlexShares STOXX Global ESG Select Index Fund,1
ESGU,iShares ESG Aware MSCI USA ETF,1
ESGV,Vanguard ESG U.S. Stock ETF,1
ESI,Element Solutions,0
ESIM,Eventide International ETF,1
ESLA,Estrella Immunopharma,0
ESLAW,Estrella Immunopharma,0
ESLG,Eventide Large Cap Growth ETF,1
ESLT,Elbit Systems,0
ESLV,Eventide Large Cap Value ETF,1
ESML,iShares ESG Aware MSCI USA Small-Cap ETF,1
ESMV,iShares ESG Optimized MSCI USA Min Vol Factor ETF,1
ESN,Essential 40 Stock ETF,1
ESNT,Essent,0
ESOA,Energy Services of America,0
ESP,Espey Mfg. & Electronics,0
ESPO,VanEck Video Gaming and eSports ETF,1
ESQ,Esquire Financial,0
ESRT,Empire State Realty Trust,0
ESS,Essex Property Trust,0
ESSC,Eventide Small Cap ETF,1
ESTA,Establishment Labs,0
ESTC,Elastic N.V,0
ESUM,Eventide US Market ETF,1
ET,Energy Transfer LP Common,0
ETB,Eaton Vance Tax-Managed Buy-Write Income Fund Eaton Vance Tax-Managed Buy-Write Income Fund,0
ETCO,Grayscale Ethereum Covered Call ETF,1
ETD,Ethan Allen Interiors,0
ETEC,iShares Breakthrough Environmental Solutions ETF,1
ETFT,Fundsmith Equity ETF,1
ETG,Eaton Vance Tax-Advantaged Global Dividend Income Fund,0
ETH,Grayscale Ethereum Staking Mini ETF Shares,1
ETHA,iShares Ethereum Trust ETF,1
ETHB,iShares Staked Ethereum Trust ETF,1
ETHD,ProShares UltraShort Ether ETF,1
ETHE,Grayscale Ethereum Staking ETF Shares,1
ETHO,Amplify Etho Climate Leadership U.S. ETF,1
ETHT,ProShares Ultra Ether ETF,1
ETHU,2x Ether ETF,1
ETHV,VanEck Ethereum ETF,1
ETHW,Bitwise Ethereum ETF,1
ETJ,Eaton Vance Risk-Managed Diversified Equity Income Fund,0
ETN,Eaton,0
ETNG,Leverage Shares 2X Long ETN Daily ETF,1
ETO,Eaton Vance Tax-Advantage Global Dividend Opp,0
ETON,Eton Pharmaceuticals,0
ETOR,eToro,0
ETR,Entergy,0
ETS,Elite Express,0
ETSS,Energy Transition Special Opport,0
ETSY,Etsy,0
ETTY,Amplify Ethereum 3% Monthly Option Income ETF,1
ETU,T-Rex 2X Long Ether Daily Target ETF,1
ETV,Eaton Vance Corporation Eaton Vance Tax-Managed Buy-Write Opport,0
ETW,Eaton Vance Corporation Eaton Vance Tax-Managed Global Buy-Write Opport,0
ETX,Eaton Vance Municipal Income 2028 Term Trust,0
ETY,Eaton Vance Tax-Managed Diversified Equity Income Fund,0
EU,enCore Energy,0
EUAD,Select STOXX Europe Aerospace & Defense ETF,1
EUDA,Euda Health,0
EUDAW,Euda Health,0
EUDG,WisdomTree Europe Quality Dividend Growth Fund,1
EUDV,ProShares MSCI Europe Dividend Growers ETF,1
EUFN,iShares MSCI Europe Financials ETF,1
EUHY,iShares Euro High Yield Corporate Bond USD Hedged ETF,1
EUIG,iShares Euro Investment Grade Corporate Bond USD Hedged ETF,1
EUM,ProShares Short MSCI Emerging Markets,1
EUO,ProShares UltraShort Euro,1
EURK,Eureka Acquisition,0
EURKR,Eureka Acquisition,0
EURKU,Eureka Acquisition,0
EURL,Direxion Daily FTSE Europe Bull 3X ETF,1
EUSA,iShares MSCI USA Equal Weighted ETF,1
EUSB,iShares ESG Advanced Universal USD Bond ETF,1
EUV,Corgi Lithography & Semiconductor Photonics ETF,1
EUVX,Corgi Lithography & Semiconductor Photonics 2x Daily ETF,1
EVAC,EQV Ventures Acquisition Corp. II,0
EVAX,Evaxion A/S,0
EVC,Entravision Communications,0
EVCM,EverCommerce,0
EVER,EverQuote,0
EVEX,Eve,0
EVF,Eaton Vance Senior Income Trust,0
EVG,Eaton Vance Short Diversified Income Fund Eaton Vance Short Duration Diversified Income Fund,0
EVGN,Evogene,0
EVGO,EVgo,0
EVH,Evolent Health,0
EVHY,Eaton Vance High Yield ETF,1
EVI,EVI Industries,0
EVIM,Eaton Vance Intermediate Municipal Income ETF,1
EVLN,Eaton Vance Floating-Rate ETF,1
EVLU,iShares MSCI Emerging Markets Value Factor ETF,1
EVLV,Evolv Technologies,0
EVMN,Evommune,0
EVMO,Eaton Vance Mortgage Opport,1
EVMT,Invesco Electric Vehicle Metals Commodity Strategy No K-1 ETF,1
EVMU,Direxion Daily Ether Bull 2X ETF,1
EVN,Eaton Vance Municipal Income Trust,0
EVNT,AltShares Event-Driven ETF,1
EVO,Evotec,0
EVOX,Evolution Global Acquisition,0
EVOXU,Evolution Global Acquisition,0
EVOXW,Evolution Global Acquisition,0
EVPF,Eaton Vance Preferred Securities and Income ETF,1
EVR,Evercore,0
EVRG,Evergy,0
EVSB,Eaton Vance Ultra-Short Income ETF,1
EVSD,Eaton Vance Short Duration Income ETF,1
EVSM,Eaton Vance Short Duration Municipal Income ETF,1
EVT,Eaton Vance Tax Advantaged Dividend Income Fund,0
EVTC,Evertec,0
EVTL,Vertical Aerospace,0
EVTR,Eaton Vance Total Return Bond ETF,1
EVUS,iShares ESG Aware MSCI USA Value ETF,1
EVV,Eaton Vance Limited Duration Income Fund,0
EVX,VanEck Environmental Services ETF,1
EVYM,Eaton Vance High Income Municipal ETF,1
EW,Edwards Lifesciences,0
EWA,iShares MSCI Australia Index Fund,1
EWAVU,East West Ave Acquisition,0
EWBC,East West Bancorp,0
EWC,iShares MSCI Canada Index Fund,1
EWD,iShares MSCI Sweden ETF,1
EWG,iShares MSCI Germany Index Fund,1
EWH,iShares MSCI Hong Kong Index Fund,1
EWI,iShares MSCI Italy ETF,1
EWJ,iShares MSCI Japan Index Fund,1
EWJV,iShares MSCI Japan Value ETF,1
EWK,iShares MSCI Belgium ETF,1
EWL,iShares MSCI Switzerland ETF,1
EWM,iShares MSCI Malaysia Index Fund,1
EWN,iShares MSCI Netherlands Index Fund,1
EWO,iShares MSCI Austria ETF,1
EWP,iShares MSCI Spain ETF,1
EWQ,iShares MSCI France Index Fund,1
EWS,iShares MSCI Singapore ETF,1
EWT,iShares MSCI Taiwan ETF,1
EWTX,Edgewise Therapeutics,0
EWU,iShares MSCI,1
EWUS,iShares MSCI,1
EWV,ProShares UltraShort MSCI Japan,1
EWW,iShares MSCI Mexico ETF,1
EWX,State Street SPDR S&P Emerging Markets Small Cap ETF,1
EWY,iShares MSCI South Korea ETF,1
EWZ,iShares MSCI Brazil ETF,1
EWZS,iShares MSCI Brazil Small-Cap ETF,1
EXC,Exelon,0
EXE,Expand Energy,0
EXEL,Exelixis,0
EXEQ,Wedbush ReturnOnLeadership U.S. Large-Cap ETF,1
EXFY,Expensify,0
EXG,Eaton Vance Tax-Managed Global Diversified Equity Income Fund,0
EXI,iShares Global Industrials ETF,1
EXK,Endeavour Silver,0
EXLS,ExlService,0
EXOD,Exodus Movement,0
EXOZ,eXoZymes,0
EXP,Eagle Materials,0
EXPD,Expeditors International of Washington,0
EXPE,Expedia,0
EXPO,Exponent,0
EXR,Extra Space Storage,0
EXTR,Extreme Networks,0
EXUS,Nomura Focused International Core ETF,1
EXYN,Exyn Technologies,0
EXYNW,Exyn Technologies,0
EYE,National Vision,0
EYEG,AB Corporate Bond ETF,1
EYES,Corgi Data & Surveillance ETF,1
EYLD,Cambria Emerging Shareholder Yield ETF,1
EYPT,EyePoint,0
EZA,iShares MSCI South Africa Index Fund,1
EZBC,Franklin Templeton Digital Holdings Trust Shares of Franklin Bitcoin ETF,1
EZET,Franklin Ethereum ETF,1
EZGO,EZGO Technologies,0
EZJ,ProShares Ultra MSCI Japan,1
EZM,WisdomTree U.S. MidCap Fund,1
EZMO,AlphaDroid Broad Markets Momentum ETF,1
EZPW,"EZCORP, Inc. - Class A Non-Voting",0
EZPZ,Franklin Crypto Index ETF,1
EZRA,Reliance Global,0
EZRO,AlphaDroid Defensive Sector Rotation ETF,1
EZU,iShares MSCI Eurozone ETF,1
F,Ford Motor,0
FA,First Advantage,0
FAAA,Fidelity AAA CLO ETF,1
FAAR,First Trust Alternative Absolute Return Strategy ETF,1
FAB,First Trust Multi Cap Value AlphaDEX Fund,1
FABC,Fabric.AI,0
FAC,Factorial Energy,0
FACT,FACT II Acquisition,0
FACTU,FACT II Acquisition,0
FACTW,FACT II Acquisition,0
FACWW,Factorial Energy,0
FAD,First Trust Multi Cap Growth AlphaDEX Fund,1
FAF,First American Corporation (New),0
FAI,First Trust Bloomberg Artificial Intelligence ETF,1
FALN,iShares Fallen Angels USD Bond ETF,1
FAMI,Farmmi,0
FAN,First Trust Global Wind Energy ETF,1
FANG,Diamondback Energy,0
FAPR,FT Vest U.S. Equity Buffer ETF - April,1
FARX,Frontier Asset Absolute Return ETF,1
FAS,Direxion Financial Bull 3X ETF,1
FAST,Fastenal,0
FATE,Fate Therapeutics,0
FATN,FatPipe,0
FAUG,FT Vest U.S. Equity Buffer ETF - August,1
FAX,abrdn Asia-Pacific Income Fund,0
FAZ,Direxion Financial Bear 3X ETF,1
FB,ProShares S&P 500 Dynamic Buffer ETF,1
FBCG,Fidelity Blue Chip Growth ETF,1
FBCV,Fidelity Blue Chip Value ETF,1
FBDC,FT Confluence BDC & Specialty Finance Income ETF,1
FBGL,FBS Global,0
FBIN,Fortune Brands Innovations,0
FBIO,Fortress Biotech,0
FBIOP,"Fortress Biotech, Inc. - 9.375% Series A Cumulative Redeemable Perpetual",0
FBIZ,First Business Financial Services,0
FBK,FB Financial,0
FBL,GraniteShares 2x Long META Daily ETF,1
FBLA,FB Bancorp,0
FBLG,FibroBiologics,0
FBNC,First Bancorp,0
FBND,Fidelity Total Bond ETF,1
FBOT,Fidelity Disruptive Automation ETF,1
FBP,First BanCorp. New,0
FBRT,Franklin BSP Realty Trust,0
FBRX,Forte Biosciences,0
FBT,First Trust Amex Biotech Index Fund,1
FBTC,Fidelity Wise Origin Bitcoin Fund,1
FBUF,Fidelity Dynamic Buffered Equity ETF,1
FBX,Corgi META 2x Daily ETF,1
FBY,YieldMax META Option Income Strategy ETF,1
FBYD,Falcon's Beyond Global,0
FBYDP,"Falcon's Beyond Global, Inc. - 11% Series B Cumulative Convertible",0
FBYDW,Falcon's Beyond Global,0
FBYY,GraniteShares YieldBOOST META ETF,1
FC,Franklin Covey,0
FCA,First Trust China AlphaDEX Fund,1
FCAL,First Trust California Municipal High income ETF,1
FCAP,First Capital,0
FCBC,First Comm,0
FCBD,Frontier Asset Core Bond ETF,1
FCBM,First Carolina Financial Services,0
FCCO,First Comm,0
FCEF,First Trust Income Opport,1
FCEL,FuelCell Energy,0
FCF,First Commonwealth Financial,0
FCFS,FirstCash,0
FCFY,First Trust S&P 500 Diversified Free Cash Flow ETF,1
FCG,First Trust Natural Gas ETF,1
FCHL,Fitness Champs,0
FCLD,Fidelity Cloud Computing ETF,1
FCLO,Fidelity CLO ETF,1
FCN,FTI Consulting,0
FCNCA,First Citizens BancShares,0
FCNCN,First Citizens BancShares,0
FCNCO,"First Citizens BancShares, Inc. - 5.625% Non-Cumulative Perpetual",0
FCNCP,First Citizens BancShares,0
FCOM,Fidelity MSCI Communication Services Index ETF,1
FCOR,Fidelity Corporate Bond ETF,1
FCPI,Fidelity Stocks for Inflation ETF,1
FCPT,Four Corners Property Trust,0
FCRS,FutureCrest Acquisition,0
FCSH,Federated Hermes Short Duration Corporate ETF,1
FCT,First Trust Senior Floating Rate Income Fund II,0
FCTE,SMI 3Fourteen Full-Cycle Trend ETF,1
FCTR,First Trust Lunt U.S. Factor Rotation ETF,1
FCUS,Pinnacle Focused Opport,1
FCUV,Focus Universal,0
FCVT,First Trust SSI Strategic Convertible Securities ETF,1
FCX,Freeport-McMoRan,0
FCXG,Leverage Shares 2x Long FCX Daily ETF,1
FDAT,Tactical Advantage ETF,1
FDBC,Fidelity D & D Bancorp,0
FDCF,Fidelity Disruptive Communications ETF,1
FDD,First Trust STOXX European Select Dividend Index Fund,1
FDEC,FT Vest U.S. Equity Buffer ETF - December,1
FDEM,Fidelity Emerging Markets Multifactor ETF,1
FDEV,Fidelity International Multifactor ETF,1
FDFF,Fidelity Disruptive Finance ETF,1
FDG,American Century Focused Dynamic Growth ETF,1
FDHY,Fidelity Enhanced High Yield ETF,1
FDIF,Fidelity Disruptors ETF,1
FDIG,Fidelity Crypto Industry and Digital Payments ETF,1
FDIQ,Invesco Bloomberg Financial Data Providers ETF,1
FDIS,Fidelity MSCI Consumer Discretionary Index ETF,1
FDIV,MarketDesk Focused U.S. Dividend ETF,1
FDL,First Trust Morningstar ETF,1
FDLO,Fidelity Low Volatility Factor ETF,1
FDLS,Inspire Fidelis Multi Factor ETF,1
FDM,First Trust DJ Select MicroCap ETF,1
FDMMU,Freedom Metals Acquisition,0
FDMO,Fidelity Momentum Factor ETF,1
FDMT,4D Molecular Therapeutics,0
FDN,First Trust DJ Internet Index Fund,1
FDND,FT Vest Dow Jones Internet & Target Income ETF,1
FDNI,First Trust Dow Jones International Internet ETF,1
FDRR,Fidelity Dividend ETF for Rising Rates,1
FDRS,Founder-Led ETF,1
FDRV,Fidelity Electric Vehicles and Future Transportation ETF,1
FDRX,Founder-Led 2X Daily ETF,1
FDS,FactSet Research Systems,0
FDSB,Fifth District Bancorp,0
FDT,First Trust Developed Markets Ex-US AlphaDEX Fund,1
FDTS,First Trust Developed Markets ex-US Small Cap AlphaDEX Fund,1
FDTX,Fidelity Disruptive Technology ETF,1
FDUS,Fidus Investment Corporation - Closed End Fund,0
FDV,Federated Hermes U.S. Strategic Dividend ETF,1
FDVV,Fidelity High Dividend ETF,1
FDX,FedEx,0
FDXF,FedEx Freight,0
FE,FirstEnergy,0
FEAC,Fidelity Enhanced U.S. All-Cap Equity ETF,1
FEAM,5E Advanced Materials,0
FEBM,FT Vest U.S. Equity Max Buffer ETF - February,1
FEBO,Fenbo,0
FEBP,PGIM S&P 500 Buffer 12 ETF - February,1
FEBT,AllianzIM U.S. Large Cap Buffer10 Feb ETF,1
FEBU,AllianzIM U.S. Equity Buffer15 Uncapped Feb ETF,1
FEBW,AllianzIM U.S. Large Cap Buffer20 Feb ETF,1
FEBZ,TrueShares Structured Outcome (February) ETF,1
FECM,First Eagle Core Municipal ETF,1
FEDM,FlexShares ESG & Climate Developed Markets ex-US Core Index Fund,1
FEDU,Four Seasons Education (Cayman),0
FEED,ENvue Medical,0
FEGE,First Eagle Global Equity ETF,1
FEIG,FlexShares ESG & Climate Investment Grade Corporate Core Index Fund,1
FEIM,Frequency Electronics,0
FELC,Fidelity Enhanced Large Cap Core ETF,1
FELE,Franklin Electric,0
FELG,Fidelity Enhanced Large Cap Growth ETF,1
FELV,Fidelity Enhanced Large Cap Value ETF,1
FEM,First Trust Emerging Markets AlphaDEX Fund,1
FEMB,First Trust Emerging Markets Local Currency Bond ETF,1
FEMD,First Eagle Mid Cap Equity ETF,1
FEMG,Fidelity Enhanced Mid Cap Growth ETF,1
FEMR,Fidelity Enhanced Emerging Markets ETF,1
FEMS,First Trust Emerging Markets Small Cap AlphaDEX Fund,1
FEMV,Fidelity Enhanced Mid Cap Value ETF,1
FEMY,Femasys,0
FENC,Fennec Pharmaceuticals,0
FENG,Phoenix New Media,0
FENI,Fidelity Enhanced International ETF,1
FENY,Fidelity MSCI Energy Index ETF,1
FEOE,First Eagle Overseas Equity ETF,1
FEP,First Trust Europe AlphaDEX Fund,1
FEPI,REX FANG & Innovation Equity Premium Income ETF,1
FER,Ferrovial N.V,0
FERA,Fifth Era Acquisition Corp I,0
FERAR,Fifth Era Acquisition Corp I,0
FERAU,Fifth Era Acquisition Corp I,0
FERG,Ferguson Enterprises,0
FESC,First Eagle Small Cap Equity ETF,1
FESM,Fidelity Enhanced Small Cap Core ETF,1
FET,Forum Energy Technologies,0
FETH,Fidelity Ethereum Fund,1
FEUS,FlexShares ESG & Climate US Large Cap Core Index Fund,1
FEUZ,First Trust Eurozone AlphaDEX ETF,1
FEX,First Trust Large Cap Core AlphaDEX Fund,1
FEZ,State Street SPDR EURO STOXX 50 ETF,1
FF,FutureFuel,0
FFA,First Trust Enhanced Equity Income Fund,0
FFAI,Faraday Future Intelligent Electric,0
FFBC,First Financial Bancorp,0
FFC,Flaherty & Crumrine Preferred and Income Securities Fund,0
FFDI,Fidelity Fundamental Developed International ETF,1
FFEB,FT Vest U.S. Equity Buffer ETF - February,1
FFEM,Fidelity Fundamental Emerging Markets ETF,1
FFF,Founders 100 ETF,1
FFGX,Fidelity Fundamental Global ex-U.S. ETF,1
FFIN,First Financial Bankshares,0
FFIU,UVA Unconstrained Medium-Term Fixed Income ETF,1
FFIV,,0
FFLC,Fidelity Fundamental Large Cap Core ETF,1
FFLG,Fidelity Fundamental Large Cap Growth ETF,1
FFLS,The Future Fund Long/Short ETF,1
FFLV,Fidelity Fundamental Large Cap Value ETF,1
FFND,One Global ETF,1
FFOG,Franklin Focused Growth ETF,1
FFOX,FundX Future Fund Opport,1
FFSM,Fidelity Fundamental Small-Mid Cap ETF,1
FFTY,CapForce IBD 50 ETF,1
FFUT,Fidelity Managed Futures ETF,1
FG,F&G Annuities & Life,0
FGBI,First Guaranty Bancshares,0
FGBIP,"First Guaranty Bancshares, Inc. - 6.75% Series A Fixed-Rate Non-Cumulative Perpetual",0
FGD,First Trust DJ Global Select Dividend,1
FGDL,Franklin Responsibly Sourced Gold ETF,1
FGI,FGI Industries,0
FGII,FG Imperii Acquisition,0
FGIIU,FG Imperii Acquisition,0
FGIIW,FG Imperii Acquisition,0
FGIWW,FGI Industries,0
FGL,Founder,0
FGM,First Trust Germany AlphaDEX Fund,1
FGN,"F&G Annuities & Life, Inc. 7.950% Senior",0
FGNX,FG Nexus,0
FGNXP,FG Nexus Inc. - 8.00% Cumulative,0
FGRU,T-REX 2X Long FIGR Daily Target ETF,1
FGSI,FT Vest Growth Strength & Target Income ETF,1
FGSM,Frontier Asset Global Small Cap Equity ETF,1
FGSN,"F&G Annuities & Life, Inc. 7.300% Junior Subordinated",0
FHB,First Hawaiian,0
FHDG,FT Vest U.S. Equity Quarterly Dynamic Buffer ETF,1
FHEQ,Fidelity Hedged Equity ETF,1
FHI,Federated Hermes,0
FHIL,Federated Hermes International Leaders ETF,1
FHLC,Fidelity MSCI Health Care Index ETF,1
FHN,First Horizon,0
FHTX,Foghorn Therapeutics,0
FHYS,Federated Hermes Short Duration High Yield ETF,1
FIAT,YieldMax Short COIN Option Income Strategy ETF,1
FIAX,Nicholas Fixed Income Alternative ETF,1
FIBK,First Interstate BancSystem,0
FICO,Fair Isaac,0
FICS,First Trust International Developed Capital Strength ETF,1
FID,First Trust S&P International Dividend Aristocrats ETF,1
FIDI,Fidelity International High Dividend ETF,1
FIDU,Fidelity MSCI Industrials Index ETF,1
FIEE,FiEE,0
FIG,Figma,0
FIGB,Fidelity Investment Grade Bond ETF,1
FIGG,Leverage Shares 2x Long FIG Daily ETF,1
FIGR,Figure Technology Solutions,0
FIGS,FIGS,0
FIGX,FIGX Capital Acquisition,0
FIGXU,FIGX Capital Acquisition,0
FIGXW,FIGX Capital Acquisition Corp. - one-half of one redeemable,0
FIIG,First Trust Intermediate Duration Investment Grade Corporate ETF,1
FIMU,Fidelity Intermediate Municipal Income ETF,1
FINA,Fidelity MSCI North American Subset Index ETF,1
FINS,Angel Oak Financial Strategies Income Term Trust,0
FINT,Frontier Asset Total International Equity ETF,1
FINV,FinVolution,0
FINW,FinWise Bancorp,0
FINX,Global X FinTech ETF,1
FINY,GraniteShares YieldBOOST Financials ETF,1
FIP,FTAI Infrastructure,0
FIRY,Firy,0
FIS,Fidelity National Information Services,0
FISI,Financial Institutions,0
FISK,"Empire State Realty OP, L.P. Series 250 Operating Partnership",0
FISN,Deep Fission,0
FISR,State Street Fixed Income Sector Rotation ETF,1
FISV,Fiserv,0
FITB,Fifth Third Bancorp,0
FITE,State Street SPDR S&P Kensho Future Security ETF,1
FITZ,Fitz-Gerald Must Have Portfolio ETF,1
FIVA,Fidelity International Value Factor ETF,1
FIVE,Five Below,0
FIVN,Five9,0
FIW,First Trust Water ETF,1
FIX,Comfort Systems USA,0
FIXD,First Trust Smith Opportunistic Fixed Income ETF,1
FIXP,FolioBeyond Enhanced Fixed Income Premium ETF,1
FIXT,TCW Core Plus Bond ETF,1
FIYY,GraniteShares YieldBOOST 20Y Treasuries ETF,1
FIZZ,National Beverage,0
FJAN,FT Vest U.S. Equity Buffer ETF - January,1
FJET,Starfighters Space,0
FJP,First Trust Japan AlphaDEX Fund,1
FJUL,FT Vest U.S. Equity Buffer ETF - July,1
FJUN,FT Vest U.S. Equity Buffer ETF - June,1
FKU,First Trust,1
FKWL,Franklin Wireless,0
FLAG,Global X S&P 500 U.S. Market Leaders Top 50 ETF,1
FLAO,AllianzIM U.S. Equity 6 Month Floor5 Apr/Oct ETF,1
FLAU,Franklin FTSE Australia ETF,1
FLAX,Franklin FTSE Asia ex Japan ETF,1
FLBL,Franklin Senior Loan ETF,1
FLBR,Franklin FTSE Brazil ETF,1
FLC,Flaherty & Crumrine Total Return Fund,0
FLCA,Franklin FTSE Canada ETF,1
FLCB,Franklin U.S. Core Bond ETF,1
FLCC,Federated Hermes MDT Large Cap Core ETF,1
FLCE,Frontier Asset U.S. Large Cap Equity ETF,1
FLCG,Federated Hermes MDT Large Cap Growth ETF,1
FLCH,Franklin FTSE China ETF,1
FLCO,Franklin Investment Grade Corporate ETF,1
FLCV,Federated Hermes MDT Large Cap Value ETF,1
FLD,Fold,0
FLDB,Fidelity Low Duration Bond ETF,1
FLDDW,Fold,0
FLDR,Fidelity Low Duration Bond Factor ETF,1
FLDZ,TrueShares Patriot Defense ETF,1
FLEE,Franklin FTSE Europe ETF,1
FLEU,Franklin FTSE Eurozone ETF,1
FLEX,Flex,0
FLG,"Flagstar Bank, N.A",0
FLGB,Franklin FTSE,1
FLGR,Franklin FTSE Germany ETF,1
FLGT,Fulgent Genetics,0
FLGV,Franklin U.S. Treasury Bond ETF,1
FLHY,Franklin High Yield Corporate ETF,1
FLIA,Franklin International Aggregate Bond ETF,1
FLIN,Franklin FTSE India ETF,1
FLJH,Franklin FTSE Japan Hedged ETF,1
FLJJ,AllianzIM U.S. Equity 6 Month Floor5 Jan/Jul ETF,1
FLJP,Franklin FTSE Japan ETF,1
FLKR,Franklin FTSE South Korea ETF,1
FLL,Full House Resorts,0
FLLA,Franklin FTSE Latin America ETF,1
FLMB,Franklin Municipal Green Bond ETF,1
FLMI,Franklin Dynamic Municipal Bond ETF,1
FLMX,Franklin FTSE Mexico ETF,1
FLN,First Trust Latin America AlphaDEX Fund,1
FLNA,Filana Therapeutics,0
FLNC,Fluence Energy,0
FLNG,FLEX LNG,0
FLNT,Fluent,0
FLO,Flowers Foods,0
FLOC,Flowco,0
FLOT,iShares Floating Rate Bond ETF,1
FLOW,Global X U.S. Cash Flow Kings 100 ETF,1
FLQL,Franklin U.S. Large Cap Multifactor Index ETF,1
FLQM,Franklin U.S. Mid Cap Multifactor Index ETF,1
FLQS,Franklin U.S. Small Cap Multifactor Index ETF,1
FLR,Fluor,0
FLRG,Fidelity U.S. Multifactor ETF,1
FLRN,State Street SPDR Bloomberg Investment Grade Floating Rate ETF,1
FLRT,Pacer Aristotle Pacific Floating Rate High Income ETF,1
FLS,Flowserve,0
FLSA,Franklin FTSE Saudi Arabia ETF,1
FLSP,Franklin Systematic Style Premia ETF,1
FLSW,Franklin FTSE Switzerland ETF,1
FLTB,Fidelity Limited Term Bond ETF,1
FLTR,VanEck IG Floating Rate ETF,1
FLTW,Franklin FTSE Taiwan ETF,1
FLUD,Franklin Ultra Short Bond ETF,1
FLUT,Flutter Entertainment,0
FLUX,Flux Power,0
FLV,American Century Focused Large Cap Value ETF,1
FLWS,1-800-FLOWERS.COM,0
FLX,BingEx,0
FLXI,Invesco Flexible Income ETF,1
FLXN,Horizon Flexible Income ETF,1
FLXR,TCW Flexible Income ETF,1
FLXS,Flexsteel Industries,0
FLY,Firefly Aerospace,0
FLYD,MicroSectors Travel -3x Inverse Leveraged ETN,1
FLYE,Fly-E,0
FLYT,Tradr 2X Long FLY Daily ETF,1
FLYU,MicroSectors Travel 3x Leveraged ETN,1
FLYW,Flywire Corporation - Voting,0
FLYX,flyExclusive,0
FLZH,Flash Sports & Media,0
FMAC,Future Money Acquisition,0
FMACR,Future Money Acquisition,0
FMACU,Future Money Acquisition,0
FMAG,Fidelity Magellan ETF,1
FMAO,Farmers & Merchants Bancorp,0
FMAR,FT Vest U.S. Equity Buffer ETF - March,1
FMAT,Fidelity MSCI Materials Index ETF,1
FMAY,FT Vest U.S. Equity Buffer ETF - May,1
FMB,First Trust Managed Municipal ETF,1
FMBH,First Mid Bancshares,0
FMC,FMC,0
FMCE,FM Compounders Equity ETF,1
FMCX,FM Focus Equity ETF,1
FMDE,Fidelity Enhanced Mid Cap Core ETF,1
FMED,Fidelity Disruptive Medicine ETF,1
FMET,Fidelity Metaverse ETF,1
FMF,First Trust Managed Futures Strategy Fund,1
FMFC,Kandal M Venture,0
FMHI,First Trust Municipal High Income ETF,1
FMKT,The Free Markets ETF,1
FMN,Federated Hermes Premier Municipal Income Fund,0
FMNB,Farmers National Banc,0
FMNY,First Trust New York Municipal High Income ETF,1
FMQQ,FMQQ The Next Frontier Internet ETF,1
FMS,Fresenius Medical Care,0
FMST,Foremost Clean Energy,0
FMSTW,Foremost Clean Energy,0
FMTL,First Trust Indxx Critical Metals ETF,1
FMTM,MarketDesk Focused U.S. Momentum ETF,1
FMUB,Fidelity Municipal Bond Opport,1
FMUN,Fidelity Systematic Municipal Bond Index ETF,1
FMX,Fomento Economico Mexicano S.A.B. de C.V,0
FMY,First Trust Mortgage Income Fund,0
FN,Fabrinet,0
FNB,,0
FNCL,Fidelity MSCI Financials Index ETF,1
FND,Floor & Decor,0
FNDA,Schwab Fundamental U.S. Small Company ETF,1
FNDB,Schwab Fundamental U.S. Broad Market ETF,1
FNDC,Schwab Fundamental International Small Equity ETF,1
FNDE,Schwab Fundamental Emerging Markets Equity ETF,1
FNDF,Schwab Fundamental International Equity ETF,1
FNDX,Schwab Fundamental U.S. Large Company ETF,1
FNF,Fidelity National Financial,0
FNG,Leverage Shares 2X Long FN Daily ETF,1
FNGD,"MicroSectors FANG Index -3X Inverse Leveraged ETNs due January 8, 2038",0
FNGG,Direxion Daily NYSE FANG+ Bull 2X ETF,1
FNGO,"MicroSectors FANG Index 2X Leveraged ETNs due January 8, 2038",0
FNGR,FingerMotion,0
FNGS,"MicroSectors FANG ETNs due January 8, 2038",1
FNGU,MicroSectors FANG+ 3X Leveraged ETNs,1
FNK,First Trust Mid Cap Value AlphaDEX Fund,1
FNKO,Funko,0
FNLC,"First Bancorp, Inc (ME)",0
FNOV,FT Vest U.S. Equity Buffer ETF - November,1
FNRN,First Northern Comm,0
FNUC,Frontier Nuclear and Minerals,0
FNV,Franco-Nevada,0
FNWB,First Northwest Bancorp,0
FNWD,Finward Bancorp,0
FNX,First Trust Mid Cap Core AlphaDEX Fund,1
FNY,First Trust Mid Cap Growth AlphaDEX Fund,1
FOA,Finance of America Companies,0
FOCL,EDAP TMS S.A,0
FOCT,FT Vest U.S. Equity Buffer ETF - October,1
FOF,Cohen & Steers Closed-End Opport,0
FOFO,Hang Feng Technology Innovation,0
FOMG,Leverage Shares 2X Long FORM Daily ETF,1
FOPC,Frontier Asset Opportunistic Credit ETF,1
FOR,Forestar,0
FORH,Formidable ETF,1
FORM,FormFactor,0
FORR,Forrester Research,0
FORTY,Formula Systems (1985),0
FOSL,Fossil,0
FOTO,Tuttle Capital Pure Play Photonics ETF,1
FOUR,Shift4 Payments,0
FOWF,Pacer Solactive Whitney Future of Warfare ETF,1
FOX,Fox,0
FOXA,Fox,0
FOXF,Fox Factory,0
FOXX,Foxx Development,0
FOXXW,Foxx Development,0
FOXY,Simplify Currency Strategy ETF,1
FPA,First Trust Asia Pacific Ex-Japan AlphaDEX Fund,1
FPAA,FPA Global Allocation ETF,1
FPAG,FPA Global Equity ETF,1
FPAS,FPA Short Duration Government ETF,1
FPE,First Trust Preferred Securities and Income ETF ETF,1
FPEI,First Trust Institutional Preferred Securities and Income ETF,1
FPF,First Trust Intermediate Duration Preferred & Income Fund,0
FPFD,Fidelity Preferred Securities & Income ETF,1
FPH,Five Point,0
FPI,Farmland Partners,0
FPRO,Fidelity Real Estate Investment ETF,1
FPS,Forgent Power Solutions,0
FPSX,Leverage Shares 2X Long FPS Daily ETF,1
FPWR,First Trust EIP Power Solutions ETF,1
FPX,First Trust US Equity Opport,1
FPXE,First Trust IPOX Europe Equity Opport,1
FPXI,First Trust International Equity Opport,1
FQAL,Fidelity Quality Factor ETF,1
FR,First Industrial Realty Trust,0
FRA,Blackrock Floating Rate Income Strategies Fund,0
FRAF,Franklin Financial Services,0
FRBA,First Bank,0
FRBT,Forb,0
FRD,Friedman Industries,0
FRDM,Freedom 100 Emerging Markets ETF,1
FREI,Fidelity Real Estate Income ETF,1
FREL,Fidelity MSCI Real Estate Index ETF,1
FRGN,Horizon International Equity ETF,1
FRGT,Freight Technologies,0
FRHC,Freedom,0
FRI,First Trust S&P REIT Index Fund,1
FRIZ,Franklin Dividend Growth ETF,1
FRME,First Merchants,0
FRMEP,"First Merchants Corporation - Depository Shares, each representing a 1/100th interest in a share of 7.50% Non-Cumulative Perpetual",0
FRMI,Fermi,0
FRMM,Forum Markets,0
FRNM,Freenome,0
FRNW,Fidelity Clean Energy ETF,1
FRO,Frontline,0
FROG,JFrog,0
FRPH,FRP,0
FRPT,Freshpet,0
FRSH,Freshworks,0
FRST,Primis Financial,0
FRSX,Foresight Autonomous,0
FRT,Federal Realty Investment Trust,0
FRTT,Fort Technology,0
FRTY,Alger Mid Cap 40 ETF,1
FRVO,Fervo Energy,0
FRWD,Nomura Transformational Technologies ETF,1
FSBC,Five Star Bancorp,0
FSBW,FS Bancorp,0
FSCC,Federated Hermes MDT Small Cap Core ETF,1
FSCO,FS Credit Opport,0
FSCS,First Trust SMID Capital Strength ETF,1
FSEA,First Seacoast Bancorp,0
FSEC,Fidelity Investment Grade Securitized ETF,1
FSEG,Fidelity Enhanced Small Cap Growth ETF,1
FSEP,FT Vest U.S. Equity Buffer ETF - September,1
FSEV,Fidelity Enhanced Small Cap Value ETF,1
FSGS,First Trust SMID Growth Strength ETF,1
FSHP,Flag Ship Acquisition,0
FSHPR,Flag Ship Acquisition,0
FSHPU,Flag Ship Acquisition,0
FSI,Flexible Solutions International,0
FSIG,First Trust Limited Duration Investment Grade Corporate ETF,1
FSK,FS KKR Capital,0
FSLR,First Solar,0
FSLY,Fastly,0
FSM,Fortuna Mining,0
FSMB,First Trust Short Duration Managed Municipal ETF,1
FSMD,Fidelity Small-Mid Multifactor ETF,1
FSML,Franklin Small Cap Enhanced ETF,1
FSOL,Fidelity Solana Fund,1
FSP,Franklin Street Properties,0
FSPC,First Trust Bloomberg Space Economy ETF,1
FSS,Federal Signal,0
FSSL,FS Specialty Lending Fund,0
FSTA,Fidelity MSCI Consumer Staples Index ETF,1
FSTB,Fidelity Short-Term Bond ETF,1
FSTR,L.B. Foster,0
FSUN,FirstSun Capital Bancorp,0
FSV,FirstService,0
FSYD,Fidelity Sustainable High Yield ETF,1
FSZ,First Trust Switzerland AlphaDEX Fund,1
FT,Franklin Universal Trust,0
FTA,First Trust Large Cap Value AlphaDEX Fund,1
FTAG,First Trust Indxx Global Agriculture ETF,1
FTAI,FTAI Aviation,0
FTAIM,FTAI Aviation Ltd. - 9.500% Fixed-Rate Reset Series D Cumulative Perpetual Redeemable Preferred Shares,0
FTBD,Fidelity Tactical Bond ETF,1
FTBI,First Trust Balanced Income ETF,1
FTC,First Trust Large Cap Growth AlphaDEX Fund,1
FTCA,Franklin California Municipal Income ETF,1
FTCB,First Trust Core Investment Grade ETF,1
FTCE,First Trust New Constructs Core Earnings Leaders ETF,1
FTCI,FTC Solar,0
FTCS,First Trust Capital Strength ETF,1
FTDR,Frontdoor,0
FTDS,First Trust Dividend Strength ETF,1
FTEC,Fidelity MSCI Information Technology Index ETF,1
FTEK,Fuel Tech,0
FTF,Franklin Limited Duration Income Trust,0
FTFT,Future FinTech,0
FTGC,First Trust Global Tactical Commodity Strategy Fund,1
FTGS,First Trust Growth Strength ETF,1
FTH,Faeth Therapeutics,0
FTHA,Forefront Tech Holdings Acquisition,0
FTHAU,Forefront Tech Holdings Acquisition,0
FTHAW,Forefront Tech Holdings Acquisition,0
FTHB,FIS Faith Income ETF,1
FTHF,First Trust Emerging Markets Human Flourishing ETF,1
FTHI,First Trust BuyWrite Income ETF,1
FTHM,Fathom,0
FTHY,First Trust High Yield Opport,0
FTI,TechnipFMC,0
FTIF,First Trust Bloomberg Inflation Sensitive Equity ETF,1
FTK,Flotek Industries,0
FTKI,First Trust Small Cap BuyWrite Income ETF,1
FTLF,FitLife Brands,0
FTLS,First Trust Long/Short Equity,1
FTMA,Franklin Massachusetts Municipal Income ETF,1
FTMH,Franklin Municipal High Yield ETF,1
FTMN,Franklin Minnesota Municipal Income ETF,1
FTMS,Franklin Short-Term Municipal Income ETF,1
FTMU,Franklin Municipal Income ETF,1
FTNJ,Franklin New Jersey Municipal Income ETF,1
FTNT,Fortinet,0
FTNY,Franklin New York Municipal Income ETF,1
FTOH,Franklin Ohio Municipal Income ETF,1
FTPA,Franklin Pennsylvania Municipal Income ETF,1
FTQI,First Trust Nasdaq BuyWrite Income ETF,1
FTRA,FutureCorp Space Acquisition 1,0
FTRB,Federated Hermes Total Return Bond ETF,1
FTRE,Fortrea,0
FTRI,First Trust Indxx Global Natural Resources Income ETF,1
FTRK,FAST TRACK,0
FTS,Fortis,0
FTSD,Franklin Short Duration U.S. Government ETF,1
FTSL,First Trust Senior Loan Fund,1
FTSM,First Trust Enhanced Short Maturity ETF,1
FTV,Fortive,0
FTW,Presidio Production,0
FTWO,Strive Natural Resources and Security ETF,1
FTXG,First Trust Nasdaq Food & Beverage ETF,1
FTXH,First Trust Nasdaq Pharmaceuticals ETF,1
FTXL,First Trust Nasdaq Semiconductor ETF,1
FTXN,First Trust Nasdaq Oil & Gas ETF,1
FTXO,First Trust Nasdaq Bank ETF,1
FTXR,First Trust Nasdaq Transportation ETF,1
FUBO,FuboTV,0
FUFU,BitFuFu,0
FUFUW,BitFuFu,0
FUL,H. B. Fuller,0
FULC,Fulcrum Therapeutics,0
FULT,Fulton Financial,0
FULTP,Fulton Financial,0
FUMB,First Trust Ultra Short Duration Municipal ETF,1
FUN,Six Flags Entertainment,0
FUNC,First,0
FUND,"Sprott Focus Trust, Inc. - Closed End Fund",0
FURY,Fury Gold Mines,0
FUSB,First US Bancshares,0
FUSD,Federated Hermes Ultrashort Bond ETF,1
FUSE,Fusemachines,0
FUSEW,Fusemachines,0
FUSI,American Century Multisector Floating Income ETF,1
FUTG,Leverage Shares 2x Long FUTU Daily ETF,1
FUTU,Futu,0
FUTY,Fidelity MSCI Utilities Index ETF,1
FV,First Trust Dorsey W,1
FVAL,Fidelity Value Factor ETF,1
FVAV,Fortress Value Acquisition Corp. V,0
FVC,First Trust Dorsey W,1
FVCB,FVCBankcorp,0
FVD,First Trust VL Dividend,1
FVN,Future Vision II Acquisition,0
FVNNR,Future Vision II Acquisition,0
FVNNU,Future Vision II Acquisition,0
FVR,FrontView REIT,0
FVRR,Fiverr International,0
FWAC,Futurewave Acquisition,0
FWACR,Futurewave Acquisition,0
FWACU,Futurewave Acquisition,0
FWACW,Futurewave Acquisition,0
FWD,AB Disruptors ETF,1
FWDI,Forward Industries,0
FWONA,Liberty Media Corporation - Series A Liberty Formula One,0
FWONK,Liberty Media Corporation - Series C Liberty Formula One,0
FWRD,Forward Air,0
FWRG,First Watch Restaurant,0
FXA,Invesco CurrencyShares Australian Dollar Trust,1
FXAC,FortuneX Acquisition,0
FXACU,FortuneX Acquisition,0
FXACW,FortuneX Acquisition,0
FXB,Invesco CurrencyShares British Pound Sterling Trust,1
FXC,Invesco CurrencyShares Canadian Dollar Trust,1
FXD,First Trust Cons. Discret. AlphaDEX,1
FXE,Invesco CurrencyShares Euro Currency Trust,1
FXED,Sound Enhanced Fixed Income ETF,1
FXF,Invesco CurrencyShares Swiss Franc Trust,1
FXG,First Trust Cons. Staples AlphaDEX,1
FXH,First Trust Health Care AlphaDEX,1
FXHO,UTime,0
FXI,iShares China Large-Cap ETF,1
FXL,First Trust Technology AlphaDEX,1
FXN,First Trust Energy AlphaDEX Fund,1
FXNC,First National,0
FXO,First Trust Financials AlphaDEX,1
FXP,ProShares UltraShort FTSE China 50,1
FXR,First Trust Industrials AlphaDEX,1
FXU,First Trust Utilities AlphaDEX Fund,1
FXY,Invesco CurrencyShares Japanese Yen Trust,1
FXZ,First Trust Materials AlphaDEX Fund,1
FYC,First Trust Small Cap Growth AlphaDEX Fund,1
FYEE,Fidelity Yield Enhanced Equity ETF,1
FYLD,Cambria Foreign Shareholder Yield ETF,1
FYT,First Trust Small Cap Value AlphaDEX Fund,1
FYX,First Trust Small Cap Core AlphaDEX Fund,1
G,Genpact,0
GAA,Cambria Global Asset Allocation ETF,1
GAB,"Gabelli Equity Trust, Inc. (The)",0
GABC,German American Bancorp,0
GABF,Gabelli ETFs Trust Gabelli Financial Services Opport,1
GAEM,Simplify Gamma Emerging Market Bond ETF,1
GAIA,Gaia,0
GAIN,Gladstone Investment Corporation - Business Development,0
GAING,Gladstone Investment Corporation - 7.125%,0
GAINI,Gladstone Investment Corporation - 7.875%,0
GAINZ,Gladstone Investment Corporation - 4.875%,0
GAL,State Street Global Allocation ETF,1
GALT,Galectin Therapeutics,0
GALX,VistaShares Space Supercycle ETF,1
GAM,General American Investors,0
GAME,GameSquare,0
GAMR,Amplify Video Game Leaders ETF,1
GANX,Gain Therapeutics,0
GAP,"Gap, Inc. (The)",0
GAPR,FT Vest U.S. Equity Moderate Buffer ETF - April,1
GARA,Guinness Atkinson Real Assets Income ETF,1
GARP,iShares MSCI USA Quality GARP ETF,1
GARY,Mango Growth ETF,1
GASS,StealthGas,0
GASZ,Corgi Natural Gas Power & Turbines ETF,1
GATX,GATX,0
GAU,Galiano Gold,0
GAUG,FT Vest U.S. Equity Moderate Buffer ETF - August,1
GAUZ,Gauzy,0
GAVA,Grayscale Avalanche Staking ETF,1
GBAB,Guggenheim Taxable Municipal Bond & Investment Grade Debt Trust,0
GBCI,Glacier Bancorp,0
GBDC,"Golub Capital BDC, Inc. - Closed End Fund",0
GBF,iShares Government/Credit Bond ETF,1
GBFH,GBank Financial,0
GBHI,Gabelli High Income ETF,1
GBIL,Goldman Sachs Access Treasury 0-1 Year ETF,1
GBLI,Global Indemnity,0
GBND,Goldman Sachs Core Bond ETF,1
GBR,New Concept Energy,0
GBTC,Grayscale Bitcoin Trust (BTC),1
GBTG,Global Business Travel,0
GBUG,Sprott Active Gold & Silver Miners ETF,1
GBX,"Greenbrier Companies, Inc. (The)",0
GCAD,Gabelli Commercial Aerospace and Defense ETF,1
GCAL,Goldman Sachs Dynamic California Municipal Income ETF,1
GCBC,Greene County Bancorp,0
GCC,WisdomTree EnhancedContinuous Commodity Index Fund,1
GCDT,Green Circle Decarbonize Technology,0
GCGR,General Catalyst Global Resilience Merger,0
GCGRU,General Catalyst Global Resilience Merger,0
GCGRW,General Catalyst Global Resilience Merger,0
GCL,GCL Global,0
GCLWW,GCL Global,0
GCMG,GCM Grosvenor,0
GCO,Genesco,0
GCOR,Goldman Sachs Access U.S. Aggregate Bond ETF,1
GCOW,Pacer Global Cash Cows Dividend ETF,1
GCSH,Guggenheim Ultra Short Income ETF,1
GCT,GigaCloud Technology,0
GCTK,GlucoTrack,0
GCTS,GCT Semiconductor,0
GCV,"Gabelli Convertible and Income Securities Fund, Inc. (The)",0
GD,General Dynamics,0
GDC,GD Culture,0
GDDY,GoDaddy,0
GDE,WisdomTree Efficient Gold Plus Equity Strategy Fund,1
GDEC,FT Vest U.S. Equity Moderate Buffer ETF - December,1
GDEV,GDEV,0
GDEVW,GDEV,0
GDHG,Golden Heaven,0
GDIV,Harbor Dividend Growth Leaders ETF,1
GDL,GDL Fund,0
GDLC,Grayscale CoinDesk Crypto 5 ETF,1
GDMA,Gadsden Dynamic Multi-Asset ETF,1
GDMN,WisdomTree Efficient Gold Plus Gold Miners Strategy Fund,1
GDO,Western Asset Global Corporate Opport,0
GDOC,Goldman Sachs Future Health Care Equity ETF,1
GDOG,Grayscale Dogecoin Trust ETF,1
GDOT,Green Dot,0
GDRX,GoodRx,0
GDS,GDS,0
GDT,WisdomTree Efficient TIPS Plus Gold Fund,1
GDTC,CytoMed Therapeutics,0
GDV,Gabelli Dividend & Income Trust,0
GDX,VanEck Gold Miners ETF,1
GDXD,MicroSectors Gold Miners -3X Inverse Leveraged ETNs,1
GDXJ,VanEck Junior Gold Miners ETF,1
GDXU,MicroSectors Gold Miners 3X Leveraged ETN,1
GDXW,Roundhill Gold Miners WeeklyPay ETF,1
GDXY,YieldMax Gold Miners Option Income Strategy ETF,1
GDYN,Grid Dynamics,0
GE,GE Aerospace,0
GECC,Great Elm Capital Corp. - Closed End Fund,0
GECCG,Great Elm Capital Corp. - 7.75%,0
GECCH,Great Elm Capital Corp. - 8.125%,0
GECCI,Great Elm Capital Corp. - 8.50%,0
GEF,Greif,0
GEG,Great Elm,0
GEGGL,"Great Elm Group, Inc. - 7.25%",0
GEHC,GE HealthCare Technologies,0
GEL,"Genesis Energy, L.P. Common",0
GELS,Gelteq,0
GEM,Goldman Sachs ActiveBeta Emerging Markets Equity ETF,1
GEMD,Goldman Sachs Access Emerging Markets USD Bond ETF,1
GEME,Pacific North of South EM Equity Active ETF,1
GEMG,Leverage Shares 2X Long GEMI Daily ETF,1
GEMI,Gemini Space Station,0
GEN,Gen Digital,0
GENB,Generate Biomedicines,0
GENC,Gencor Industries,0
GEND,Genter Capital Dividend Income ETF,1
GENI,Genius Sports,0
GENK,GEN Restaurant,0
GENM,Genter Capital Municipal Quality Intermediate ETF,1
GENT,Genter Capital Taxable Quality Intermediate ETF,1
GENVR,Gen Digital Inc. - Contingent Value,0
GENW,Genter Capital International Dividend ETF,1
GENZ,VanEck Digital Native Economy ETF,1
GEO,Geo Group Inc (The) REIT,0
GEOS,Geospace Technologies,0
GEQ,Cambria Global EW 2 ETF,1
GERN,Geron,0
GETY,Getty Images,0
GEV,GE Vernova,0
GEVC,Corgi GEV 2x Daily ETF,1
GEVG,Leverage Shares 2X Long GEV Daily ETF,1
GEVO,Gevo,0
GEVX,Tradr 2X Long GEV Daily ETF,1
GEW,Cambria Global EW ETF,1
GF,"New Germany Fund, Inc. (The)",0
GFAI,Guardforce AI,0
GFAIW,Guardforce AI,0
GFEB,FT Vest U.S. Equity Moderate Buffer ETF - February,1
GFF,Griffon,0
GFGF,Guru Favorite Stocks ETF,1
GFI,Gold Fields,0
GFL,"GFL Environmental Inc. Subordinate voting shares, no par value",0
GFLW,VictoryShares Free Cash Flow Growth ETF,1
GFR,Greenfire Resources,0
GFS,GlobalFoundries,0
GFSG,Leverage Shares 2X Long GFS Daily ETF,1
GFUZ,General Fusion,0
GFUZW,General Fusion,0
GGAL,Grupo Financiero Galicia S.A,0
GGB,Gerdau S.A,0
GGG,Graco,0
GGLL,Direxion Daily GOOGL Bull 2X ETF,1
GGLS,Direxion Daily GOOGL Bear 1X ETF,1
GGM,GGM Macro Alignment ETF,1
GGME,Invesco Next Gen Media and Gaming ETF,1
GGN,"GAMCO Global Gold, Natural Resources & Income Trust",0
GGOV,iShares Global Government Bond USD Hedged Active ETF,1
GGR,Gogoro,0
GGROW,Gogoro,0
GGRP,The Glimpse,0
GGRW,Gabelli Growth Innovators ETF,1
GGT,"Gabelli Multi-Media Trust, Inc. (The)",0
GGTL,Gabelli Global Technology Leaders ETF,1
GGUS,Goldman Sachs MarketBeta Russell 1000 Growth Equity ETF,1
GGZ,Gabelli Global Small and Mid Cap Value Trust (The),0
GH,Guardant Health,0
GHC,Graham,0
GHG,GreenTree Hospitality,0
GHI,Greystone Housing Impact Investors LP Beneficial,0
GHM,Graham,0
GHRS,GH Research,0
GHTA,Goose Hollow Tactical Allocation ETF,1
GHXIU,Gores Holdings XI,0
GHY,PGIM Global High Yield Fund,0
GHYB,Goldman Sachs Access High Yield Corporate Bond ETF,1
GHYG,iShares US & Intl High Yield Corp Bond ETF,1
GIAX,Nicholas Global Equity and Income ETF,1
GIB,CGI,0
GIBO,GIBO,0
GIBOW,GIBO,0
GIC,Global Industrial,0
GIEQ,Goldman Sachs Data Enhanced International Equity ETF,1
GIFT,Giftify,0
GIGB,Goldman Sachs Access Investment Grade Corporate Bond ETF,1
GIGL,Goldman Sachs Corporate Bond ETF,1
GIGM,GigaMedia,0
GII,State Street SPDR S&P Global Infrastructure ETF,1
GIII,G-III Apparel,0
GIL,"Gildan Activewear, Inc. Class A Sub. Vot",0
GILD,Gilead Sciences,0
GILT,Gilat Satellite Networks,0
GIND,Goldman Sachs India Equity ETF,1
GINN,Goldman Sachs Innovate Equity ETF,1
GINX,SGI Enhanced Global Income ETF,1
GIPR,Generation Income Properties,0
GIPRW,Generation Income Properties,0
GIS,General Mills,0
GISC,Guggenheim Securitized Income ETF,1
GITS,Global Interactive Technologies,0
GIW,GigCapital8,0
GIWWR,GigCapital8,0
GIWWU,GigCapital8,0
GIX,GigCapital9,0
GIXXR,GigCapital9,0
GIXXU,GigCapital9,0
GJAN,FT Vest U.S. Equity Moderate Buffer ETF - January,1
GJH,Synthetic Fixed-Income Securities Inc 6.375% (STRATS) Cl A-1,0
GJO,"Synthetic Fixed-Income Securities, Inc. on behalf of STRATS(SM) Trust for Wal-Mart Stores, Inc. Securities, Series 2004-5",0
GJP,"Synthetic Fixed-Income Securities, Inc. on behalf of STRATS (SM) Trust for Dominion Resources, Inc. Securities, Series 2005-6, Floating Rate Structured Repackaged Asset-Backed Trust Securities (STRATS) Certificates",0
GJR,"Synthetic Fixed-Income Securities, Inc. STRATS Trust for Procter&Gamble Securities, Series 2006-1",0
GJS,"Goldman Sachs Group Securities STRATS Trust for Goldman Sachs Group Securities, Series 2006-2",0
GJT,"Synthetic Fixed-Income Securities, Inc. Floating Rate Structured Repackaged Asset-Backed Trust Securities Certificates, Series 2006-3",0
GJUL,FT Vest U.S. Equity Moderate Buffer ETF - July,1
GJUN,FT Vest U.S. Equity Moderate Buffer ETF - June,1
GK,AdvisorShares Gerber Kawasaki ETF,1
GKAT,Scharf Global Opport,1
GKOS,Glaukos,0
GL,Globe Life,0
GLAD,Gladstone Capital Corporation - Closed End Fund,0
GLAM,"Corgi Beauty, Skincare & Aesthetics ETF",1
GLAS,Glass House Brands Inc. Subordinate Voting Shares,0
GLBE,Global-E Online,0
GLBL,Pacer MSCI World Industry Advantage ETF,1
GLBS,Globus Maritime,0
GLCR,GlacierShares Nasdaq Iceland ETF,1
GLD,SPDR Gold Shares,1
GLDB,IDX Alternative FIAT ETF,1
GLDG,GoldMining,0
GLDI,"ETRACS Gold Shares Covered Call ETNs due February 2, 2033",1
GLDM,SPDR Gold MiniShares Trust,1
GLDN,Nicholas Gold Income ETF,1
GLDW,Roundhill Gold WeeklyPay ETF,1
GLE,Global Engine,0
GLED,GalaxyEdge Acquisition,0
GLGG,Leverage Shares 2X Long GLXY Daily ETF,1
GLIBA,Liberty Capital Corporation - Series A GCI,0
GLIBK,Liberty Capital Corporation - Series C GCI,0
GLIN,VanEck India Growth Leaders ETF,1
GLIX,Lazard Listed Infrastructure ETF,1
GLL,ProShares UltraShort Gold,1
GLMD,Galmed Pharmaceuticals,0
GLND,Greenland Energy,0
GLNDW,Greenland Energy,0
GLNG,Golar LNG,0
GLNK,Grayscale Chainlink Trust ETF,1
GLO,Clough Global Opport,0
GLOB,Globant S.A,0
GLOF,iShares Global Equity Factor ETF,1
GLOO,Gloo,0
GLOW,VictoryShares WestEnd Global Equity ETF,1
GLP,Global Partners LP Common,0
GLPI,Gaming and Leisure Properties,0
GLQ,Clough Global Equity Fund Clough Global Equity Fund,0
GLRE,Greenlight Reinsurance,0
GLRY,Inspire Growth ETF,1
GLSI,Greenwich LifeSciences,0
GLTR,abrdn Physical Precious Metals Basket Shares ETF,1
GLU,Gabelli Global Utility,0
GLUE,Monte Rosa Therapeutics,0
GLV,Clough Global Dividend and Income Fund,0
GLW,Corning,0
GLWG,Leverage Shares 2X Long GLW Daily ETF,1
GLX,Corgi GLXY 2x Daily ETF,1
GLXG,Galaxy Payroll,0
GLXU,T-REX 2X Long GLXY Daily Target ETF,1
GLXY,Galaxy Digital,0
GM,General Motors,0
GMAB,Genmab A/S,0
GMAR,FT Vest U.S. Equity Moderate Buffer ETF - March,1
GMAY,FT Vest U.S. Equity Moderate Buffer ETF - May,1
GME,GameStop,0
GMEC,Corgi GME 2x Daily ETF,1
GMED,Globus Medical,0
GMEU,T-REX 2X Long GME Daily Target ETF,1
GMEX,GMEX ROBOTICS,0
GMEY,YieldMax GME Option Income Strategy ETF,1
GMF,State Street SPDR S&P Emerging Asia Pacific ETF,1
GMHS,Gamehaus,0
GMM,Global Mofy AI,0
GMMA,GammaRoad Market Navigation ETF,1
GMMF,iShares Government Money Market ETF,1
GMNY,Goldman Sachs Dynamic New York Municipal Income ETF,1
GMOC,GMO Ultra-Short Income ETF,1
GMOD,GMO Dynamic Allocation ETF,1
GMOI,GMO International Value ETF,1
GMOM,Cambria Global Momentum ETF,1
GMOV,GMO US Value ETF,1
GMRS,GMR Solutions,0
GMTL,Guardian Metal Resources PLC ADS,0
GMUB,Goldman Sachs Municipal Income ETF,1
GNE,Genie Energy,0
GNK,Genco Shipping & Trading,0
GNL,Global Net Lease,0
GNLN,Greenlane,0
GNLX,Genelux,0
GNMA,iShares GNMA Bond ETF,1
GNMX,Corgi Genomics & Precision Medicine ETF,1
GNOM,Global X Genomics & Biotechnology ETF,1
GNOV,FT Vest U.S. Equity Moderate Buffer ETF - November,1
GNPX,Genprex,0
GNR,State Street SPDR S&P Global Natural Resources ETF,1
GNRC,Generac Holdlings,0
GNS,Genius,0
GNSS,Genasys,0
GNT,"GAMCO Natural Resources, Gold & Income Trust",0
GNTA,Genenta Science S.p.A,0
GNTX,Gentex,0
GNW,Genworth Financial,0
GO,Grocery Outlet,0
GOAI,Eva Live,0
GOAU,US Global GO Gold and Precious Metal Miners ETF,1
GOCT,FT Vest U.S. Equity Moderate Buffer ETF - October,1
GOEX,Global X Gold Explorers ETF,1
GOF,Guggenheim Strategic Opport,0
GOGL,Corgi GOOGL 2x Daily ETF,1
GOGO,Gogo,0
GOIB,Direxion GOOGL Defined Income Boost ETF,1
GOLD,Gold.com,0
GOLF,Acushnet,0
GOLI,Defiance Gold Enhanced Options Income ETF,1
GOLS,Gabelli Opport,1
GOLY,Strategy Shares Gold Enhanced Yield ETF,1
GOOD,Gladstone Commercial Corporation - Real Estate Investment Trust,0
GOODN,Gladstone Commercial Corporation - 6.625% Series E Cumulative Redeemable,0
GOODO,Gladstone Commercial Corporation - 6.00% Series G Cumulative Redeemable,0
GOOG,Alphabet,0
GOOGL,Alphabet,0
GOOGM,Alphabet,0
GOOGN,Alphabet,0
GOOL,Leverage Shares 2X Long GOOGL Daily ETF,1
GOOP,Kurv Yield Premium Strategy Google (GOOGL) ETF,1
GOOS,Canada Goose Holdings Inc. Subordinate Voting Shares,0
GOOW,Roundhill GOOGL WeeklyPay ETF,1
GOOX,T-Rex 2X Long Alphabet Daily Target ETF,1
GOOY,YieldMax GOOGL Option Income Strategy ETF,1
GOP,Subversive Congressional Republicans Trading ETF,1
GORO,Goldgroup Mining,0
GOSS,Gossamer Bio,0
GOTU,Gaotu Techedu,0
GOU,GraniteShares 2x Long GOOGL Daily ETF,1
GOVI,Invesco Equal Weight 0-30 Year Treasury ETF,1
GOVM,iShares 1-10 Year Treasury Bond ETF,1
GOVT,iShares U.S. Treasury Bond ETF,1
GOVX,GeoVax Labs,0
GOVZ,iShares 25 Year Treasury STRIPS Bond ETF,1
GP,GreenPower Motor,0
GPAC,General Purpose Acquisition,0
GPACU,General Purpose Acquisition,0
GPACW,General Purpose Acquisition,0
GPAT,GP-Act III Acquisition,0
GPATU,GP-Act III Acquisition,0
GPATW,GP-Act III Acquisition,0
GPC,Genuine Parts,0
GPCR,Structure Therapeutics,0
GPGI,GPGI,0
GPI,Group 1 Automotive,0
GPIQ,Goldman Sachs Nasdaq-100 Premium Income ETF,1
GPIX,Goldman Sachs S&P 500 Premium Income ETF,1
GPJA,Georgia Power Company Series 2017A 5.00% Junior Subordinated,0
GPK,Graphic Packaging,0
GPMT,Granite Point Mortgage Trust,0
GPN,Global Payments,0
GPOR,Gulfport Energy,0
GPRE,Green Plains,0
GPRF,Goldman Sachs Access U.S,1
GPRK,Geopark,0
GPRO,GoPro,0
GPT,Intelligent Alpha Atlas ETF,1
GPTY,YieldMax AI & Tech Portfolio Option Income ETF,1
GPUS,Hyperscale Data,0
GPZ,VanEck Alternative Asset Manager ETF,1
GQGU,GQG US Equity ETF,1
GQI,Natixis Gateway Quality Income ETF,1
GQQQ,Astoria US Quality Growth Kings ETF,1
GQRE,FlexShares Global Quality Real Estate Index Fund,1
GRAB,Grab,0
GRABW,Grab,0
GRAG,Leverage Shares 2X Long GRAB Daily ETF,1
GRAL,GRAIL,0
GRAN,Grande,0
GRBK,Green Brick Partners,0
GRC,Gorman-Rupp Company (The),0
GRCE,Grace Therapeutics,0
GRDN,Guardian Pharmacy Services,0
GRDX,GridAI Technologies,0
GREEL,Vulcan Infrastructure and Power Inc. - 8.50% Senior,0
GREK,Global X MSCI Greece ETF,1
GRF,Eagle Capital Growth Fund,0
GRFS,"Grifols, S.A",0
GRI,GRI Bio,0
GRID,First Trust NASDAQ Clean Edge Smart Grid Infrastructure Index Fund,1
GRIN,VictoryShares International Free Cash Flow Growth ETF,1
GRML,Greenland Mines,0
GRMLW,Greenland Mines,0
GRMN,Garmin,0
GRN,iPath Series B Carbon Exchange-Traded,0
GRNB,VanEck Green Bond ETF,1
GRND,Grindr,0
GRNI,Fundstrat Granny Shots US Large Cap & Income ETF,1
GRNJ,Fundstrat Granny Shots US Small- & Mid-Cap ETF,1
GRNQ,Greenpro Capital,0
GRNT,Granite Ridge Resources,0
GRNY,Fundstrat Granny Shots US Large Cap ETF,1
GRO,Brazil Potash,0
GROV,Grove Collaborative,0
GROW,U.S. Global Investors,0
GROY,Gold Royalty,0
GROZ,Zacks Focus Growth ETF,1
GRPM,Invesco S&P MidCap 400 GARP ETF,1
GRPN,Groupon,0
GRPZ,Invesco S&P SmallCap 600 GARP ETF,1
GRRR,Gorilla Technology,0
GRRRW,Gorilla Technology,0
GRSD,Grandstand,0
GRVY,GRAVITY,0
GRW,TCW Durable Growth ETF,1
GRWG,GrowGeneration,0
GRX,The Gabelli Healthcare & Wellness Trust,0
GS,"Goldman Sachs Group, Inc. (The)",0
GSAT,Globalstar,0
GSBC,Great Southern Bancorp,0
GSBD,Goldman Sachs BDC,0
GSC,Goldman Sachs Small Cap Equity ETF,1
GSEE,Goldman Sachs MarketBeta Emerging Markets Equity ETF,1
GSEP,FT Vest U.S. Equity Moderate Buffer ETF - September,1
GSEU,Goldman Sachs ActiveBeta Europe Equity ETF,1
GSEW,Goldman Sachs Equal Weight U.S. Large Cap Equity ETF,1
GSG,iShares GSCI Commodity-Indexed Trust Fund,1
GSGO,Goldman Sachs Growth Opport,1
GSHD,Goosehead Insurance,0
GSHR,Gesher Acquisition Corp. II,0
GSHRU,Gesher Acquisition Corp. II,0
GSHRW,Gesher Acquisition Corp. II,0
GSIB,Themes Global Systemically Important Banks ETF,1
GSID,Goldman Sachs MarketBeta International Equity ETF,1
GSIE,Goldman Sachs ActiveBeta International Equity ETF,1
GSIT,GSI Technology,0
GSIW,Garden Stage,0
GSJY,Goldman Sachs ActiveBeta Japan Equity ETF,1
GSK,GSK,0
GSKH,GSK plc ADRhedged,1
GSL,Global Ship Lease Inc New,0
GSLC,Goldman Sachs ActiveBeta U.S. Large Cap Equity ETF,1
GSM,Ferroglobe,0
GSOL,Grayscale Solana Staking ETF,1
GSPY,Gotham Enhanced 500 ETF,1
GSRF,GSR IV Acquisition,0
GSRFR,GSR IV Acquisition,0
GSRFU,GSR IV Acquisition,0
GSRV,GSR V Acquisition,0
GSRVR,GSR V Acquisition,0
GSRVU,GSR V Acquisition,0
GSSC,GS ActiveBeta U.S. Small Cap Equity ETF,1
GSST,Goldman Sachs Ultra Short Bond ETF,1
GSUI,Grayscale Sui Staking ETF,1
GSUN,Golden Sun Technology,0
GSUS,Goldman Sachs MarketBeta U.S. Equity ETF,1
GSWO,Goldman Sachs ActiveBeta World Equity ETF,1
GSY,Invesco Ultra Short Duration ETF,1
GT,The Goodyear Tire & Rubber,0
GTBP,GT Biopharma,0
GTE,Gran Tierra Energy,0
GTEC,Greenland Technologies,0
GTEK,Goldman Sachs Future Tech Leaders Equity ETF,1
GTEN,Gores Holdings X,0
GTENU,Gores Holdings X,0
GTENW,Gores Holdings X,0
GTERA,Globa Terra Acquisition,0
GTERR,Globa Terra Acquisition,0
GTERU,Globa Terra Acquisition,0
GTERW,Globa Terra Acquisition,0
GTES,Gates Industrial,0
GTIM,Good Times Restaurants,0
GTIP,Goldman Sachs Access Inflation Protected USD Bond ETF,1
GTLB,GitLab,0
GTM,ZoomInfo Technologies,0
GTN,Gray Media,0
GTND,Goaltender ETF,1
GTO,Invesco Total Return Bond ETF,1
GTOC,Invesco Core Fixed Income ETF,1
GTOH,Invesco Short Duration High Yield ETF,1
GTOP,Goldman Sachs Technology Opport,1
GTOQ,Invesco High Yield Systematic Bond ETF,1
GTOS,Invesco Short Duration Total Return Bond ETF,1
GTPE,Goldman Sachs MSCI World Private Equity Return Tracker ETF,1
GTR,WisdomTree Target Range Fund,1
GTX,Garrett Motion,0
GTY,Getty Realty,0
GUAC,Berto Acquisition Corp. II,0
GUACU,Berto Acquisition Corp. II,0
GUACW,Berto Acquisition Corp. II,0
GUG,Guggenheim Active Allocation Fund,0
GUMI,Goldman Sachs Ultra Short Municipal Income ETF,1
GUNR,FlexShares Global Upstream Natural Resources Index Fund ETF,1
GURE,Gulf Resources,0
GURU,Global X Guru Index ETF,1
GUSA,Goldman Sachs MarketBeta U.S. 1000 Equity ETF,1
GUSE,Goldman Sachs Enhanced U.S. Equity ETF,1
GUSH,Direxion Daily S&P Oil & Gas Exp. & Prod. Bull 2X ETF,1
GUT,Gabelli Utility Trust (The),0
GUTS,Fractyl Health,0
GVA,Granite Construction,0
GVAL,Cambria Global Value ETF,1
GVH,Globavend Holdings Limited - Ord Shares,0
GVI,iShares Intermediate Government/Credit Bond ETF,1
GVIP,Goldman Sachs Hedge Industry VIP ETF,1
GVLE,Goldman Sachs Value Opport,1
GVLU,Gotham 1000 Value ETF,1
GVUS,Goldman Sachs MarketBeta Russell 1000 Value Equity ETF,1
GWAV,Greenwave Technology Solutions,0
GWH,ESS Tech,0
GWRE,Guidewire Software,0
GWRS,Global Water Resources,0
GWW,W.W. Grainger,0
GWX,State Street SPDR S&P International Small Cap ETF,1
GXAI,Gaxos.ai,0
GXC,State Street SPDR S&P China ETF,1
GXDW,Global X Dorsey W,1
GXIG,Global X Investment Grade Corporate Bond ETF,1
GXLC,Global X U.S. 500 ETF,1
GXO,GXO Logistics,0
GXPC,Global X PureCap MSCI Communication Services ETF,1
GXPD,Global X PureCap MSCI Consumer Discretionary ETF,1
GXPE,Global X PureCap MSCI Energy ETF,1
GXPS,Global X PureCap MSCI Consumer Staples ETF,1
GXPT,Global X PureCap MSCI Information Technology ETF,1
GXRP,Grayscale XRP Trust ETF,1
GXUS,Goldman Sachs MarketBeta Total International Equity ETF,1
GYGY,Game Your Game,0
GYLD,Arrow Dow Jones Global Yield ETF ETF,1
GYRE,Gyre Therapeutics,0
GYRO,Gyrodyne,0
H,Hyatt Hotels,0
HACK,Amplify Cybersecurity ETF,1
HACQ,HCM IV Acquisition,0
HACQU,HCM IV Acquisition,0
HACQW,HCM IV Acquisition,0
HAE,Haemonetics,0
HAFC,Hanmi Financial,0
HAFN,Hafnia,0
HAIL,State Street SPDR S&P Kensho Smart Mobility ETF,1
HAIN,The Hain Celestial,0
HAKY,Amplify HACK Cybersecurity Covered Call ETF,1
HAL,Halliburton,0
HALO,Halozyme Therapeutics,0
HALX,Tuttle Capital Heavy Assets Low Obsolescence ETF,1
HAO,Haoxi Health Technology Limited - Class A Ord Share,0
HAP,VanEck Natural Resources ETF,1
HAPI,Harbor Human Capital Factor US Large Cap ETF,1
HAPN,Happen,0
HAPS,Harbor Human Capital Factor US Small Cap ETF,1
HARD,Simplify Commodities Strategy No K-1 ETF,1
HAS,Hasbro,0
HASI,HA Sustainable Infrastructure Capital,0
HAUS,Residential REIT ETF,1
HAUZ,Xtrackers International Real Estate ETF,1
HAVA,Harvard Ave Acquisition,0
HAVAR,Harvard Ave Acquisition,0
HAVAU,Harvard Ave Acquisition,0
HAWK,HawkEye 360,0
HAWX,iShares Currency Hedged MSCI ACWI ex U.S. ETF,1
HAYW,Hayward,0
HBAN,Huntington Bancshares,0
HBANL,Huntington Bancshares,0
HBANM,Huntington Bancshares,0
HBANP,Huntington Bancshares,0
HBANZ,Huntington Bancshares,0
HBB,Hamilton Beach Brands,0
HBCP,Home Bancorp,0
HBDC,Hilton BDC Corporate Bond ETF,1
HBIO,Harvard Bioscience,0
HBM,Hudbay Minerals,0
HBMX,Tuttle Capital Concentrated Memory Stack ETF,1
HBNB,Hotel101 Global,0
HBNC,Horizon Bancorp,0
HBR,Canary HBAR ETF,1
HBRD,Invesco U.S. Hybrid Bond ETF,1
HBT,HBT Financial,0
HBTA,Horizon Expedition Plus ETF,1
HBTC,Fortuna Hedged Bitcoin ETF,1
HCA,HCA Healthcare,0
HCAC,Hall Chadwick Acquisition,0
HCACR,Hall Chadwick Acquisition,0
HCACU,Hall Chadwick Acquisition,0
HCAI,Huachen AI Parking Management Technology,0
HCAT,Health Catalyst,0
HCC,Warrior Met Coal,0
HCHL,Happy City,0
HCI,HCI,0
HCIC,Hennessy Capital Investment Corp. VIII,0
HCICR,Hennessy Capital Investment Corp. VIII - Share,0
HCICU,Hennessy Capital Investment Corp. VIII,0
HCKT,The Hackett,0
HCM,HUTCHMED (China),0
HCMA,HCM III Acquisition,0
HCMAU,HCM III Acquisition,0
HCMAW,HCM III Acquisition,0
HCMT,Direxion HCM Tactical Enhanced US ETF,1
HCOW,Amplify COWS Covered Call ETF,1
HCRB,Hartford Core Bond ETF,1
HCSG,Healthcare Services,0
HCTI,Healthcare Triangle,0
HCWB,HCW Biologics,0
HCWC,Healthy Choice Wellness,0
HCXY,"Hercules Capital, Inc. 6.25%",0
HD,"Home Depot, Inc. (The)",0
HDB,HDFC Bank,0
HDEF,Xtrackers MSCI EAFE High Dividend Yield Equity ETF,1
HDG,ProShares Hedge Replication ETF,1
HDGE,Ranger Equity Bear Bear ETF,1
HDL,SUPER HI INTERNATIONAL,0
HDLB,"ETRACS Monthly Pay 2xLeveraged US High Dividend Low Volatility ETN Series B due September 30, 2044",1
HDMV,First Trust Horizon Managed Volatility Developed International ETF,1
HDRN,Hadron Energy,0
HDRNW,Hadron Energy,0
HDSN,Hudson Technologies,0
HDUS,Hartford Disciplined US Equity ETF,1
HDV,iShares Core High Dividend ETF,1
HE,Hawaiian Electric Industries,0
HEAL,Global X HealthTech ETF,1
HECA,Hedgeye Capital Allocation ETF,1
HECO,State Street Galaxy Hedged Digital Asset Ecosystem ETF,1
HEDG,Equable Shares Hedged Equity ETF,1
HEDJ,WisdomTree Europe Hedged Equity Fund,1
HEEM,iShares Currency Hedged MSCI Emerging Markets ETF,1
HEFA,iShares Currency Hedged MSCI EAFE ETF,1
HEFT,Hedgeye Fourth Turning ETF,1
HEGD,Swan Hedged Equity US Large Cap ETF,1
HEI,Heico,0
HELE,Helen of Troy,0
HELO,JPMorgan Hedged Equity Laddered Overlay ETF,1
HELP,Cybin,0
HELS,Hedgeye 130/30 Equity ETF,1
HELX,Franklin Genomic Advancements ETF,1
HEMI,Hartford Equity Premium Income ETF,1
HEPS,D-Market Electronic Services & Trading,0
HEQ,John Hancock Diversified Income Fund,0
HEQQ,JPMorgan Nasdaq Hedged Equity Laddered Overlay ETF,1
HEQT,Simplify Hedged Equity ETF,1
HERD,Pacer Cash Cows Fund of Funds ETF,1
HERE,Here,0
HERO,Global X Video Games & Esports ETF,1
HERZ,"Herzfeld Credit Income Fund, Inc. - Closed End Fund",0
HESM,Hess Midstream LP Class A Representing Limited Partner Interests,0
HEWJ,iShares Currency Hedged MSCI Japan ETF,1
HEZU,iShares Currency Hedged MSCI Eurozone ETF,1
HF,DGA Core Plus Absolute Return ETF,1
HFBL,"Home Federal Bancorp, Inc. of Louisiana",0
HFEQ,Unlimited HFEQ Equity Long/Short ETF,1
HFFG,HF Foods,0
HFGM,Unlimited HFGM Global Macro ETF,1
HFGO,Hartford Large Cap Growth ETF,1
HFMF,Unlimited HFMF Managed Futures ETF,1
HFND,Unlimited HFND Multi-Strategy Return Tracker ETF,1
HFRO,Highland Opport,0
HFSI,Hartford Strategic Income ETF,1
HFSP,TradersAI Large Cap Equity & Cash ETF,1
HFWA,Heritage Financial,0
HFXI,NYLI FTSE International Equity Currency Neutral ETF,1
HG,Hamilton Insurance,0
HGBL,Heritage Global,0
HGER,Harbor Commodity All-Weather Strategy ETF,1
HGLB,Highland Global Allocation Fund,0
HGRO,Hedgeye Quality Growth ETF,1
HGTY,Hagerty,0
HGV,Hilton Grand Vacations,0
HHH,Howard Hughes,0
HHS,Harte Hanks,0
HIBL,Direxion Daily S&P 500 High Beta Bull 3X ETF,1
HIBS,Direxion Daily S&P 500 High Beta Bear 3X ETF,1
HIDE,Alpha Architect High Inflation and Deflation ETF,1
HIDV,AB US High Dividend ETF,1
HIFS,Hingham Institution for Savings,0
HIG,The Hartford Insurance,0
HIGH,Simplify Enhanced Income ETF,1
HIHO,Highway,0
HII,Huntington Ingalls Industries,0
HIMC,Corgi HIMS 2x Daily ETF,1
HIMS,Hims & Hers Health,0
HIMU,iShares High Yield Muni Active ETF,1
HIMX,Himax Technologies,0
HIMZ,Defiance Daily Target 2X Long HIMS ETF,1
HIND,Vyome,0
HIO,Western Asset High Income Opport,0
HIPO,Hippo,0
HIPS,GraniteShares HIPS US High Income ETF,1
HIS,Humilis US Focused Opport,1
HISF,First Trust High Income Strategic Focus ETF,1
HIT,Health In Tech,0
HITI,High Tide,0
HIVE,HIVE Digital Technologies,0
HIW,Highwoods Properties,0
HIX,Western Asset High Income Fund II,0
HIYY,YieldMax HIMS Option Income Strategy ETF,1
HJLY,Corgi U.S. Equities 100% Structured Buffer ETF - July Series,1
HJUN,Corgi U.S. Equities 100% Structured Buffer ETF - June Series,1
HKD,AMTD Digital,0
HKIT,Hitek Global,0
HKPD,Cellyan Biotechnology,0
HL,Hecla Mining,0
HLAL,Wahed FTSE USA Shariah ETF,1
HLF,Herbalife,0
HLI,Houlihan Lokey,0
HLIO,Helios Technologies,0
HLIT,Harmonic,0
HLLY,Holley,0
HLMN,Hillman Solutions,0
HLN,Haleon,0
HLNE,Hamilton Lane,0
HLP,Hongli,0
HLT,Hilton Worldwide,0
HLTH,Tema Healthcare AI ETF,1
HLX,Helix Energy Solutions,0
HLXC,Helix Acquisition Corp. III,0
HMAY,Corgi U.S. Equities 100% Structured Buffer ETF - May Series,1
HMC,Honda Motor,0
HMH,HMH,0
HMN,Horace Mann Educators,0
HMOP,Hartford Municipal Opport,1
HMR,Heidmar Maritime,0
HMY,Harmony Gold Mining,0
HMYY,GraniteShares YieldBoost HIMS ETF,1
HNDL,Strategy Shares Nasdaq 7HANDL Index ETF,1
HNGE,Hinge Health,0
HNI,HNI,0
HNNA,Hennessy Advisors,0
HNRG,Hallador Energy,0
HNST,The Honest,0
HNVR,Hanover Bancorp,0
HODL,VanEck Bitcoin Trust,1
HODO,House of Doge,0
HODU,Direxion Daily HOOD Bull 2X ETF,1
HOFT,Hooker Furnishings,0
HOG,Harley-Davidson,0
HOLA,JPMorgan International Hedged Equity Laddered Overlay ETF,1
HOLD,Harbor Alpha Layering ETF,1
HOLO,MicroCloud Hologram,0
HOLOW,MicroCloud Hologram,0
HOMB,Home BancShares,0
HOMZ,Hoya Capital Housing ETF,1
HON,Honeywell International,0
HONA,Honeywell Aerospace,0
HONG,Leverage Shares 2X Long HON Daily ETF,1
HOOC,Corgi HOOD 2x Daily ETF,1
HOOD,Robinhood Markets,0
HOOG,Leverage Shares 2X Long HOOD Daily ETF,1
HOOW,Roundhill HOOD WeeklyPay ETF,1
HOOX,Defiance Daily Target 2X Long HOOD ETF,1
HOOY,YieldMax HOOD Option Income Strategy ETF,1
HOOZ,Defiance Daily Target 2X Short HOOD ETF,1
HOPE,Hope Bancorp,0
HOUR,Hour Loop,0
HOV,Hovnanian Enterprises,0
HOVNP,Hovnanian Enterprises,0
HOVR,New Horizon Aircraft,0
HOVRW,New Horizon Aircraft,0
HOWL,Werewolf Therapeutics,0
HOYY,GraniteShares YieldBOOST HOOD ETF,1
HP,Helmerich & Payne,0
HPAI,Helport AI,0
HPAIW,Helport AI,0
HPE,Hewlett Packard Enterprise,0
HPEL,Leverage Shares 2X Long HPE Daily ETF,1
HPF,John Hancock Pfd Income Fund II Pfd Income Fund II,0
HPI,John Hancock Preferred Income Fund,0
HPK,HighPeak Energy,0
HPP,Hudson Pacific Properties,0
HPQ,,0
HPS,John Hancock Preferred Income Fund III Preferred Income Fund III,0
HQ,Horizon Quantum,0
HQGO,Hartford US Quality Growth ETF,1
HQH,abrdn Healthcare Investors Shares of,0
HQI,HireQuest,0
HQL,abrdn Life Sciences Investors Shares of,0
HQWWW,Horizon Quantum,0
HQY,HealthEquity,0
HR,Healthcare Realty Trust,0
HRB,H&R Block,0
HRI,Herc,0
HRL,Hormel Foods,0
HRMY,Harmony Biosciences,0
HROW,Harrow,0
HRSK,Toews Agility Shares Hedged Risk ETF,1
HRTG,Heritage Insurance,0
HRTS,Tema Heart & Health ETF,1
HRTX,Heron Therapeutics,0
HRZN,Horizon Technology Finance,0
HSAI,Hesai,0
HSBC,HSBC,0
HSBH,HSBC Holdings plc ADRhedged,1
HSCS,HeartSciences,0
HSCSW,HeartSciences,0
HSCZ,iShares Currency Hedged MSCI EAFE Small-Cap ETF,1
HSDT,Solana,0
HSHP,Himalaya Shipping,0
HSIC,Henry Schein,0
HSLV,Highlander Silver,0
HSMV,First Trust Horizon Managed Volatility Small/Mid ETF,1
HST,Host Hotels & Resorts,0
HSTM,HealthStream,0
HSY,The Hershey,0
HTAB,Hartford Schroders Tax-Aware Bond ETF,1
HTAX,Nomura National High-Yield Municipal Bond ETF,1
HTB,HomeTrust Bancshares,0
HTCO,High-Trend International,0
HTCR,Heartcore Enterprises,0
HTD,John Hancock Tax Advantaged Dividend Income Fund,0
HTEC,ROBO Global Healthcare Technology and Innovation ETF,1
HTFC,Horizon Technology Finance Corporation 6.25%,0
HTFL,Heartflow,0
HTGC,Hercules Capital,0
HTH,Hilltop,0
HTHT,H World,0
HTLD,Heartland Express,0
HTLM,HomesToLife,0
HTO,H2O America,0
HTOO,Fusion Fuel Green,0
HTRB,Hartford Total Return Bond ETF,1
HTT,High Templar Tech,0
HTUS,Hull Tactical US ETF,1
HTZ,Hertz Global,0
HTZWW,Hertz Global,0
HUBB,Hubbell,0
HUBC,Hub Cyber Security,0
HUBCW,Hub Cyber Security,0
HUBCZ,Hub Cyber Security,0
HUBG,Hub,0
HUBS,HubSpot,0
HUDI,Huadi International,0
HUHU,HUHUTECH International,0
HUIZ,Huize,0
HULL,Corgi Shipping & Global Logistics ETF,1
HUM,Humana,0
HUMA,Humacyte,0
HUMAW,Humacyte,0
HUMN,Roundhill Humanoid Robotics ETF,1
HUN,Huntsman,0
HURA,TuHURA Biosciences,0
HURC,Hurco Companies,0
HURN,Huron Consulting,0
HUSV,First Trust Horizon Managed Volatility Domestic ETF,1
HUT,Hut 8,0
HUTG,Leverage Shares 2X Long HUT Daily ETF,1
HUYA,HUYA,0
HVAC,AdvisorShares HVAC and Industrials ETF,1
HVII,Hennessy Capital Investment Corp. VII,0
HVIIR,Hennessy Capital Investment Corp. VII,0
HVIIU,Hennessy Capital Investment Corp. VII,0
HVMC,Highview Merger,0
HVMCU,Highview Merger,0
HVMCW,Highview Merger,0
HVT,Haverty Furniture Companies,0
HWBK,Hawthorn Bancshares,0
HWC,Hancock Whitney,0
HWCPZ,Hancock Whitney Corporation - 6.25% Subordinated,0
HWH,HWH International,0
HWIV,Hotchkis & Wiley International Value Fund,1
HWKN,Hawkins,0
HWM,Howmet Aerospace,0
HWO,Hotchkis & Wiley Opport,1
HWSM,Hotchkis & Wiley SMID Cap Diversified Value Fund,1
HXHX,Haoxin,0
HXL,Hexcel,0
HY,Hyster-Yale,0
HYBB,iShares BB Rated Corporate Bond ETF,1
HYBI,NEOS Enhanced Income Credit Select ETF,1
HYBL,State Street Blackstone High Income ETF,1
HYBX,TCW High Yield Bond ETF,1
HYD,VanEck High Yield Muni ETF,1
HYDB,iShares High Yield Systematic Bond ETF,1
HYDR,Global X Hydrogen ETF,1
HYDW,Xtrackers Low Beta High Yield Bond ETF,1
HYEM,VanEck Emerging Markets High Yield Bond ETF,1
HYFI,AB High Yield ETF,1
HYFM,Hydrofarm,0
HYFT,MindWalk,0
HYG,iShares iBoxx $ High Yield Corporate Bond ETF,1
HYGH,iShares Interest Rate Hedged High Yield Bond ETF,1
HYGM,Amplify HYG High Yield 10% Target Income ETF,1
HYGV,FlexShares High Yield Value-Scored Bond Index Fund,1
HYGW,iShares High Yield Corporate Bond BuyWrite Strategy ETF,1
HYHG,ProShares High Yield Interest Rate Hedged,1
HYI,Western Asset High Yield Opport,0
HYIN,WisdomTree Private Credit and Alternative Income Fund,1
HYLB,Xtrackers USD High Yield Corporate Bond ETF,1
HYLN,Hyliion,0
HYLS,First Trust Tactical High Yield ETF,1
HYMB,State Street SPDR Nuveen ICE High Yield Municipal Bond ETF,1
HYMC,Hycroft Mining,0
HYNE,Hoyne Bancorp,0
HYNX,T-REX 2X Long SKHY Daily Target ETF,1
HYP,Golden Eagle Dynamic Hypergrowth ETF,1
HYPD,Hyperion DeFi,0
HYPG,Grayscale Hyperliquid Staking ETF,1
HYPR,Hyperfine,0
HYS,PIMCO 0-5 Year High Yield Corporat Bond Index Exchange-Traded Fund,1
HYSA,BondBloxx USD High Yield Bond Sector Rotation ETF,1
HYSD,Columbia Short Duration High Yield ETF,1
HYT,Blackrock Corporate High Yield Fund,0
HYTI,FT Vest High Yield & Target Income ETF,1
HYTR,Counterpoint High Yield Trend ETF,1
HYUP,Xtrackers High Beta High Yield Bond ETF,1
HYXF,iShares ESG Advanced High Yield Corporate Bond ETF,1
HYZD,WisdomTree Interest Rate Hedged High Yield Bond Fund,1
HZO,"MarineMax, Inc. (FL)",0
IACO,Idea Acquisition,0
IACOU,Idea Acquisition,0
IACOW,Idea Acquisition,0
IACQ,Irenic Acquisition,0
IACQU,Irenic Acquisition,0
IACQW,Irenic Acquisition,0
IAE,Voya Asia Pacific High Dividend Equity Income Fund ING Asia Pacific High Dividend Equity Income Fund,0
IAF,abrdn Australia Equity Fund,0
IAG,Iamgold,0
IAGG,iShares International Aggregate Bond Fund,1
IAI,iShares U.S. Broker-Dealers & Securities Exchanges ETF,1
IAK,iShares U.S. Insurance ETF,1
IALT,iShares Systematic Alternatives Active ETF,1
IAPR,Innovator International Developed Power Buffer ETF April,1
IART,Integra LifeSciences,0
IAT,iShares U.S. Regional Banks ETF,1
IAU,iShares Gold Trust Shares,1
IAUG,Innovator International Developed Power Buffer ETF August,1
IAUI,NEOS Gold High Income ETF,1
IAUM,iShares Gold Trust Micro Shares,1
IAUX,i-80 Gold,0
IBAC,IB Acquisition,0
IBACR,IB Acquisition,0
IBAT,iShares Energy Storage & Materials ETF,1
IBB,iShares Biotechnology ETF,1
IBBQ,Invesco Nasdaq Biotechnology ETF,1
IBCA,iShares iBonds Dec 2035 Term Corporate ETF,1
IBCB,iShares iBonds Dec 2036 Term Corporate ETF,1
IBCP,Independent Bank,0
IBD,Inspire Corporate Bond ETF,1
IBDR,iShares iBonds Dec 2026 Term Corporate ETF,1
IBDS,iShares iBonds Dec 2027 Term Corporate ETF,1
IBDT,iShares iBonds Dec 2028 Term Corporate ETF,1
IBDU,iShares iBonds Dec 2029 Term Corporate ETF,1
IBDV,iShares iBonds Dec 2030 Term Corporate ETF,1
IBDW,iShares iBonds Dec 2031 Term Corporate ETF,1
IBDX,iShares iBonds Dec 2032 Term Corporate ETF,1
IBDY,iShares iBonds Dec 2033 Term Corporate ETF,1
IBDZ,iShares iBonds Dec 2034 Term Corporate ETF,1
IBEX,IBEX,0
IBFR,Innovator International Developed Managed 10 Buffer ETF,1
IBG,Innovation Beverage,0
IBGA,iShares iBonds Dec 2044 Term Treasury ETF,1
IBGB,iShares iBonds Dec 2045 Term Treasury ETF,1
IBGC,iShares iBonds Dec 2046 Term Treasury ETF,1
IBGK,iShares iBonds Dec 2054 Term Treasury ETF,1
IBGL,iShares iBonds Dec 2055 Term Treasury ETF,1
IBGM,iShares iBonds Dec 2056 Term Treasury ETF,1
IBHF,iShares iBonds 2026 Term High Yield and Income ETF,1
IBHG,iShares iBonds 2027 Term High Yield and Income ETF,1
IBHH,iShares iBonds 2028 Term High Yield and Income ETF,1
IBHI,iShares iBonds 2029 Term High Yield and Income ETF,1
IBHJ,iShares iBonds 2030 Term High Yield and Income ETF,1
IBHK,iShares iBonds 2031 Term High Yield and Income ETF,1
IBHL,iShares iBonds 2032 Term High Yield and Income ETF,1
IBHM,iShares iBonds 2033 Term High Yield and Income ETF,1
IBIC,iShares iBonds Oct 2026 Term TIPS ETF,1
IBID,iShares iBonds Oct 2027 Term TIPS ETF,1
IBIE,iShares iBonds Oct 2028 Term TIPS ETF,1
IBIF,iShares iBonds Oct 2029 Term TIPS ETF,1
IBIG,iShares iBonds Oct 2030 Term TIPS ETF,1
IBIH,iShares iBonds Oct 2031 Term TIPS ETF,1
IBII,iShares iBonds Oct 2032 Term TIPS ETF,1
IBIJ,iShares iBonds Oct 2033 Term TIPS ETF,1
IBIK,iShares iBonds Oct 2034 Term TIPS ETF,1
IBIL,iShares iBonds Oct 2035 Term TIPS ETF,1
IBIM,iShares iBonds Oct 2036 Term TIPS ETF,1
IBIO,iBio,0
IBIT,iShares Bitcoin Trust ETF,1
IBKR,Interactive Brokers,0
IBLC,iShares Blockchain and Tech ETF,1
IBM,International Business Machines,0
IBMO,iShares iBonds Dec 2026 Term Muni Bond ETF,1
IBMP,iShares iBonds Dec 2027 Term Muni Bond ETF,1
IBMQ,iShares iBonds Dec 2028 Term Muni Bond ETF,1
IBMR,iShares iBonds Dec 2029 Term Muni Bond ETF,1
IBMS,iShares iBonds Dec 2030 Term Muni Bond ETF,1
IBMT,iShares iBonds Dec 2031 Term Muni Bond ETF,1
IBMU,iShares iBonds Dec 2032 Term Muni Bond ETF,1
IBMV,iShares iBonds Dec 2033 Term Muni Bond ETF,1
IBMW,iShares iBonds Dec 2034 Term Muni Bond ETF,1
IBMX,iShares iBonds Dec 2035 Term Muni Bond ETF,1
IBN,ICICI Bank,0
IBND,State Street SPDR Bloomberg International Corporate Bond ETF,1
IBO,Impact BioMedical,0
IBOC,International Bancshares,0
IBOT,VanEck Robotics ETF,1
IBP,Installed Building Products,0
IBRN,iShares Neuroscience and Healthcare ETF,1
IBRX,Imm,0
IBTA,Ibotta,0
IBTG,iShares iBonds Dec 2026 Term Treasury ETF,1
IBTH,iShares iBonds Dec 2027 Term Treasury ETF,1
IBTI,iShares iBonds Dec 2028 Term Treasury ETF,1
IBTJ,iShares iBonds Dec 2029 Term Treasury ETF,1
IBTK,iShares iBonds Dec 2030 Term Treasury ETF,1
IBTL,iShares iBonds Dec 2031 Term Treasury ETF,1
IBTM,iShares iBonds Dec 2032 Term Treasury ETF,1
IBTO,iShares iBonds Dec 2033 Term Treasury ETF,1
IBTP,iShares iBonds Dec 2034 Term Treasury ETF,1
IBTQ,iShares iBonds Dec 2035 Term Treasury ETF,1
IBTR,iShares iBonds Dec 2036 Term Treasury ETF,1
IBUF,Innovator International Developed 10 Buffer ETF - Quarterly,1
IBUY,Amplify Online Retail ETF,1
IBX,Tradr 2X Long IBM Daily ETF,1
ICAP,Infrastructure Capital Equity Income ETF,1
ICCC,ImmuCell,0
ICCM,IceCure Medical,0
ICE,Intercontinental Exchange,0
ICF,iShares Select U.S. REIT ETF,1
ICFI,ICF International,0
ICG,Intchains,0
ICHR,Ichor,0
ICL,ICL,0
ICLN,iShares Global Clean Energy ETF,1
ICLO,Invesco AAA CLO Floating Rate,1
ICLR,ICON,0
ICMB,Investcorp Credit Management BDC,0
ICON,Icon Energy,0
ICOP,iShares Copper and Metals Mining ETF,1
ICOW,Pacer Developed Markets International Cash Cows 100 ETF,1
ICPI,iShares 0-1 Year TIPS Bond ETF,1
ICPY,"Tweedy, Browne International Insider + Value ETF",1
ICSH,iShares Ultra Short Duration Bond Active ETF,1
ICU,SeaStar Medical,0
ICUCW,SeaStar Medical,0
ICUI,ICU Medical,0
ICVT,iShares Convertible Bond ETF,1
IDA,IDACORP,0
IDAC,Iron Dome Acquisition I,0
IDACU,Iron Dome Acquisition I,0
IDACW,Iron Dome Acquisition I,0
IDAI,T Stamp,0
IDCC,InterDigital,0
IDE,"Voya Infrastructure, Industrials and Materials Fund",0
IDEC,Innovator International Developed Power Buffer ETF December,1
IDEF,iShares Defense Industrials Active ETF,1
IDEQ,Lazard International Dynamic Equity ETF,1
IDEV,iShares Core MSCI International Developed Markets ETF,1
IDGT,iShares U.S. Digital Infrastructure and Real Estate ETF,1
IDHQ,Invesco S&P International Developed Quality ETF,1
IDJL,Corgi International Developed Equities 15% Structured Buffer ETF - July Series,1
IDJN,Corgi International Developed Equities 15% Structured Buffer ETF - June Series,1
IDLV,Invesco S&P International Developed Low Volatility ETF,1
IDMO,Invesco S&P International Developed Momentum ETF,1
IDMY,Corgi International Developed Equities 15% Structured Buffer ETF - May Series,1
IDN,Intellicheck,0
IDNA,iShares Genomics Immunology and Healthcare ETF,1
IDOG,ALPS International Sector Dividend Dogs ETF,1
IDR,Idaho Strategic Resources,0
IDRV,iShares Self-Driving EV and Tech ETF,1
IDT,IDT,0
IDU,iShares U.S. Utilities ETF,1
IDUB,Aptus International Enhanced Yield ETF,1
IDV,iShares International Select Dividend ETF,1
IDVO,Amplify CWP International Enhanced Dividend Income ETF,1
IDVY,First Trust International Rising Dividend Achievers ETF,1
IDVZ,Polen International Dividend Income Fund,1
IDX,VanEck Indonesia Index ETF,1
IDXX,IDEXX Laboratories,0
IDYA,IDEAYA Biosciences,0
IDYN,iShares International Equity Factor Rotation Active ETF,1
IE,Ivanhoe Electric,0
IEAG,Infinite Eagle Acquisition,0
IEAGR,Infinite Eagle Acquisition,0
IEAGU,Infinite Eagle Acquisition,0
IEDI,iShares U.S. Consumer Focused ETF,1
IEF,iShares 7-10 Year Treasury Bond ETF,1
IEFA,iShares Core MSCI EAFE ETF,1
IEI,iShares 3-7 Year Treasury Bond ETF,1
IEMG,iShares Core MSCI Emerging Markets ETF,1
IEO,iShares U.S. Oil & Gas Exploration & Production ETF,1
IEP,Icahn Enterprises L.P. - Depositary,0
IESC,IES,0
IETC,iShares U.S. Tech Independence Focused ETF,1
IEUR,iShares Core MSCI Europe ETF,1
IEUS,iShares MSCI Europe Small-Cap ETF,1
IEV,iShares Europe ETF,1
IEX,IDEX,0
IEZ,iShares U.S. Oil Equipment & Services ETF,1
IFBD,Infobird,0
IFEB,Innovator International Developed Power Buffer ETF February,1
IFED,ETRACS IFED Invest with the Fed TR Index ETN,1
IFF,International Flavors & Fragrances,0
IFGL,iShares International Developed Real Estate ETF,1
IFLN,Invesco Bloomberg Enhanced Fallen Angels ETF,1
IFLO,VictoryShares International Free Cash Flow ETF,1
IFLR,Innovator International Developed Managed Floor ETF,1
IFN,Aberdeen India Fund,0
IFRA,iShares U.S. Infrastructure ETF,1
IFRX,InflaRx N.V,0
IFS,Intercorp Financial Services,0
IFV,First Trust Dorsey W,1
IG,Principal Investment Grade Corporate Active ETF,1
IGA,Voya Global Advantage and Premium Opport,0
IGAC,Invest Green Acquisition,0
IGACR,Invest Green Acquisition,0
IGACU,Invest Green Acquisition,0
IGBH,iShares Interest Rate Hedged Long-Term Corporate Bond ETF,1
IGC,IGC Pharma,0
IGCB,TCW Corporate Bond ETF,1
IGD,Voya Global Equity Dividend and Premium Opport,0
IGE,iShares North American Natural Resources ETF,1
IGEB,iShares Investment Grade Systematic Bond ETF,1
IGF,iShares Global Infrastructure ETF,1
IGGY,AB International Growth ETF,1
IGHG,ProShares Investment Grade-Interest Rate Hedged,1
IGI,Western Asset Investment Grade Opport,0
IGIB,iShares 5-10 Year Investment Grade Corporate Bond ETF,1
IGIC,International General Insurance,0
IGLB,iShares 10 Year Investment Grade Corporate Bond ETF,1
IGLD,FT Vest Gold Strategy Target Income ETF,1
IGM,iShares Expanded Tech Sector ETF,1
IGOV,iShares International Treasury Bond ETF,1
IGPT,Invesco AI and Next Gen Software ETF,1
IGR,CBRE Global Real Estate Income Fund,0
IGRO,iShares International Dividend Growth ETF,1
IGSB,iShares 1-5 Year Investment Grade Corporate Bond ETF,1
IGV,iShares Expanded Tech-Software Sector ETF,1
IH,iHuman,0
IHAK,iShares Cybersecurity and Tech ETF,1
IHD,Voya Emerging Markets High Income Dividend Equity Fund,0
IHDG,WisdomTree International Hedged Quality Dividend Growth Fund,1
IHE,iShares U.S. Pharmaceutical ETF,1
IHF,iShares U.S. Health Care Providers ETF,1
IHG,Intercontinental Hotels,0
IHI,iShares U.S. Medical Devices ETF,1
IHRT,iHeartMedia,0
IHS,IHS,0
IHT,InnSuites Hospitality Trust Shares of,0
IHY,VanEck International High Yield Bond ETF,1
IIF,Morgan Stanley India Investment Fund,0
IIGD,Invesco Investment Grade Defensive ETF,1
III,Information Services,0
IIIN,Insteel Industries,0
IIIV,i3 Verticals,0
IIM,Invesco Value Municipal Income Trust,0
IINC,Alki Consolidated Income ETF,1
IIPR,Innovative Industrial Properties,0
IJAN,Innovator International Developed Power Buffer ETF January,1
IJH,iShares Core S&P Mid-Cap ETF,1
IJJ,iShares S&P Mid-Cap 400 Value ETF,1
IJK,iShares S&P Mid-Cap 400 Growth ETF,1
IJR,iShares Core S&P Small-Cap ETF,1
IJS,iShares S&P SmallCap 600 Value ETF,1
IJT,iShares S&P SmallCap 600 Growth ETF,1
IJUL,Innovator International Developed Power Buffer ETF July,1
IJUN,Innovator International Developed Power Buffer ETF June,1
IKT,Inhibikase Therapeutics,0
ILAG,Intelligent Living Application,0
ILCB,iShares Morningstar Large-Cap ETF,1
ILCG,iShares Morningstar Large-Cap Growth ETF,1
ILCV,iShares Morningstar Large-Cap Value ETF,1
ILDR,First Trust Innovation Leaders ETF,1
ILF,iShares Latin America 40 ETF,1
ILIT,iShares Lithium Miners and Producers ETF,1
ILLR,Triller,0
ILLRW,Triller,0
ILLU,Illumination Acquisition Corp I,0
ILLUU,Illumination Acquisition Corp I,0
ILLUW,Illumination Acquisition Corp I,0
ILMN,Illumina,0
ILOW,AB International Low Volatility Equity ETF,1
ILPT,Industrial Logistics Properties Trust,0
ILS,Brookmont Catastrophic Bond ETF,1
ILTB,iShares Core 10 Year USD Bond ETF,1
IMA,ImageneBio,0
IMAR,Innovator International Developed Power Buffer ETF March,1
IMAX,Imax,0
IMAY,Innovator International Developed Power Buffer ETF - May,1
IMC,IMC Rare Earths,0
IMCB,iShares Morningstar Mid-Cap ETF,1
IMCC,IM Cannabis,0
IMCG,iShares Morningstar Mid-Cap Growth ETF,1
IMCR,Immunocore,0
IMCV,iShares Morningstar Mid-Cap Value ETF,1
IMDX,Insight Molecular Diagnostics,0
IMF,Invesco Managed Futures Strategy ETF,1
IMFL,Invesco International Developed Dynamic Multifactor ETF,1
IMKTA,Ingles Markets,0
IMMP,Immutep,0
IMMR,Immersion,0
IMMX,Immix Biopharma,0
IMNM,Immunome,0
IMNN,Imunon,0
IMO,Imperial Oil,0
IMOM,Alpha Architect International Quantitative Momentum ETF,1
IMOS,ChipMOS TECHNOLOGIES,0
IMPP,Imperial Petroleum,0
IMPPP,Imperial Petroleum Inc. - 8.75% Series A Cumulative Redeemable Perpetual Preferred Shares,0
IMRN,Immuron,0
IMRX,Immuneering,0
IMSR,Terrestrial Energy,0
IMSRW,Terrestrial Energy,0
IMTB,iShares Core 5-10 Year USD Bond ETF,1
IMTE,Integrated Media Technology,0
IMTG,Invesco Agency MBS ETF,1
IMTM,iShares MSCI Intl Momentum Factor ETF,1
IMTX,Immatics N.V,0
IMUX,Immunic,0
IMVP,Invesco India ETF,1
IMVT,Immunovant,0
IMXI,International Money Express,0
INAB,IN8bio,0
INAC,Indigo Acquisition,0
INACR,Indigo Acquisition,0
INACU,Indigo Acquisition,0
INBK,First Internet Bancorp,0
INBKZ,First Internet Bancorp - Fixed-to-Floating Rate Subordinated,0
INBS,Intelligent Bio Solutions,0
INBX,Inhibrx Biosciences,0
INCE,Franklin Income Equity Focus ETF,1
INCM,Franklin Income Focus ETF,1
INCO,Columbia India Consumer ETF,1
INCR,Intercure,0
INCY,Incyte,0
IND,Xtrackers Nifty 500 India ETF,1
INDA,iShares MSCI India ETF,1
INDB,Independent Bank,0
INDE,Matthews India Active ETF,1
INDH,WisdomTree India Hedged Equity Fund,1
INDI,indie Semiconductor,0
INDL,Direxion Daily MSCI India Bull 2X ETF,1
INDO,Indonesia Energy,0
INDP,Indaptus Therapeutics,0
INDQ,Pacer ActiveAlpha India Quality ETF,1
INDS,Pacer Industrial Real Estate ETF,1
INDV,Indivior Pharmaceuticals,0
INDY,iShares India 50 ETF,1
INDZ,VanEck India Select ETF,1
INEO,INNEOVA,0
INEQ,Columbia International Equity Income ETF,1
INFH,Defiance Daily Target 2X Long INFQ ETF,1
INFL,Horizon Kinetics Inflation Beneficiaries ETF,1
INFO,Harbor PanAgora Dynamic Large Cap Core ETF,1
INFQ,Infleqtion,0
INFU,InfuSystems,0
INFY,Infosys,0
ING,"ING Group, N.V",0
INGM,Ingram Micro,0
INGN,Inogen,0
INGR,Ingredion,0
INHD,Inno,0
INIO,INNIO N.V,0
INKM,State Street Income Allocation ETF,1
INKT,MiNK Therapeutics,0
INLF,INLIF,0
INLX,Intellinetics,0
INM,InMed Pharmaceuticals,0
INMB,INmune Bio,0
INMD,InMode,0
INMU,iShares Intermediate Muni Income Active ETF,1
INN,Summit Hotel Properties,0
INNV,InnovAge,0
INO,Inovio Pharmaceuticals,0
INOD,Innodata,0
INOV,Innovator International Developed Power Buffer ETF November,1
INQQ,INQQ The India Internet ETF,1
INR,Infinity Natural Resources,0
INRO,iShares U.S. Industry Rotation Active ETF,1
INSE,Inspired Entertainment,0
INSG,Inseego,0
INSM,Insmed,0
INSP,Inspire Medical Systems,0
INSW,International Seaways,0
INT,Corgi INTC 2x Daily ETF,1
INTA,Intapp,0
INTC,Intel,0
INTF,iShares International Equity Factor ETF,1
INTG,The Intergroup,0
INTJ,Intelligent,0
INTL,Main International ETF,1
INTM,Invesco Intermediate Municipal ETF,1
INTR,Inter &,0
INTS,Intensity Therapeutics,0
INTT,inTest,0
INTU,Intuit,0
INTW,GraniteShares 2x Long INTC Daily ETF,1
INTZ,Intrusion,0
INUV,Inuvo,0
INV,Innventure,0
INVA,Innoviva,0
INVE,Identiv,0
INVG,GMO Systematic Investment Grade Credit ETF,1
INVH,Invitation Homes,0
INVN,Alger Russell Innovation ETF,1
INVX,Innovex International,0
INVZ,Innoviz Technologies,0
INYY,YieldMax INTC Option Income Strategy ETF,1
IOCT,Innovator International Developed Power Buffer ETF - October,1
ION,ProShares S&P Global Core Battery Metals ETF,1
IONC,Corgi IONQ 2x Daily ETF,1
IOND,Ionic Digital,0
IONL,GraniteShares 2x Long IONQ Daily ETF,1
IONQ,IonQ,0
IONR,ioneer,0
IONS,Ionis Pharmaceuticals,0
IONX,Defiance Daily Target 2X Long IONQ ETF,1
IONZ,Defiance Daily Target 2x Short IONQ ETF,1
IOO,iShares Global 100 ETF,1
IOPP,Simplify Tara India Opport,1
IOR,Income Opport,0
IOSP,Innospec,0
IOSX,Corgi AAPL 2x Daily ETF,1
IOT,Samsara,0
IOTR,iOThree,0
IOVA,Iovance Biotherapeutics,0
IOYY,GraniteShares YieldBOOST IONQ ETF,1
IP,International Paper,0
IPAC,iShares Core MSCI Pacific ETF,1
IPAR,Interparfums,0
IPAV,Global X Infrastructure Development ex-U.S. ETF,1
IPAY,Amplify Digital Payments ETF,1
IPB,"Merrill Lynch & Co., Inc. 6.0518% Index Plus Trust Certificates Series 2003-1",1
IPCX,Inflection Point Acquisition Corp. III,0
IPCXR,Inflection Point Acquisition Corp. III,0
IPCXU,Inflection Point Acquisition Corp. III,0
IPDN,Professional Diversity Network,0
IPEX,Inflection Point Acquisition,0
IPEXR,Inflection Point Acquisition,0
IPEXU,Inflection Point Acquisition,0
IPFX,Inflection Point Acquisition Corp. VI,0
IPFXU,Inflection Point Acquisition Corp. VI,0
IPFXW,Inflection Point Acquisition Corp. VI,0
IPGP,IPG Photonics,0
IPHA,Innate Pharma S.A,0
IPI,Intrepid Potash,0
IPKW,Invesco International BuyBack Achievers ETF,1
IPM,Intelligent Protection Management,0
IPO,Renaissance IPO ETF,1
IPOS,Renaissance Capital Greenwich Fund,1
IPSC,Century Therapeutics,0
IPST,IP Strategy,0
IPVV,InterPrivate Investment Partners V,0
IPVVU,InterPrivate Investment Partners V,0
IPVVW,InterPrivate Investment Partners V,0
IPW,iPower,0
IPWR,Ideal Power,0
IPX,IperionX,0
IQ,iQIYI,0
IQDF,FlexShares International Quality Dividend Index Fund,1
IQDG,WisdomTree International Quality Dividend Growth Fund,1
IQDY,FlexShares International Quality Dividend Dynamic Index Fund,1
IQHI,NYLI MacKay High Income ETF,1
IQI,Invesco Quality Municipal Income Trust,0
IQLT,iShares MSCI Intl Quality Factor ETF,1
IQM,Franklin Intelligent Machines ETF,1
IQMM,ProShares GENIUS Money Market ETF,1
IQMX,IQM Quantum Computers Oyj,0
IQMXW,IQM Quantum Computers Oyj,0
IQQ,iShares Nasdaq 100 ETF,1
IQQQ,ProShares Nasdaq-100 High Income ETF,1
IQRA,NYLI CBRE Real Assets ETF,1
IQSI,NYLI Candriam International Equity ETF,1
IQSM,NYLI Candriam U.S. Mid Cap Equity ETF,1
IQST,iQSTEL,0
IQSU,NYLI Candriam U.S. Large Cap Equity ETF,1
IQSZ,Invesco Global Equity Net Zero ETF,1
IQV,IQVIA,0
IR,Ingersoll Rand,0
IRAB,Iris Acquisition Corp II,0
IRD,Opus Genetics,0
IRDM,Iridium Communications,0
IRE,Defiance Daily Target 2X Long IREN ETF,1
IREC,Corgi IREN 2x Daily ETF,1
IREG,Leverage Shares 2X Long IREN Daily ETF,1
IREN,IREN,0
IREX,Tradr 2X Long IREN Daily ETF,1
IREZ,Tradr 2X Short IREN Daily ETF,1
IRHO,Iron Horse Acquisitions II,0
IRHOR,Iron Horse Acquisitions II,0
IRHOU,Iron Horse Acquisitions II,0
IRIX,IRIDEX,0
IRM,Iron Mountain Incorporated (Delaware),0
IRMD,iRadimed,0
IROC,Invesco Rochester High Yield Municipal ETF,1
IRON,Disc Medicine,0
IRS,IRSA Inversiones Y Representaciones S.A. Global,0
IRT,Independence Realty Trust,0
IRTC,iRhythm,0
IRTR,iShares LifePath Retirement ETF,1
IRVH,Global X Interest Rate Volatility & Inflation Hedge ETF,1
IRWD,Ironwood Pharmaceuticals,0
ISBA,Isabella Bank,0
ISBG,IncomeSTKd 1x Bitcoin & 1x Gold Premium ETF,1
ISCB,iShares Morningstar Small-Cap ETF,1
ISCF,iShares International Small-Cap Equity Factor ETF,1
ISCG,iShares Morningstar Small-Cap Growth ETF,1
ISCV,iShares Morningstar Small-Cap Value ETF,1
ISD,PGIM High Yield Bond Fund,0
ISEP,Innovator International Developed Power Buffer ETF September,1
ISHG,iShares 1-3 Year International Treasury Bond ETF,1
ISHP,First Trust S-Network E-Commerce ETF,1
ISMD,Inspire Small/Mid Cap ETF,1
ISMF,iShares Managed Futures Active ETF,1
ISNR,Snow Rothschild Acquisition,0
ISNRU,Snow Rothschild Acquisition,0
ISNRW,Snow Rothschild Acquisition,0
ISOU,IsoEnergy,0
ISPC,iSpecimen,0
ISPR,Ispire Technology,0
ISPY,ProShares S&P 500 High Income ETF,1
ISRA,VanEck Israel ETF,1
ISRG,Intuitive Surgical,0
ISSB,IncomeSTKd 1x US Stocks & 1x Bitcoin Premium ETF,1
ISSC,Innovative Solutions and Support,0
ISTB,iShares Core 1-5 Year USD Bond ETF,1
ISTM,iShares Strategic Metals ETF,1
ISTR,Investar,0
ISUL,GraniteShares 2x Long ISRG Daily ETF,1
ISVL,iShares International Developed Small Cap Value Factor ETF,1
ISWN,Amplify BlackSwan ISWN ETF,1
IT,Gartner,0
ITA,iShares U.S. Aerospace & Defense ETF,1
ITAN,Sparkline Intangible Value ETF,1
ITB,iShares U.S. Home Construction ETF,1
ITDB,iShares LifePath Target Date 2030 ETF,1
ITDC,iShares LifePath Target Date 2035 ETF,1
ITDD,iShares LifePath Target Date 2040 ETF,1
ITDE,iShares LifePath Target Date 2045 ETF,1
ITDF,iShares LifePath Target Date 2050 ETF,1
ITDG,iShares LifePath Target Date 2055 ETF,1
ITDH,iShares LifePath Target Date 2060 ETF,1
ITDI,iShares LifePath Target Date 2065 ETF,1
ITDJ,iShares LifePath Target Date 2070 ETF,1
ITEQ,Amplify BlueStar Israel Technology ETF,1
ITG,ITG,0
ITGR,Integer,0
ITHA,ITHAX Acquisition Corp III,0
ITHAU,ITHAX Acquisition Corp III,0
ITHAW,ITHAX Acquisition Corp III,0
ITIC,Investors Title,0
ITM,VanEck Intermediate Muni ETF,1
ITOC,iTonic,0
ITOT,iShares Core S&P Total U.S. Stock Market ETF,1
ITP,IT Tech Packaging,0
ITRG,Integra Resources,0
ITRI,Itron,0
ITRN,Ituran Location and Control,0
ITT,ITT,0
ITUB,Itau Unibanco Banco,0
ITW,Illinois Tool Works,0
ITWO,ProShares Russell 2000 High Income ETF,1
IUS,Invesco RAFI Strategic US ETF,1
IUSB,iShares Core Universal USD Bond ETF,1
IUSG,iShares Core S&P U.S. Growth ETF,1
IUSV,iShares Core S&P U.S. Value ETF,1
IVA,Inventiva S.A. - American Depository Shares,0
IVAL,Alpha Architect International Quantitative Value ETF,1
IVDA,Iveda Solutions,0
IVDAW,Iveda Solutions,0
IVE,iShares S&P 500 Value ETF,1
IVEP,Dan IVES Wedbush AI Power & Infrastructure ETF,1
IVES,Dan IVES Wedbush AI Revolution ETF,1
IVF,INVO Fertility,0
IVLU,iShares MSCI Intl Value Factor ETF,1
IVOG,Vanguard S&P Mid-Cap 400 Growth ETF,1
IVOL,Quadratic Interest Rate Volatility and Inflation Hedge ETF,1
IVOO,Vanguard S&P Mid-Cap 400 ETF,1
IVOV,Vanguard S&P Mid-Cap 400 Value ETF,1
IVR,INVESCO MORTGAGE CAPITAL,0
IVRS,iShares Future Metaverse Tech and Communications ETF,1
IVSI,Applied Finance IVS International Large ETF,1
IVSS,Applied Finance IVS US SMID ETF,1
IVSX,Applied Finance IVS International SMID ETF,1
IVT,InvenTrust Properties,0
IVV,iShares Core S&P 500 ETF,1
IVVB,iShares Large Cap Deep Quarterly Laddered ETF,1
IVVD,Invivyd,0
IVVM,iShares Large Cap Moderate Quarterly Laddered ETF,1
IVVW,iShares S&P 500 BuyWrite ETF,1
IVW,iShares S&P 500 Growth ETF,1
IVZ,Invesco,0
IWB,iShares Russell 1000 ETF,1
IWC,iShares Microcap ETF,1
IWD,iShares Russell 1000 Value ETF,1
IWDL,ETRACS 2x Leveraged US Value Factor TR ETN,1
IWF,iShares Russell 1000 Growth Fund,1
IWFG,NYLI Winslow Focused Large Cap Growth ETF,1
IWFL,ETRACS 2x Leveraged US Growth Factor TR ETN,1
IWL,iShares Russell Top 200 ETF,1
IWLG,NYLI Winslow Large Cap Growth ETF,1
IWM,iShares Russell 2000 Index Fund,1
IWMI,NEOS Russell 2000 High Income ETF,1
IWML,ETRACS 2x Leveraged US Size Factor TR ETN,1
IWMW,iShares Russell 2000 BuyWrite ETF,1
IWMY,Defiance R2000 Weekly Distribution ETF,1
IWN,iShares Russell 2000 Value ETF,1
IWO,iShares Russell 2000 Growth Fund,1
IWP,iShares Russell Midcap Growth ETF,1
IWR,iShares Russell Mid-Cap ETF,1
IWS,iShares Russell Mid-Cap Value ETF,1
IWV,iShares Russell 3000 Fund,1
IWX,iShares Russell Top 200 Value ETF,1
IWY,iShares Russell Top 200 Growth ETF,1
IX,ORIX,0
IXC,iShares Global Energy ETF,1
IXG,iShares Global Financial ETF,1
IXHL,Incannex Healthcare,0
IXJ,iShares Global Healthcare ETF,1
IXN,iShares Global Tech ETF,1
IXP,iShares Global Comm Services ETF,1
IXUS,iShares Core MSCI Total International Stock ETF,1
IYC,iShares U.S. Consumer Discretionary ETF,1
IYE,iShares U.S. Energy ETF,1
IYF,iShares U.S. Financial ETF,1
IYG,iShares U.S. Financial Services ETF,1
IYH,iShares U.S. Healthcare ETF,1
IYJ,iShares U.S. Industrials ETF,1
IYK,iShares U.S. Consumer Staples ETF,1
IYLD,iShares Morningstar Multi-Asset Income ETF,1
IYM,iShares U.S. Basic Materials ETF,1
IYR,iShares U.S. Real Estate ETF,1
IYRI,NEOS Real Estate High Income ETF,1
IYT,iShares U.S. Transportation ETF,1
IYW,iShares U.S. Technology ETF,1
IYY,iShares Dow Jones U.S. ETF,1
IYZ,iShares U.S. Telecommunications ETF,1
IZEA,IZEA Worldwide,0
IZM,ICZOOM,0
IZRL,ARK Israel Innovative Technology ETF,1
J,Jacobs Solutions,0
JA,Janus Henderson AA-A CLO ETF,1
JAAA,Janus Henderson AAA CLO ETF,1
JABRU,JAB Acquisition Corp I,0
JABS,Janus Henderson Asset-Backed Securities ETF,1
JACK,Jack In The Box,0
JACS,Jackson Acquisition Company II,0
JADB,Aptus January Deep Buffer ETF,1
JADE,JPMorgan Active Developing Markets Equity ETF,1
JAGU,Jaguar Uranium,0
JAGX,Jaguar Health,0
JAJL,Innovator Equity Defined Protection ETF - 6mo Jan/Jul,1
JAKK,JAKKS Pacific,0
JAN,"Janus Living, Inc. Class A-1",0
JANB,Aptus January Buffer ETF,1
JANH,Innovator Premium Income 20 Barrier ETF - January,1
JANI,AllianzIM International Equity Buffer15 Uncapped Jan ETF,1
JANJ,Innovator Premium Income 30 Barrier ETF - January,1
JANM,FT Vest U.S. Equity Max Buffer ETF - January,1
JANP,PGIM S&P 500 Buffer 12 ETF - January,1
JANT,AllianzIM U.S. Large Cap Buffer10 Jan ETF,1
JANU,AllianzIM U.S. Equity Buffer15 Uncapped Jan ETF,1
JANW,AllianzIM U.S. Large Cap Buffer20 Jan ETF,1
JANX,Janux Therapeutics,0
JANZ,TrueShares Structured Outcome (January) ETF,1
JAPN,Horizon Kinetics Japan Owner Operator ETF,1
JATT,JATT II Acquisition,0
JAVA,JPMorgan Active Value ETF,1
JAZZ,Jazz Pharmaceuticals,0
JBBB,Janus Henderson B-BBB CLO ETF,1
JBDI,JBDI,0
JBGS,JBG SMITH Properties,0
JBHT,J.B. Hunt Transport Services,0
JBI,Janus International,0
JBIO,Jade Biosciences,0
JBK,Lehman ABS 3.50 3.50% Adjustable Corp Backed Tr Certs GS Cap I,0
JBL,Jabil,0
JBLG,Leverage Shares 2X Long JBL Daily ETF,1
JBLU,JetBlue Airways,0
JBND,JPMorgan Active Bond ETF,1
JBS,JBS N.V,0
JBSS,John B. Sanfilippo & Son,0
JBTM,JBT Marel,0
JCAL,JPMorgan California Tax Free Bond ETF,1
JCAP,Jefferson Capital,0
JCE,Nuveen Core Equity Alpha Fund,0
JCHI,JPMorgan Active China ETF,1
JCI,Johnson Controls International,0
JCPB,JPMorgan Core Plus Bond ETF,1
JCPI,JPMorgan Inflation Managed Bond ETF,1
JCSE,JE Cleantech,0
JCTC,Jewett-Cameron Trading,0
JD,JD.com,0
JDIV,JPMorgan Dividend Leaders ETF,1
JDOC,JPMorgan Healthcare Leaders ETF,1
JDST,Direxion Daily Junior Gold Miners Index Bear 2X ETF,1
JDVI,John Hancock Disciplined Value International Select ETF,1
JDVL,John Hancock Disciplined Value Select ETF,1
JDZG,JIADE,0
JEDI,Defiance Drone and Modern Warfare ETF,1
JEF,Jefferies Financial,0
JELD,JELD-WEN,0
JELH,Janus Henderson Equity Linked High Income ETF,1
JELM,Janus Henderson Equity Linked Moderate Income ETF,1
JEM,707 Cayman,0
JEMA,JPMorgan ActiveBuilders Emerging Markets Equity ETF,1
JEMB,Janus Henderson Emerging Markets Debt Hard Currency ETF,1
JENA,Jena Acquisition Corporation II,0
JEPI,JPMorgan Equity Premium Income ETF,1
JEPQ,JPMorgan Nasdaq Equity Premium Income ETF,1
JETD,MAX Airlines -3X Inverse Leveraged ETNs,1
JETS,U.S. Global Jets ETF,1
JETU,MAX Airlines 3X Leveraged ETNs,1
JF,J and Friends,0
JFB,JFB Construction,0
JFIN,Jiayin,0
JFLI,JPMorgan Flexible Income ETF,1
JFLX,JPMorgan Flexible Debt ETF,1
JFR,Nuveen Floating Rate Income Fund,0
JFU,,0
JG,Aurora Mobile,0
JGH,Nuveen Global High Income Fund,0
JGLO,JPMorgan Global Select Equity ETF,1
JGRO,JPMorgan Active Growth ETF,1
JGRW,Jensen Quality Growth ETF,1
JHAC,John Hancock Fundamental All Cap Core ETF,1
JHAI,Janus Henderson Global Artificial Intelligence ETF,1
JHCB,John Hancock Corporate Bond ETF,1
JHCP,John Hancock Core Plus Bond ETF,1
JHCR,John Hancock Core Bond ETF,1
JHDG,John Hancock Hedged Equity ETF,1
JHDV,John Hancock U.S. High Dividend ETF,1
JHEM,John Hancock Multifactor Emerging Markets ETF,1
JHHY,John Hancock High Yield ETF,1
JHI,John Hancock Investors Trust,0
JHID,John Hancock International High Dividend ETF,1
JHLN,John Hancock Global Senior Loan ETF,1
JHMB,John Hancock Mortgage-Backed Securities ETF,1
JHMD,John Hancock Multifactor Developed International ETF,1
JHML,John Hancock Multifactor Large Cap ETF,1
JHMM,John Hancock Multifactor Mid Cap ETF,1
JHMU,John Hancock Dynamic Municipal Bond ETF,1
JHPI,John Hancock Preferred Income ETF,1
JHS,John Hancock Income Securities Trust,0
JHSC,John Hancock Multifactor Small Cap ETF,1
JHX,James Hardie Industries,0
JIDE,JPMorgan International Dynamic ETF,1
JIG,JPMorgan International Growth ETF,1
JIII,Janus Henderson Income ETF,1
JILL,J. Jill,0
JIRE,JPMorgan International Research Enhanced Equity ETF,1
JIVE,JPMorgan International Value ETF,1
JJSF,J & J Snack Foods,0
JKHY,Jack Henry & Associates,0
JKS,JinkoSolar,0
JL,J-Long,0
JLCO,John Hancock Large Cap Opport,1
JLHL,Julong,0
JLL,Jones Lang LaSalle,0
JLQD,Janus Henderson Corporate Bond ETF,1
JLS,Nuveen Mortgage and Income Fund,0
JLVP,JPMorgan U.S. Large Cap Value Plus ETF,1
JMBS,Janus Henderson Mortgage-Backed Securities ETF,1
JMEE,JPMorgan Small & Mid Cap Enhanced Equity ETF,1
JMHI,JPMorgan High Yield Municipal ETF,1
JMIA,Jumia Technologies,0
JMID,Janus Henderson Mid Cap Growth Alpha ETF,1
JMKE,Jersey Mike's Subs,0
JMM,Nuveen Multi-Market Income Fund (MA),0
JMMF,JPMorgan 100% U.S. Treasury Securities Money Market ETF,1
JMOM,JPMorgan U.S. Momentum Factor ETF,1
JMSB,John Marshall Bancorp,0
JMSI,JPMorgan Sustainable Municipal Income ETF,1
JMST,JPMorgan Ultra-Short Municipal Income ETF,1
JMTG,JPMorgan Mortgage-Backed Securities ETF,1
JMUB,JPMorgan Municipal ETF,1
JNEU,AllianzIM U.S. Equity Buffer15 Uncapped June ETF,1
JNJ,Johnson & Johnson,0
JNK,State Street SPDR Bloomberg High Yield Bond ETF,1
JNUG,Direxion Daily Junior Gold Miners Index Bull 2X ETF,1
JOB,GEE,0
JOBC,Corgi JOBY 2x Daily ETF,1
JOBX,Tradr 2X Long JOBY Daily ETF,1
JOBY,Joby Aviation,0
JOE,St. Joe Company (The),0
JOET,Virtus Terranova U.S. Quality Momentum ETF,1
JOF,Japan Smaller Capitalization Fund,0
JOJO,ATAC Credit Rotation ETF,1
JONEU,Jones Ventures INTL Acquisition1,0
JOUL,Corgi High Voltage Grid Equipment ETF,1
JOUT,Johnson Outdoors,0
JOYT,JPMorgan Equity and Options Total Return ETF,1
JOYY,JOYY,0
JPAN,Matthews Japan Active ETF,1
JPC,Nuveen Preferred & Income Opport,0
JPEF,JPMorgan Equity Focus ETF,1
JPEM,JPMorgan Diversified Return Emerging Markets Equity ETF,1
JPFP,JPMorgan Managed Futures Plus ETF,1
JPHY,JPMorgan Active High Yield ETF,1
JPIB,JPMorgan International Bond Opport,1
JPIE,JPMorgan Income ETF,1
JPIN,JPMorgan Diversified Return International Equity ETF,1
JPLD,JPMorgan Limited Duration Bond ETF,1
JPM,JP Morgan Chase &,0
JPMB,JPMorgan USD Emerging Markets Sovereign Bond ETF,1
JPME,JPMorgan Diversified Return U.S. Mid Cap Equity ETF,1
JPO,YieldMax JP Option Income Strategy ETF,1
JPRE,JPMorgan Realty Income ETF,1
JPRF,JPMorgan Preferred and Income Securities ETF,1
JPSE,JPMorgan Diversified Return U.S. Small Cap Equity ETF,1
JPST,JPMorgan Ultra-Short Income ETF,1
JPSV,JPMorgan Active Small Cap Value ETF,1
JPUS,JPMorgan Diversified Return U.S. Equity ETF,1
JPXN,iShares JPX-Nikkei 400 ETF,1
JPY,Lazard Japanese Equity ETF,1
JQC,Nuveen Credit Strategies Income Fund Shares of,0
JQUA,JPMorgan U.S. Quality Factor ETF,1
JRE,Janus Henderson U.S. Real Estate ETF,1
JRI,Nuveen Real Asset Income and Growth Fund,0
JRS,Nuveen Real Estate Income Fund,0
JRSH,Jerash Holdings (US),0
JRVR,James River,0
JSCP,JPMorgan Short Duration Core Plus ETF,1
JSI,Janus Henderson Securitized Income ETF,1
JSM,Navient Corporation - 6% Senior,0
JSMD,Janus Henderson Small/Mid Cap Growth Alpha ETF,1
JSML,Janus Henderson Small Cap Growth Alpha ETF,1
JSPR,Jasper Therapeutics,0
JSPRW,Jasper Therapeutics,0
JSTC,Adasina Social Justice All Cap Global ETF,1
JTAI,Jet.AI,0
JTEK,JPMorgan U.S. Tech Leaders ETF,1
JTNY,JPMorgan New York Tax Free Bond ETF,1
JUCY,Aptus Enhanced Yield ETF,1
JUDB,Aptus July Deep Buffer ETF,1
JUDO,Janus Henderson U.S. Equity Enhanced Income ETF,1
JULB,Aptus July Buffer ETF,1
JULC,Corgi U.S. Equities 10% Structured Buffer ETF - July Series,1
JULH,Innovator Premium Income 20 Barrier ETF - July,1
JULI,AllianzIM International Equity Buffer15 Uncapped Jul ETF,1
JULJ,Innovator Premium Income 30 Barrier ETF - July,1
JULM,FT Vest U.S. Equity Max Buffer ETF - July,1
JULP,PGIM S&P 500 Buffer 12 ETF - July,1
JULT,AllianzIM U.S. Large Cap Buffer10 Jul ETF,1
JULU,AllianzIM U.S. Equity Buffer15 Uncapped Jul ETF,1
JULW,AllianzIM U.S. Large Cap Buffer20 Jul ETF,1
JULZ,TrueShares Structured Outcome (July) ETF,1
JUNC,Corgi U.S. Equities 10% Structured Buffer ETF - June Series,1
JUNM,FT Vest U.S. Equity Max Buffer ETF - June,1
JUNP,PGIM S&P 500 Buffer 12 ETF - June,1
JUNS,Jupiter Neurosciences,0
JUNT,AllianzIM U.S. Large Cap Buffer10 Jun ETF,1
JUNW,AllianzIM U.S. Large Cap Buffer20 Jun ETF,1
JUNZ,TrueShares Structured Outcome (June) ETF,1
JUSA,JPMorgan U.S. Research Enhanced Large Cap ETF,1
JUST,Goldman Sachs JUST U.S. Large Cap Equity ETF,1
JVA,Coffee,0
JVAL,JPMorgan U.S. Value Factor ETF,1
JWEL,Jowell Global,0
JXG,JX Luxventure,0
JXI,iShares Global Utilities ETF,1
JXN,Jackson Financial,0
JXX,Janus Henderson Transformational Growth ETF,1
JYD,Jayud Global Logistics,0
JYNT,The Joint,0
JZ,Jianzhi Education Technology,0
JZXN,Jiuzi,0
KAI,Kadant,0
KALA,KALA BIO,0
KALU,Kaiser Aluminum,0
KAMO,Kensington Credit Opport,1
KAPA,Kairos Pharma,0
KAPR,Innovator U.S. Small Cap Power Buffer ETF - April,1
KARD,Kardigan,0
KARO,Karooooo,0
KARS,KraneShares Electric Vehicles and Future Mobility Index ETF,1
KAT,Scharf ETF,1
KAUG,Innovator US Small Cap Power Buffer ETF - August,1
KAZR,Skyline Builders,0
KB,KB Financial,0
KBA,KraneShares Bosera MSCI China A 50 Connect Index ETF,1
KBAB,KraneShares 2x Long BABA Daily ETF,1
KBDC,Kayne Anderson BDC,0
KBDU,KraneShares 2x Long BIDU Daily ETF,1
KBE,State Street SPDR S&P Bank ETF,1
KBFR,Innovator U.S. Small Cap Managed 10 Buffer ETF,1
KBH,KB Home,0
KBON,Karbon Capital Partners,0
KBONU,Karbon Capital Partners,0
KBONW,Karbon Capital Partners,0
KBR,KBR,0
KBSX,FST,0
KBUF,KraneShares 90% KWEB Defined Outcome January 2027 ETF,1
KBWB,Invesco KBW Bank ETF,1
KBWD,Invesco KBW High Dividend Yield Financial ETF,1
KBWP,Invesco KBW Property & Casualty Insurance ETF,1
KBWY,Invesco KBW Premium Yield Equity REIT ETF,1
KC,Kingsoft Cloud,0
KCAI,KraneShares China Alpha Index ETF,1
KCCA,KraneShares California Carbon Allowance Strategy ETF,1
KCE,State Street SPDR S&P Capital Markets ETF,1
KCHV,Kochav Defense Acquisition,0
KCHVR,Kochav Defense Acquisition,0
KCHVU,Kochav Defense Acquisition,0
KCOP,Kurv Copper & Mining Enhanced Income ETF,1
KCSH,KraneShares Sustainable Ultra Short Duration Index ETF,1
KD,Kyndryl,0
KDEC,Innovator U.S. Small Cap Power Buffer ETF - December,1
KDEF,PLUS Korea Defense Industry Index ETF,1
KDK,Kodiak AI,0
KDKRW,Kodiak AI,0
KDP,Keurig Dr Pepper,0
KDRN,Kingsbarn Tactical Bond ETF,1
KDVD,Keeley Dividend ETF,1
KE,Kimball Electronics,0
KEAT,Keating Active ETF,1
KEEL,Keel Infrastructure,0
KEEX,Defiance Daily Target 2x Long KEEL ETF,1
KELYA,Kelly Services,0
KELYB,Kelly Services,0
KEMQ,KraneShares Public-Private Emerging Markets Internet and Technology ETF,1
KEMX,KraneShares MSCI Emerging Markets ex China Index ETF,1
KEN,Kenon,0
KEP,Korea Electric Power,0
KEQU,Kewaunee Scientific,0
KEX,Kirby,0
KEY,KeyCorp,0
KEYG,Leverage Shares 2X Long KEYS Daily ETF,1
KEYS,Keysight Technologies,0
KEYX,Corgi KEYS 2x Daily ETF,1
KEYY,Keystone Acquisition,0
KEYYU,Keystone Acquisition,0
KEYYW,Keystone Acquisition,0
KF,"Korea Fund, Inc. (The) New",0
KFEB,Innovator U.S. Small Cap Power Buffer ETF - February,1
KFFB,Kentucky First Federal Bancorp,0
KFII,K&F Growth Acquisition Corp. II,0
KFIIR,K&F Growth Acquisition Corp. II,0
KFIIU,K&F Growth Acquisition Corp. II,0
KFRC,Kforce,0
KFY,Korn Ferry,0
KG,Kestrel,0
KGC,Kinross Gold,0
KGEI,Kolibri Global Energy,0
KGLD,Kurv Gold Enhanced Income ETF,1
KGRN,KraneShares MSCI China Clean Technology Index ETF,1
KGS,Kodiak Gas Services,0
KHC,The Kraft Heinz,0
KHPI,Kensington Hedged Premium Income ETF,1
KHYB,KraneShares Asia Pacific High Income USD Bond ETF,1
KIDS,OrthoPediatrics,0
KIDZ,KIDZ AI,0
KIDZW,KIDZ AI,0
KIE,State Street SPDR S&P Insurance ETF,1
KIM,Kimco Realty Corporation (HC),0
KINS,Kingstone Companies,0
KIO,KKR Income Opport,0
KIQQ,KraneShares InspereX Nasdaq Dynamic Buffered High Income Index ETF,1
KITT,Nauticus Robotics,0
KITTW,Nauticus Robotics,0
KJAN,Innovator U.S. Small Cap Power Buffer ETF - January,1
KJD,KraneShares 2x Long JD Daily ETF,1
KJUL,Innovator U.S. Small Cap Power Buffer ETF - July,1
KJUN,Innovator U.S. Small Cap Power Buffer ETF - June,1
KKR,KKR &,0
KKRS,KKR Group Finance Co. IX LLC 4.625% Subordinated,0
KKRT,KKR & Co. Inc. 6.875% Subordinated,0
KLAC,KLA,0
KLAG,Leverage Shares 2x Long KLAC Daily ETF,1
KLAR,Klarna,0
KLC,KinderCare Learning Companies,0
KLIC,Kulicke and Soffa Industries,0
KLIP,KraneShares KWEB Covered Call Strategy ETF,1
KLMN,Invesco MSCI North America Climate ETF,1
KLMT,Invesco MSCI Global Climate 500 ETF,1
KLRA,Kailera Therapeutics,0
KLRS,Kalaris Therapeutics,0
KLTR,Kaltura,0
KLXE,KLX Energy Services,0
KMAR,Innovator U.S. Small Cap Power Buffer ETF - March,1
KMAY,Innovator U.S. Small Cap Power Buffer ETF - May,1
KMB,Kimberly-Clark,0
KMCA,PLUS Korea Manufacturing Core Alliance Index ETF,1
KMDA,Kamada,0
KMEM,Kurv Memory Select ETF,1
KMI,Kinder Morgan,0
KMID,Virtus KAR Mid-Cap ETF,1
KMLI,KraneShares 2x Long MELI Daily ETF,1
KMLM,KraneShares Mount Lucas Managed Futures Index Strategy ETF,1
KMPB,Kemper Corporation 5.875% Fixed-Rate Reset Junior Subordinated Debentures due 2062,0
KMPR,Kemper,0
KMRK,K-Tech Solutions,0
KMT,Kennametal,0
KMTS,Kestra Medical Technologies,0
KMX,CarMax,0
KN,Knowles,0
KNCT,Invesco Next Gen Connectivity ETF,1
KNDI,Kandi Technologies,0
KNF,Knife Riv,0
KNG,FT Vest S&P 500 Dividend Aristocrats Target Income ETF,1
KNGZ,First Trust S&P 500 Diversified Dividend Aristocrats ETF,1
KNO,AXS Knowledge Leaders ETF,1
KNOP,KNOT Offshore Partners LP Common,0
KNOV,Innovator U.S. Small Cap Power Buffer ETF - November,1
KNOW,Fundamentals First ETF,1
KNRG,Simplify Kayne Anderson Energy and Infrastructure Credit ETF,1
KNRX,KNOREX,0
KNSA,Kiniksa Pharmaceuticals International,0
KNSL,Kinsale Capital,0
KNTK,Kinetik,0
KNX,Knight-Swift Transportation,0
KO,Coca-Cola Company (The),0
KOCT,Innovator U.S. Small Cap Power Buffer ETF - October,1
KOD,Kodiak Sciences,0
KODK,Eastman Kodak Company Common New,0
KOF,Coca Cola Femsa S.A.B. de C.V,0
KOID,KraneShares Global Humanoid Robotics and Physical AI Index ETF,1
KOKU,Xtrackers MSCI Kokusai Equity ETF,1
KOLD,ProShares UltraShort Bloomberg Natural Gas,1
KOMP,State Street SPDR S&P Kensho New Economies Composite ETF,1
KONG,Formidable Fortress ETF,1
KOOL,North Shore Equity Rotation ETF,1
KOP,Koppers,0
KOPN,Kopin,0
KORP,American Century Diversified Corporate Bond ETF,1
KORU,Direxion Daily South Korea Bull 3X ETF,1
KOS,Kosmos Energy,0
KOSS,Koss,0
KOYN,CSLM Digital Asset Acquisition Corp III,0
KOYNU,CSLM Digital Asset Acquisition Corp III,0
KOYNW,CSLM Digital Asset Acquisition Corp III,0
KPDD,KraneShares 2x Long PDD Daily ETF,1
KPET,KPET Ultra Paceline,0
KPHO,KraneShares Dragon Capital Growth of Vietnam Index ETF,1
KPLT,Katapult,0
KPRO,KraneShares 100% KWEB Defined Outcome January 2027 ETF,1
KPRX,Kiora Pharmaceuticals,0
KPTI,Karyopharm Therapeutics,0
KQQQ,Kurv Technology Titans Select ETF,1
KR,Kroger Company (The),0
KRAQ,KRAKacquisition,0
KRAQU,KRAKacquisition,0
KRAQW,KRAKacquisition,0
KRBN,KraneShares Global Carbon Strategy ETF,1
KRC,Kilroy Realty,0
KRE,State Street SPDR S&P Regional Banking ETF,1
KREF,KKR Real Estate Finance Trust,0
KRG,Kite Realty Group Trust,0
KRKR,,0
KRMD,KORU Medical Systems,0
KRMN,Karman,0
KRNT,Kornit Digital,0
KRNY,Kearny Financial,0
KRO,Kronos Worldwide,0
KROP,Global X AgTech & Food Innovation ETF,1
KROS,Keros Therapeutics,0
KRP,Kimbell Royalty Partners Common,0
KRRO,Korro Bio,0
KRSP,Rice Acquisition Corporation 3,0
KRT,Karat Packaging,0
KRUS,Kura Sushi USA,0
KRWX,Corgi South Korea 2x Daily ETF,1
KRYP,ProShares CoinDesk 20 Crypto ETF,1
KRYS,Krystal Biotech,0
KSA,iShares MSCI Saudi Arabia ETF,1
KSCP,Knightscope,0
KSEP,Innovator U.S. Small Cap Power Buffer ETF - September,1
KSLV,Kurv Silver Enhanced Income ETF,1
KSPI,Joint Stock Company Kaspi.kz - American Depository Shares,0
KSPY,KraneShares Hedgeye Hedged Equity Index ETF,1
KSS,Kohl's,0
KSTR,KraneShares China Technology & Semiconductor STAR 50 Index ETF,1
KT,,0
KTB,Kontoor Brands,0
KTCC,Key Tronic,0
KTEC,KraneShares Hang Seng TECH Index ETF,1
KTF,DWS Municipal Income Trust,0
KTH,Structures Products Cp 8% CorTS Issued by Peco Energy Cap Tr II,0
KTN,Structured Products Corp 8.205% CorTS 8.205% Corporate Backed Trust Securities (CorTS),0
KTOS,Kratos Defense & Security Solutions,0
KTTA,Pasithea Therapeutics,0
KTTAW,Pasithea Therapeutics,0
KTUP,T-REX 2X Long KTOS Daily Target ETF,1
KTWO,K2 Capital Acquisition,0
KTWOR,K2 Capital Acquisition,0
KTWOU,K2 Capital Acquisition,0
KULR,KULR Technology,0
KURA,Kura Oncology,0
KURE,KraneShares MSCI All China Health Care Index ETF,1
KUST,Kustom Entertainment,0
KVHI,KVH Industries,0
KVLE,KraneShares Value Line Dynamic Dividend Equity Index ETF,1
KVUE,Kenvue,0
KVYO,Klaviyo,0
KWEB,KraneShares CSI China Internet ETF,1
KWH,GMO Power Infrastructure ETF,1
KWIN,KraneShares Wahed Alternative Income Index ETF,1
KWM,K Wave Media,0
KWMWW,K Wave Media,0
KWR,Quaker Houghton,0
KWT,iShares MSCI Kuwait ETF,1
KWY,Kingsway,0
KXI,iShares Global Consumer Staples ETF,1
KXIN,Kaixin,0
KYC,Corgi Digital Banking & Fintech Infrastructure ETF,1
KYIV,Kyivstar,0
KYIVW,Kyivstar,0
KYLD,Kurv High Income ETF,1
KYMR,Kymera Therapeutics,0
KYN,Kayne Anderson Energy Infrastructure Fund,0
KYNB,Kyntra Bio,0
KYTX,Kyverna Therapeutics,0
KZIA,Kazia Therapeutics,0
L,Loews,0
LAB,Standard BioTools,0
LABD,Direxion Daily S&P Biotech Bear 3X ETF,1
LABT,Lakewood-Amedex Biotherapeutics,0
LABU,Direxion Daily S&P Biotech Bull 3X ETF,1
LABX,Tradr 2X Long ALAB Daily ETF,1
LAC,Lithium Americas,0
LAD,Lithia Motors,0
LADM,Pacer Swan SOS Laddered Moderate ETF,1
LADR,Ladder Capital,0
LAES,SEALSQ,0
LAFA,LaFayette Acquisition,0
LAFAR,LaFayette Acquisition,0
LAFAU,LaFayette Acquisition,0
LAKE,Lakeland Industries,0
LALT,First Trust Multi-Strategy Alternative ETF,1
LAMR,Lamar Advertising,0
LAND,Gladstone Land,0
LANDO,Gladstone Land Corporation - 6.00% Series B Cumulative Redeemable,0
LANDP,Gladstone Land Corporation - 6.00% Series C Cumulative Redeemable,0
LANV,Lanvin,0
LAPR,Innovator Premium Income 15 Buffer ETF - April,1
LAR,Lithium Argentina,0
LARK,Landmark Bancorp,0
LASC,Corgi LASR 2x Daily ETF,1
LASE,Laser Photonics,0
LASR,nLIGHT,0
LATA,Galata Acquisition Corp. II,0
LATAU,Galata Acquisition Corp. II,0
LATAW,Galata Acquisition Corp. II,0
LATR,Corgi Buy Now Pay Later ETF,1
LAUR,Laureate Education,0
LAW,CS Disco,0
LAWR,"Robot Consulting Co., Ltd. - ADS",0
LAZ,Lazard,0
LAZR,Tema Photonics & Optical ETF,1
LB,LandBridge Company LLC Class A Shares Representing Limited Liability Company Interests,0
LBAY,Leatherback Long/Short Alternative Yield ETF,1
LBGJ,Li Bang International,0
LBO,WHITEWOLF Publicly Listed Private Equity ETF,1
LBRDA,Liberty Broadband,0
LBRDK,Liberty Broadband,0
LBRDP,Liberty Broadband Corporation - Series A Cumulative Redeemable,0
LBRT,Liberty Energy,0
LBRX,LB Pharmaceuticals,0
LBTYA,Liberty Global,0
LBTYB,Liberty Global,0
LBTYK,Liberty Global,0
LCAP,Principal Capital Appreciation Select ETF,1
LCCC,Lakeshore Acquisition III,0
LCCCR,Lakeshore Acquisition III,0
LCCCU,Lakeshore Acquisition III,0
LCDS,JPMorgan Fundamental Data Science Large Core ETF,1
LCF,Touchstone US Large Cap Focused ETF,1
LCFY,Locafy,0
LCFYW,Locafy,0
LCID,Lucid,0
LCII,LCI Industries,0
LCLG,Logan Capital Broad Innovative Growth ETF,1
LCLN,Lincoln International,0
LCNB,LCNB,0
LCO,LOGIQ Contrarian Opport,1
LCOW,Pacer S&P 500 Quality FCF Aristocrats ETF,1
LCR,Leuthold Core ETF,1
LCTD,iShares World ex U.S. Carbon Transition Readiness Aware Active ETF,1
LCTO,Kurv U.S. Large Cap TaxOptimized ETF,1
LCTU,iShares U.S. Carbon Transition Readiness Aware Active ETF,1
LCTX,Lineage Cell Therapeutics,0
LCUT,Lifetime Brands,0
LDDR,LifeX 2035 Income Bucket ETF,1
LDEM,iShares ESG MSCI EM Leaders ETF,1
LDI,loanDepot,0
LDOS,Leidos,0
LDP,Cohen & Steers Limited Duration Preferred and Income Fund,0
LDRC,iShares iBonds 1-5 Year Corporate Ladder ETF,1
LDRH,iShares iBonds 1-5 Year High Yield and Income Ladder ETF,1
LDRI,iShares iBonds 1-5 Year TIPS Ladder ETF,1
LDRT,iShares iBonds 1-5 Year Treasury Ladder ETF,1
LDRX,SGI Enhanced Market Leaders ETF,1
LDSF,First Trust Low Duration Strategic Focus ETF,1
LDUR,PIMCO Enhanced Low Duration Active Exchange-Traded Fund,1
LE,Lands' End,0
LEA,Lear,0
LECO,Lincoln Electric,0
LEDS,SemiLEDS,0
LEE,Lee Enterprises,0
LEG,Leggett & Platt,0
LEGH,Legacy Housing,0
LEGN,Legend Biotech,0
LEGO,Legato Merger Corp. IV,0
LEGR,First Trust Indxx Innovative Transaction & Process ETF,1
LEMB,iShares J.P. Morgan EM Local Currency Bond,1
LEN,Lennar,0
LEND,SEI High Yield Bond & Alternative Credit ETF,1
LENS,Sarmaya Thematic ETF,1
LENZ,LENZ Therapeutics,0
LEO,BNY Mellon Strategic Municipals,0
LESL,Leslie's,0
LEU,Centrus Energy,0
LEUX,Tradr 2X Long LEU Daily ETF,1
LEVI,Levi Strauss &,0
LEXI,Alexis Practical Tactical ETF,1
LEXX,Lexaria Bioscience,0
LFAC,Leapfrog Acquisition,0
LFACU,Leapfrog Acquisition,0
LFACW,Leapfrog Acquisition,0
LFAI,LifeX 2050 Longevity Income ETF,1
LFAO,LifeX 2055 Longevity Income ETF,1
LFAW,LifeX 2060 Longevity Income ETF,1
LFBE,LifeX 2065 Longevity Income ETF,1
LFCR,Lifecore Biomedical,0
LFDR,LifeX Durable Income ETF,1
LFEQ,VanEck Long/Flat Trend ETF,1
LFGY,YieldMax Crypto Industry & Tech Portfolio Option Income ETF,1
LFMD,LifeMD,0
LFMDP,"LifeMD, Inc. - 8.875% Series A Cumulative Perpetual",0
LFS,LEIFRAS,0
LFSC,F/m Emerald Life Sciences Innovation ETF,1
LFST,LifeStance Health,0
LFT,Lument Finance Trust,0
LFTO,Liftoff Mobile,0
LFUS,Littelfuse,0
LFVN,Lifevantage,0
LFWD,Lifeward,0
LGCF,Themes US Cash Flow Champions ETF,1
LGCL,Lucas GC,0
LGCY,Legacy Education,0
LGDS,JPMorgan Fundamental Data Science Large Growth ETF,1
LGDX,Intech S&P Large Cap Diversified Alpha ETF,1
LGH,HCM Defender 500 Index ETF,1
LGHL,Lion,0
LGHT,Langar Global HealthTech ETF,1
LGI,Lazard Global Total Return and Income Fund,0
LGIH,LGI Homes,0
LGL,"LGL Group, Inc. (The)",0
LGLV,State Street SPDR US Large Cap Low Volatility Index ETF,1
LGN,Legence,0
LGND,Ligand Pharmaceuticals,0
LGO,Largo,0
LGOV,First Trust Long Duration Opport,1
LGPS,LogProstyle,0
LGRO,Level Four Large Cap Growth Active ETF,1
LGVN,Longeveron,0
LH,Labcorp,0
LHAI,Linkhome,0
LHSW,Lianhe Sowell International,0
LHX,L3Harris Technologies,0
LI,Li Auto,0
LIAE,LifeX 2050 Inflation-Protected Longevity Income ETF,1
LIAM,LifeX 2055 Inflation-Protected Longevity Income ETF,1
LIAU,LifeX 2060 Inflation-Protected Longevity Income ETF,1
LIBD,LifeX 2065 Inflation-Protected Longevity Income ETF,1
LICN,Lichen International,0
LIDR,AEye,0
LIDRW,AEye,0
LIEN,Chicago Atlantic BDC,0
LIF,Life360,0
LIFE,Ethos Technologies,0
LIFT,LifeX 2028 Income Bucket ETF,1
LII,Lennox International,0
LILA,Liberty Latin America,0
LILAK,Liberty Latin America,0
LILAP,Liberty Latin America Ltd. - 9.0% Fixed Rate Cumulative Perpetual Redeemable Series A Preference Shares,0
LIME,Neutron,0
LIMI,Themes Lithium & Battery Metal Miners ETF,1
LIMN,Liminatus Pharma,0
LIMNW,Liminatus Pharma,0
LIN,Linde,0
LINC,Lincoln Educational Services,0
LIND,Lindblad Expeditions,0
LINE,Lineage,0
LINK,Interlink Electronics,0
LINT,Direxion Daily INTC Bull 2X ETF,1
LION,Lionsgate Studios,0
LIQT,LiqTech International,0
LIT,Global X Lithium & Battery Tech ETF,1
LITB,LightInTheBox,0
LITC,Corgi LITE 2x Daily ETF,1
LITE,Lumentum,0
LITL,Simplify Piper Sandler US Small-Cap PLUS Income ETF,1
LITP,Sprott Lithium Miners ETF,1
LITS,Lite Strategy,0
LITU,T-REX 2X Long LITE Daily Target ETF,1
LITX,Tradr 2X Long LITE Daily ETF,1
LITZ,Tradr 2X Short LITE Daily ETF,1
LIVE,Live Ventures,0
LIVN,LivaNova,0
LJAN,Innovator Premium Income 15 Buffer ETF - January,1
LJUL,Innovator Premium Income 15 Buffer ETF - July,1
LKFN,Lakeland Financial,0
LKFT,Lakefront Biotherapeutics,0
LKOR,FlexShares Credit-Scored US Long Corporate Bond Index Fund,1
LKQ,LKQ,0
LKSP,Lake Superior Acquisition,0
LKSPR,Lake Superior Acquisition,0
LKSPU,Lake Superior Acquisition,0
LLDR,Global X Long-Term Treasury Ladder ETF,1
LLY,Eli Lilly and,0
LLYVA,"Liberty Live Holdings, Inc. - Series A Liberty Live",0
LLYVK,"Liberty Live Holdings, Inc. - Series C Liberty Live",0
LLYX,Defiance Daily Target 2X Long LLY ETF,1
LMAT,LeMaitre Vascular,0
LMB,Limbach,0
LMBS,First Trust Low Duration Opport,1
LMND,Lemonade,0
LMNR,Limoneira,0
LMNX,Defiance Daily Target 2x Long LMND ETF,1
LMRI,Lumexa Imaging,0
LMT,Lockheed Martin,0
LMTL,Direxion Daily LMT Bull 2X ETF,1
LMUB,iShares Long-Term National Muni Bond ETF,1
LNAI,Lunai Bioworks,0
LNC,Lincoln National,0
LND,Brasilagro Brazilian Agric Real Estate Co Sponsored ADR (Brazil),0
LNG,Cheniere Energy,0
LNGX,Global X U.S. Natural Gas ETF,1
LNKS,Linkers Industries,0
LNN,Lindsay,0
LNOK,Defiance Daily Target 2X Long NOK ETF,1
LNSR,LENSAR,0
LNT,Alliant Energy,0
LNTH,Lantheus,0
LNZA,LanzaTech Global,0
LNZAW,LanzaTech Global,0
LOAN,Manhattan Bridge Capital,0
LOAR,Loar,0
LOB,Live Oak Bancshares,0
LOBO,LOBO TECHNOLOGIES,0
LOCL,Local Bounti,0
LOCO,El Pollo Loco,0
LOCT,Innovator Premium Income 15 Buffer ETF - October,1
LODE,Comstock,0
LODI,AAM SLC Low Duration Income ETF,1
LOEV,Harding Loevner International Developed Markets Select Equity ETF,1
LOFF,Direxion Daily SpaceX Bull 2X ETF,1
LOGI,Logitech International S.A. - Registered Shares,0
LOGO,Alpha Brands Consumption Leaders ETF,1
LOHA,Roundhill HALO ETF,1
LOMA,Loma Negra Compania Industrial Argentina Sociedad Anonima ADS,0
LONA,LeonaBio,0
LONZ,PIMCO Senior Loan Active Exchange-Traded Fund,1
LOOP,Loop Industries,0
LOPE,Grand Canyon Education,0
LOPP,Gabelli Love Our Planet & People ETF Gabelli Love Our Planet & People ETF,1
LOT,Lotus Technology,0
LOTI,Liberty One Tactical Income ETF,1
LOTWW,Lotus Technology,0
LOUP,Innovator Deepwater Frontier Tech ETF,1
LOVE,The Lovesac,0
LOW,Lowe's Companies,0
LOWV,AB US Low Volatility Equity ETF,1
LPA,Logistic Properties of the Americas,0
LPAA,Launch One Acquisition,0
LPAAU,Launch One Acquisition,0
LPAAW,Launch One Acquisition,0
LPBB,Launch Two Acquisition,0
LPBBU,Launch Two Acquisition,0
LPBBW,Launch Two Acquisition,0
LPCN,Lipocine,0
LPCV,Launchpad Cadenza Acquisition Corp I,0
LPCVU,Launchpad Cadenza Acquisition Corp I,0
LPCVW,Launchpad Cadenza Acquisition Corp I,0
LPG,Dorian LPG,0
LPL,"LG Display Co, Ltd AMERICAN DEPOSITORY SHARES",0
LPLA,LPL Financial,0
LPRE,Long Pond Real Estate Select ETF,1
LPSN,LivePerson,0
LPTH,LightPath Technologies,0
LPX,Louisiana-Pacific,0
LQ,Simplify Tax Aware Alternatives ETF,1
LQAI,LG QRAFT AI-Powered U.S. Large Cap Core ETF,1
LQD,iShares iBoxx $ Investment Grade Corporate Bond ETF,1
LQDA,Liquidia,0
LQDB,iShares BBB Rated Corporate Bond ETF,1
LQDH,iShares Interest Rate Hedged Corporate Bond ETF,1
LQDI,iShares Inflation Hedged Corporate Bond ETF,1
LQDM,Amplify LQD Investment Grade 12% Target Income ETF,1
LQDT,Liquidity Services,0
LQDW,iShares Investment Grade Corporate Bond BuyWrite Strategy ETF,1
LQID,Kurv Enhanced Short Maturity ETF,1
LQTI,FT Vest Investment Grade & Target Income ETF,1
LRCC,Corgi LRCX 2x Daily ETF,1
LRCU,Tradr 2X Long LRCX Daily ETF,1
LRCX,Lam Research,0
LRE,Lead Real Estate,0
LRGC,AB US Large Cap Strategic Equities ETF,1
LRGE,ClearBridge Large Cap Growth Select ETF,1
LRGF,iShares U.S. Equity Factor ETF,1
LRGG,Nomura Focused Large Growth ETF,1
LRHC,La Rosa,0
LRMR,Larimar Therapeutics,0
LRN,Stride,0
LRND,NYLI U.S. Large Cap R&D Leaders ETF,1
LRNX,Corgi LRN 2x Daily ETF,1
LRNZ,"TrueShares Technology, AI & Deep Learning ETF",1
LSAF,LeaderShares AlphaFactor US Core Equity ETF,1
LSAK,Lesaka Technologies,0
LSAT,LeaderShares AlphaFactor Tactical Focused ETF,1
LSBK,Lake Shore Bancorp,0
LSCC,Lattice Semiconductor,0
LSCP,Natixis Loomis Sayles Dynamic Core Plus ETF,1
LSE,Leishen Energy,0
LSEQ,Harbor Long-Short Equity ETF,1
LSF,Laird Superfood,0
LSGR,Natixis Loomis Sayles Focused Growth ETF,1
LSH,Lakeside,0
LSPD,Lightspeed Commerce Inc. Subordinate Voting Shares,0
LST,Leuthold Select Industries ETF,1
LSTA,Lisata Therapeutics,0
LSTB,Natixis Loomis Sayles Total Return Bond ETF,1
LSTR,Landstar System,0
LSVD,LSV Disciplined Value ETF,1
LTAX,Nomura Tax-Free USA ETF,1
LTBR,Lightbridge,0
LTC,LTC Properties,0
LTCC,Canary Litecoin ETF,1
LTGR,Long Table Growth,0
LTGRU,Long Table Growth,0
LTGRW,Long Table Growth,0
LTH,Life Time,0
LTL,ProShares Ultra Communication Services,1
LTM,LATAM Airlines Group S.A,0
LTPZ,Pimco 15 Year U.S. TIPS Index Exchange-Traded Fund,1
LTRN,Lantern Pharma,0
LTRX,Lantronix,0
LTRYW,Sports Entertainment Gaming Global,0
LTTI,FT Vest 20+ Year Treasury & Target Income ETF,1
LU,Lufax,0
LUCD,Lucid Diagnostics,0
LUCK,Lucky Strike Entertainment,0
LUCY,Innovative Eyewear,0
LUCYW,Innovative Eyewear,0
LUD,Luda Technology,0
LULG,Leverage Shares 2X Long LULU Daily ETF,1
LULU,lululemon athletica,0
LUMA,KraneShares Photonic and Optical ETF,1
LUMN,Lumen Technologies,0
LUNG,Pulmonx,0
LUNL,Defiance Daily Target 2X Long LUNR ETF,1
LUNR,Intuitive Machines,0
LUV,Southwest Airlines,0
LUXE,LuxExperience B.V,0
LVDS,JPMorgan Fundamental Data Science Large Value ETF,1
LVHD,Franklin U.S. Low Volatility High Dividend Index ETF,1
LVHI,Franklin International Low Volatility High Dividend Index ETF,1
LVIG,Longview Advantage Fixed Income ETF,1
LVLN,State Street SPDR S&P Leveraged Loan ETF,1
LVLU,Lulu's Fashion Lounge,0
LVO,LiveOne,0
LVS,Las Vegas Sands,0
LVWR,LiveWire,0
LW,Lamb Weston,0
LWAC,LightWave Acquisition,0
LWACU,LightWave Acquisition,0
LWACW,LightWave Acquisition,0
LWAY,Lifeway Foods,0
LWLG,Lightwave Logic,0
LX,LexinFintech,0
LXEH,Lixiang Education,0
LXEO,Lexeo Therapeutics,0
LXFR,Luxfer,0
LXP,LXP Industrial Trust,0
LXRX,Lexicon Pharmaceuticals,0
LXU,LSB Industries,0
LYB,LyondellBasell Industries,0
LYEL,Lyell Immunopharma,0
LYFT,Lyft,0
LYG,Lloyds Banking,0
LYLD,Cambria Large Cap Shareholder Yield ETF,1
LYTS,LSI Industries,0
LYV,Live Nation Entertainment,0
LZ,LegalZoom.com,0
LZB,La-Z-Boy,0
LZM,Lifezone Metals,0
LZMH,LZ Technology,0
M,Macy's,0
MA,Mastercard,0
MAA,Mid-America Apartment Comm,0
MAAS,Maase,0
MAAY,GraniteShares YieldBOOST MARA ETF,1
MAC,Macerich Company (The),0
MACI,Melar Acquisition Corp. I,0
MACIU,Melar Acquisition Corp. I,0
MACIW,Melar Acquisition Corp. I,0
MADE,iShares U.S. Manufacturing ETF,1
MAGA,Truth Social America First ETF,1
MAGC,Roundhill China Magnificent Seven ETF,1
MAGG,Madison Aggregate Bond ETF,1
MAGH,Magnitude International,0
MAGN,Magnera,0
MAGS,Roundhill Magnificent Seven ETF,1
MAGX,Roundhill Daily 2X Long Magnificent Seven ETF,1
MAGY,Roundhill Magnificent Seven Covered Call ETF,1
MAIA,MAIA Biotechnology,0
MAIN,Main Street Capital,0
MAIR,Madison Air Solutions,0
MAKO,Mako Mining,0
MAKX,ProShares S&P Kensho Smart Factories ETF,1
MAMA,Mama's Creations,0
MAMB,Monarch Ambassador Income Index ETF,1
MAMK,MaxsMaking,0
MAMO,Massimo,0
MAN,ManpowerGroup,0
MANE,Veradermics,0
MANH,Manhattan Associates,0
MANI,Man Active Income ETF,1
MANU,Manchester,0
MAPP,Harbor Multi-Asset Explorer ETF,1
MAR,Marriott International,0
MARA,MARA,0
MARM,FT Vest U.S. Equity Max Buffer ETF - March,1
MARO,YieldMax MARA Option Income Strategy ETF,1
MARPS,Marine Petroleum Trust,0
MARS,Roundhill Space & Technology ETF,1
MART,AllianzIM U.S. Large Cap Buffer10 Mar ETF,1
MARU,AllianzIM U.S. Equity Buffer15 Uncapped Mar ETF,1
MARW,AllianzIM U.S. Large Cap Buffer20 Mar ETF,1
MARZ,TrueShares Structured Outcome (March) ETF,1
MAS,Masco,0
MASK,3 E Network Technology,0
MASS,908 Devices,0
MAT,Mattel,0
MATE,Man Active Trend Enhanced ETF,1
MATH,Metalpha Technology,0
MATV,Mativ,0
MATW,Matthews International,0
MATX,Matson,0
MAUG,Pacer Swan SOS Moderate (August) ETF,1
MAVF,Matrix Advisors Value ETF,1
MAX,MediaAlpha,0
MAXI,Simplify Bitcoin Strategy ETF,1
MAXJ,iShares Large Cap Max Buffer Jun ETF,1
MAYC,Corgi U.S. Equities 10% Structured Buffer ETF - May Series,1
MAYM,FT Vest U.S. Equity Max Buffer ETF - May,1
MAYP,PGIM S&P 500 Buffer 12 ETF - May,1
MAYS,J. W. Mays,0
MAYT,AllianzIM U.S. Large Cap Buffer10 May ETF,1
MAYU,AllianzIM U.S. Equity Buffer15 Uncapped May ETF,1
MAYW,AllianzIM U.S. Large Cap Buffer20 May ETF,1
MAYZ,TrueShares Structured Outcome (May) ETF,1
MAZE,Maze Therapeutics,0
MB,MasterBeef,0
MBAI,Check-Cap,0
MBB,iShares MBS ETF,1
MBBA,iShares Mortgage-Backed Securities Active ETF,1
MBBB,VanEck Moody's Analytics BBB Corporate Bond ETF,1
MBBC,Marathon Bancorp,0
MBC,MasterBrand,0
MBCE,Monarch Blue Chips Elite Index ETF,1
MBGL,Mobility Global,0
MBI,MBIA,0
MBIN,Merchants Bancorp,0
MBINL,Merchants Bancorp,0
MBINM,Merchants Bancorp,0
MBINN,Merchants Bancorp,0
MBIO,Mustang Bio,0
MBLY,Mobileye Global,0
MBND,State Street Nuveen Municipal Bond ETF,1
MBNKO,Medallion Bank - Fixed-Rate Reset Non-Cumulative Perpetual,0
MBOT,Microbot Medical,0
MBOX,Freedom Day Dividend ETF,1
MBRX,Moleculin Biotech,0
MBS,Angel Oak Mortgage-Backed Securities ETF,1
MBSD,FlexShares Disciplined Duration MBS Index Fund,1
MBSF,Regan Floating Rate MBS ETF,1
MBSX,Regan Fixed Rate MBS ETF,1
MBUU,Malibu Boats,0
MBVI,M3-Brigade Acquisition VI,0
MBVIU,M3-Brigade Acquisition VI,0
MBVIW,M3-Brigade Acquisition VI,0
MBWM,Mercantile Bank,0
MBX,MBX Biosciences,0
MC,Moelis &,0
MCAH,Mountain Crest Acquisition 6,0
MCAHR,Mountain Crest Acquisition 6,0
MCAHU,Mountain Crest Acquisition 6,0
MCB,Metropolitan Bank,0
MCBS,MetroCity Bankshares,0
MCD,McDonald's,0
MCDS,JPMorgan Fundamental Data Science Mid Core ETF,1
MCFT,MasterCraft Boat,0
MCGA,Yorkville Acquisition,0
MCGAU,Yorkville Acquisition,0
MCGAW,Yorkville Acquisition,0
MCH,Matthews China Active ETF,1
MCHB,Mechanics Bancorp,0
MCHG,Leverage Shares 2X Long MCHP Daily ETF,1
MCHI,iShares MSCI China ETF,1
MCHP,Microchip Technology,0
MCHPP,Microchip Technology,0
MCHS,Matthews China Innovators Active ETF,1
MCHU,Tradr 2X Long MCHP Daily ETF,1
MCHX,Marchex,0
MCI,Barings Corporate Investors,0
MCK,McKesson,0
MCN,XAI Madison Equity Premium Income Fund,0
MCO,Moody's,0
MCOW,Pacer S&P MidCap 400 Quality FCF Aristocrats ETF,1
MCRB,Seres Therapeutics,0
MCRI,Monarch Casino & Resort,0
MCRP,Micropolis AI Robotics,0
MCS,Marcus Corporation (The),0
MCTA,Charming Medical,0
MCVT,Miller Convertible Total Return ETF,1
MCY,Mercury General,0
MD,Pediatrix Medical,0
MDA,MDA Space,0
MDAA,Myriad Dynamic Asset Allocation ETF,1
MDAI,Spectral AI,0
MDAIW,Spectral AI,0
MDB,MongoDB,0
MDBH,"MDB Capital Holdings, LLC - Class A common",0
MDCR,Pacer Swan SOS Moderate December ETF,1
MDCX,Medicus Pharma,0
MDCXW,Medicus Pharma,0
MDEV,First Trust Indxx Medical Devices ETF,1
MDGL,Madrigal Pharmaceuticals,0
MDIA,Mediaco,0
MDIV,Multi-Asset Diversified Income Index Fund,1
MDLN,Medline,0
MDLV,Morgan Dempsey Large Cap Value ETF,1
MDLZ,Mondelez International,0
MDPL,Monarch Dividend Plus Index ETF,1
MDRR,Medalist Diversified,0
MDST,Westwood Salient Enhanced Midstream Income ETF,1
MDT,Medtronic,0
MDU,MDU Resources,0
MDV,Modiv Industrial,0
MDWD,MediWound,0
MDXG,MiMedx,0
MDXH,MDxHealth,0
MDY,State Street SPDR S&P MIDCAP 400 ETF Trust,1
MDYG,State Street SPDR S&P 400 Mid Cap Growth ETF,1
MDYV,State Street SPDR S&P 400 Mid Cap Value ETF,1
MEAR,iShares Short Maturity Municipal Bond Active ETF,1
MEC,Mayville Engineering,0
MED,MEDIFAST,0
MEDI,Harbor Health Care ETF,1
MEDP,Medpace,0
MEDS,DataMeds AI,0
MEDX,Horizon Kinetics Medical ETF,1
MEGI,NYLI CBRE Global Infrastructure Megatrends Term Fund,0
MEGL,Magic Empire Global,0
MEI,Methode Electronics,0
MEIB,Direxion META Defined Income Boost ETF,1
MELI,MercadoLibre,0
MEM,Matthews Emerging Markets Equity Active ETF,1
MEMA,Man Active Emerging Markets Alternative ETF,1
MEME,Roundhill Meme Stock ETF,1
MEMS,Matthews Emerging Markets Discovery Active ETF,1
MEMX,Matthews Emerging Markets ex China Active ETF,1
MEMY,Tuttle Capital Meme Stock Income Blast ETF,1
MENS,Jyong Biotech,0
MEOH,Methanex,0
MERC,Mercer International,0
MESH,Meshflow Acquisition,0
MESHU,Meshflow Acquisition,0
MESHW,Meshflow Acquisition,0
MESO,Mesoblast,0
MET,MetLife,0
META,Meta Platforms,0
METC,Ramaco Resources,0
METCB,Ramaco Resources,0
METCI,"Ramaco Resources, Inc. - 8.250% Senior",0
METCZ,"Ramaco Resources, Inc. - 8.375% Senior",0
METD,Direxion Daily META Bear 1X ETF,1
METG,Leverage Shares 2X Long META Daily ETF,1
METL,Sprott Active Metals & Miners ETF,1
METU,Direxion Daily META Bull 2X ETF,1
METV,Roundhill Ball Metaverse ETF,1
METW,Roundhill META WeeklyPay ETF,1
MEVO,M Evo Global Acquisition Corp II,0
MEVOU,M Evo Global Acquisition Corp II,0
MEVOW,M Evo Global Acquisition Corp II,0
MEXX,Direxion Daily MSCI Mexico Bull 3X ETF,1
MF,MindForge,0
MFA,MFA Financial,0
MFAN,"MFA Financial, Inc. 8.875% Senior",0
MFAO,"MFA Financial, Inc. 9.000% Senior",0
MFC,Manulife Financial,0
MFDX,PIMCO RAFI Dynamic Multi-Factor International Equity ETF,1
MFEB,Pacer Swan SOS Moderate (February) ETF,1
MFEM,PIMCO RAFI Dynamic Multi-Factor Emerging Markets Equity ETF,1
MFG,"Mizuho Financial Group, Inc. Sponosred ADR (Japan)",0
MFI,mF International,0
MFIC,MidCap Financial Investment Corporation - Closed End Fund,0
MFICL,MidCap Financial Investment Corporation - 8.00%,0
MFIG,Motley Fool Innovative Growth ETF,1
MFIN,Medallion Financial,0
MFLX,First Trust Flexible Municipal High Income ETF,1
MFM,Aberdeen Municipal Income Fund,0
MFMO,Motley Fool Momentum Factor ETF,1
MFP,Midera Food Processing,0
MFSB,MFS Active Core Plus Bond ETF,1
MFSG,MFS Active Growth ETF,1
MFSI,MFS Active International ETF,1
MFSM,MFS Active Intermediate Muni Bond ETF,1
MFSV,MFS Active Value ETF,1
MFUL,Mindful Conservative ETF,1
MFUS,PIMCO RAFI Dynamic Multi-Factor U.S. Equity ETF,1
MFUT,Cambria Chesapeake Pure Trend ETF,1
MFVL,Motley Fool Value Factor ETF,1
MG,Mistras,0
MGA,Magna International,0
MGC,Vanguard Morningstar Mega Cap ETF,1
MGEE,MGE Energy,0
MGF,Aberdeen Government Markets Income Fund,0
MGIH,Millennium Group International,0
MGK,Vanguard Morningstar Mega Cap Growth ETF,1
MGKX,Corgi U.S. Mega-Cap Growth 2x Daily ETF,1
MGLD,The Marygold Companies,0
MGM,MGM Resorts International,0
MGMT,Ballast Small/Mid Cap ETF,1
MGN,Megan,0
MGNI,Magnite,0
MGNR,American Beacon Select Funds American Beacon GLG Natural Resources ETF,1
MGNX,MacroGenics,0
MGOV,First Trust Intermediate Government Opport,1
MGPI,MGP Ingredients,0
MGR,"Affiliated Managers Group, Inc. 5.875% Junior Subordinated",0
MGRB,"Affiliated Managers Group, Inc. 4.750% Junior Subordinated",0
MGRC,McGrath RentCorp,0
MGRD,"Affiliated Managers Group, Inc. 4.200% Junior Subordinated",0
MGRE,"Affiliated Managers Group, Inc. 6.750% Junior Subordinated",0
MGRT,Mega Fortune,0
MGRX,Mangoceuticals,0
MGTX,MeiraGTx,0
MGV,Vanguard Morningstar Mega Cap Value ETF,1
MGX,Metagenomi Therapeutics,0
MGY,Magnolia Oil & Gas,0
MGYR,Magyar Bancorp,0
MH,McGraw Hill,0
MHD,Blackrock MuniHoldings Fund,0
MHF,Western Asset Municipal High Income Fund,0
MHH,Mastech Digital,0
MHIG,Milliman Healthcare Inflation Guard ETF,1
MHIP,Milliman Healthcare Inflation Plus ETF,1
MHK,Mohawk Industries,0
MHLA,"Maiden Holdings, Ltd. 6.625%",0
MHNC,"Maiden Holdings North America, Ltd. 7.75%",0
MHO,M/I Homes,0
MHX,Corgi MARA 2x Daily ETF,1
MHY,Man Active High Yield ETF,1
MI,NFT,0
MIACU,Meridian3 Industrials Acquisition,0
MIAX,Miami International,0
MIC,Corgi MU 2x Daily ETF,1
MICC,The Magnum Ice Cream Company N.V,0
MID,American Century Mid Cap Growth Impact ETF,1
MIDD,The Middleby,0
MIDE,Xtrackers S&P MidCap 400 Scored & Screened ETF,1
MIDU,Direxion Mid Cap Bull 3X ETF,1
MIG,VanEck Moody's Analytics IG Corporate Bond ETF,1
MIGO,MIG Core ETF,1
MILK,Pacer US Cash Cows Bond ETF,1
MILN,Global X Millennial Consumer ETF,1
MIMI,Mint Incorporation,0
MIN,Aberdeen Intermediate Income Fund,0
MIND,MIND Technology,0
MINE,Mayfair Gold,0
MINN,Mairs & Power Minnesota Municipal Bond ETF,1
MINO,PIMCO Municipal Income Opport,1
MINT,PIMCO Enhanced Short Maturity Active Exchange-Traded Fund,1
MINV,Matthews Asia Innovators Active ETF,1
MINY,YieldMax Strategic Metals & Mining Portfolio Option Income ETF,1
MIR,Mirion Technologies,0
MIRA,MIRA Pharmaceuticals,0
MIRM,Mirum Pharmaceuticals,0
MISL,First Trust Indxx Aerospace & Defense ETF,1
MIST,Milestone Pharmaceuticals,0
MITK,Mitek Systems,0
MITN,"TPG Mortgage Investment Trust, Inc. 9.500% Senior",0
MITP,"TPG Mortgage Investment Trust, Inc. 9.500% Senior",0
MITQ,Moving iMage Technologies,0
MITT,TPG Mortgage Investment Trust,0
MIVL,MFS Active International Value ETF,1
MIY,Blackrock MuniYield Michigan Quality Fund,0
MJ,Amplify Alternative Harvest ETF,1
MJSC,MUFG Japan Small Cap Active ETF,1
MJUN,Pacer Swan SOS Moderate June ETF,1
MKAM,MKAM ETF,1
MKC,McCormick &,0
MKDW,MKDWELL Tech,0
MKDWW,MKDWELL Tech,0
MKL,Markel,0
MKLY,McKinley Acquisition,0
MKLYR,McKinley Acquisition,0
MKLYU,McKinley Acquisition,0
MKOR,Matthews Korea Active ETF,1
MKSI,MKS,0
MKTN,Federated Hermes MDT Market Neutral ETF,1
MKTW,MarketWise,0
MKTX,MarketAxess,0
MKZR,MacKenzie Realty Capital,0
MLAA,Mountain Lake Acquisition Corp. II,0
MLAAU,Mountain Lake Acquisition Corp. II,0
MLAAW,Mountain Lake Acquisition Corp. II,0
MLAB,Mesa Laboratories,0
MLCI,Mount Logan Capital,0
MLCIL,Mount Logan Capital Inc. - 8.00%,0
MLCO,Melco Resorts & Entertainment,0
MLDR,Global X Intermediate-Term Treasury Ladder ETF,1
MLEC,Moolec Science,0
MLECW,Moolec Science,0
MLGO,MicroAlgo,0
MLI,Mueller Industries,0
MLKN,MillerKnoll,0
MLM,Martin Marietta Materials,0
MLN,VanEck Long Muni ETF,1
MLP,Maui Land & Pineapple,0
MLPA,Global X MLP ETF,1
MLPB,"ETRACS Alerian MLP Infrastructure Index ETN Series B due April 2, 2040",0
MLPD,Global X MLP & Energy Infrastructure Covered Call ETF,1
MLPI,NEOS MLP & Energy Infrastructure High Income ETF,1
MLPR,ETRACS Quarterly Pay 1.5X Leveraged Alerian MLP Index ETN,1
MLPX,Global X MLP & Energy Infrastructure ETF,1
MLR,Miller Industries,0
MLSS,Milestone Scientific,0
MLTX,MoonLake Immunotherapeutics,0
MLYS,Mineralys Therapeutics,0
MMA,Mixed Martial Arts,0
MMAR,Pacer Swan SOS Moderate March ETF,1
MMAX,iShares Large Cap Max Buffer Mar ETF,1
MMAY,Pacer Swan SOS Moderate (May) ETF,1
MMCA,NYLI MacKay California Muni Intermediate ETF,1
MMD,NYLI MacKay DefinedTerm Muni Opport,0
MMED,MiniMed,0
MMI,Marcus & Millichap,0
MMID,MFS Active Mid Cap ETF,1
MMIN,NYLI MacKay Muni Insured ETF,1
MMIT,NYLI MacKay Muni Intermediate ETF,1
MMK,State Street Prime Money Market ETF,1
MMKT,Texas Capital Government Money Market ETF,1
MMLP,Martin Midstream Partners L.P. - Common,0
MMM,,0
MMMA,NYLI MacKay Muni Allocation ETF,1
MMS,Maximus,0
MMSC,First Trust Multi-Manager Small Cap Opport,1
MMSD,NYLI MacKay Muni Short Duration ETF,1
MMSI,Merit Medical Systems,0
MMT,Aberdeen Multi-Market Income Fund,0
MMTM,State Street SPDR S&P 1500 Momentum Tilt ETF,1
MMTX,Miluna Acquisition,0
MMTXU,Miluna Acquisition,0
MMTXW,Miluna Acquisition,0
MMU,Western Asset Managed Municipals Fund,0
MMYT,MakeMyTrip,0
MNA,NYLI Merger Arbitrage ETF,1
MNBD,ALPS BBH Intermediate Municipal Bond ETF,1
MNDO,MIND C.T.I,0
MNDR,Mobile-health Network Solutions,0
MNDY,monday.com,0
MNKD,MannKind,0
MNOV,MediciNova,0
MNPR,Monopar Therapeutics,0
MNR,Mach Natural Resources LP Common,0
MNRO,Monro,0
MNRS,Grayscale Bitcoin Miners ETF,1
MNSB,MainStreet Bancshares,0
MNSBP,MainStreet Bancshares,0
MNSO,MINISO,0
MNST,Monster Beverage,0
MNSX,Corgi MNST 2x Daily ETF,1
MNTK,Montauk Renewables,0
MNTN,MNTN,0
MNTS,Momentus,0
MNTSW,Momentus,0
MNVR,Pacer Swan SOS Moderate (November) ETF,1
MNVT,Moonvest ETF,1
MNY,MoneyHero,0
MNYWW,MoneyHero,0
MNZL,Manzil Russell Halal USA Broad Market ETF,1
MO,Altria,0
MOAT,VanEck Morningstar Wide Moat ETF,1
MOB,Mobilicom,0
MOBBW,Mobilicom,0
MOBI,Mobia Medical,0
MOBX,Mobix Labs,0
MOBXW,Mobix Labs,0
MOD,Modine Manufacturing,0
MODD,Modular Medical,0
MODL,VictoryShares WestEnd U.S. Sector ETF,1
MOGU,MOGU,0
MOH,Molina Healthcare,0
MOLN,Molecular Partners,0
MOMO,Hello,0
MOO,VanEck Agribusiness ETF,1
MOOD,Relative Sentiment Tactical Allocation ETF,1
MORN,Morningstar,0
MORT,VanEck Mortgage REIT Income ETF,1
MOS,Mosaic Company (The),0
MOTG,VanEck Morningstar Global Wide Moat ETF,1
MOTI,VanEck Morningstar International Moat ETF,1
MOTO,Guinness Atkinson Smart Transportation & Technology ETF,1
MOV,Movado,0
MOVE,Corvex,0
MP,MP Materials,0
MPA,Blackrock MuniYield Pennsylvania Quality Fund,0
MPAA,Motorcar Parts of America,0
MPB,Mid Penn Bancorp,0
MPC,Marathon Petroleum,0
MPG,Leverage Shares 2X Long MP Daily ETF,1
MPL,Defiance Daily Target 2X Long MP ETF,1
MPLT,MapLight Therapeutics,0
MPLX,MPLX LP Common,0
MPLY,Monopoly ETF,1
MPRO,Monarch ProCap Index ETF,1
MPT,Medical Properties Trust,0
MPTI,M-tron Industries,0
MPU,Mega Matrix,0
MPV,Barings Participation Investors,0
MPWC,Corgi MPWR 2x Daily ETF,1
MPWR,Monolithic Power Systems,0
MPWX,Tradr 2X Long MPWR Daily ETF,1
MQ,Marqeta,0
MQQQ,Tradr 2X Long Innovation 100 Monthly ETF,1
MQY,Blackrock MuniYield Quality Fund,0
MRA,GraniteShares Autocallable MARA ETF,1
MRAL,GraniteShares 2x Long MARA Daily ETF,1
MRAM,Everspin Technologies,0
MRBK,Meridian,0
MRCOU,Mercator Acquisition,0
MRCP,PGIM S&P 500 Buffer 12 ETF - March,1
MRCY,Mercury Systems,0
MRDN,Meridian,0
MREO,Mereo BioPharma,0
MRGR,ProShares Merger ETF,1
MRK,Merck &,0
MRKR,Marker Therapeutics,0
MRLN,Merlin,0
MRM,MEDIROM Healthcare Technologies,0
MRNA,Moderna,0
MRNO,Murano Global Investments,0
MRNOW,Murano Global Investments,0
MRNX,Defiance Daily Target 2X Long MRNA ETF,1
MRNY,YieldMax MRNA Option Income Strategy ETF,1
MRP,Millrose Properties,0
MRSH,Marsh,0
MRSK,Toews Agility Shares Managed Risk ETF,1
MRT,Marti Technologies,0
MRTN,Marten Transport,0
MRVI,Maravai LifeSciences,0
MRVL,Marvell Technology,0
MRVU,Direxion Daily MRVL Bull 2X ETF,1
MRVX,Corgi MRVL 2x Daily ETF,1
MRX,Marex,0
MS,Morgan Stanley,0
MSA,MSA Safety,0
MSAI,MultiSensor AI,0
MSAIW,MultiSensor AI,0
MSB,Mesabi Trust,0
MSBI,Midland States Bancorp,0
MSBIP,Midland States Bancorp,0
MSBT,Common,1
MSC,Studio City International,0
MSCI,MSCI,0
MSD,Morgan Stanley Emerging Markets Debt Fund,0
MSDL,Morgan Stanley Direct Lending Fund,0
MSEP,Pacer Swan SOS Moderate September ETF,1
MSEX,Middlesex Water,0
MSFC,Corgi MSFT 2x Daily ETF,1
MSFD,Direxion Daily MSFT Bear 1X ETF,1
MSFL,GraniteShares 2x Long MSFT Daily ETF,1
MSFO,YieldMax MSFT Option Income Strategy ETF,1
MSFT,Microsoft,0
MSFU,Direxion Daily MSFT Bull 2X ETF,1
MSFW,Roundhill MSFT WeeklyPay ETF,1
MSFX,T-Rex 2X Long Microsoft Daily Target ETF,1
MSFY,Kurv Yield Premium Strategy Microsoft (MSFT) ETF,1
MSGE,Madison Square Garden Entertainment,0
MSGM,Motorsport Games,0
MSGS,Madison Square Garden Sports,0
MSGY,Masonglory,0
MSI,Motorola Solutions,0
MSIF,MSC Income Fund,0
MSIX,Corgi MSI 2x Daily ETF,1
MSLC,Morgan Stanley Pathway Large Cap Equity ETF,1
MSLE,Satellos Bioscience,0
MSM,MSC Industrial Direct,0
MSMR,McElhenny Sheffield Managed Risk ETF,1
MSN,Emerson Radio,0
MSOL,Morgan Stanley Solana Trust,1
MSOS,AdvisorShares Pure US Cannabis ETF,1
MSOX,AdvisorShares MSOS Daily Leveraged ETF,1
MSR,GraniteShares Autocallable MSTR ETF,1
MSS,Maison Solutions,0
MSSE,Morgan Stanley Ethereum Trust,1
MSSM,Morgan Stanley Pathway Small-Mid Cap Equity ETF,1
MSSS,Monarch Select Subsector Index ETF,1
MSST,YieldMax MSTR Performance & Distribution Target 25 ETF,1
MST,Defiance Leveraged Long + Income MSTR ETF,1
MSTB,LHA Market State Tactical Beta ETF,1
MSTC,Corgi MSTR 2x Daily ETF,1
MSTI,Madison Short Term Strategic Income ETF,1
MSTP,GraniteShares 2x Long MSTR Daily ETF,1
MSTQ,LHA Market State Tactical Q ETF,1
MSTR,Strategy,0
MSTU,T-Rex 2X Long MSTR Daily Target ETF,1
MSTW,Roundhill MSTR WeeklyPay ETF,1
MSTX,Defiance Daily Target 2x Long MSTR ETF,1
MSTY,YieldMax MSTR Option Income Strategy ETF,1
MSTZ,T-Rex 2X Inverse MSTR Daily Target ETF,1
MT,Arcelor Mittal NY Registry Shares NEW,0
MTA,Metalla Royalty & Streaming,0
MTAKU,Market Technology Acquisition,0
MTAL,Metals Acquisition Corp. II,0
MTB,M&T Bank,0
MTBA,Simplify MBS ETF,1
MTC,MMTec,0
MTCH,Match,0
MTD,Mettler-Toledo International,0
MTDR,Matador Resources,0
MTEK,Maris-Tech,0
MTEKW,Maris-Tech,0
MTEN,Mingteng International,0
MTEX,Mannatech,0
MTG,MGIC Investment,0
MTGP,WisdomTree Mortgage Plus Bond Fund,1
MTH,Meritage Homes,0
MTLS,Materialise,0
MTN,Vail Resorts,0
MTNB,Matinas Biopharma,0
MTNE,CH4 Natural Solutions,0
MTR,Mesa Royalty Trust,0
MTRA,Invesco International Growth Focus ETF,1
MTRN,Materion,0
MTRX,Matrix Service,0
MTSG,Leverage Shares 2X Long MTSI Daily ETF,1
MTSI,MACOM Technology Solutions,0
MTUL,ETRACS 2x Leveraged MSCI US Momentum Factor TR ETN,1
MTUM,iShares MSCI USA Momentum Factor ETF,1
MTUS,Metallus,0
MTVA,MetaVia,0
MTW,"Manitowoc Company, Inc. (The)",0
MTX,Minerals Technologies,0
MTYY,GraniteShares YieldBOOST MSTR ETF,1
MTZ,MasTec,0
MU,Micron Technology,0
MUA,Blackrock MuniAssets Fund,0
MUB,iShares National Muni Bond ETF,1
MUC,Blackrock MuniHoldings California Quality Fund,0
MUD,Direxion Daily MU Bear 1X ETF,1
MUFG,Mitsubishi UFJ Financial,0
MUIB,Direxion MU Defined Income Boost ETF,1
MUJ,Blackrock MuniHoldings New Jersey Quality Fund,0
MULL,GraniteShares 2x Long MU Daily ETF,1
MULT,Franklin Multisector Income ETF,1
MUNA,Northern Trust 2030 Tax-Exempt Distributing Ladder ETF,1
MUNB,Northern Trust 2035 Tax-Exempt Distributing Ladder ETF,1
MUNC,Northern Trust 2045 Tax-Exempt Distributing Ladder ETF,1
MUND,Northern Trust 2055 Tax-Exempt Distributing Ladder ETF,1
MUNI,PIMCO Intermediate Municipal Bond Active Exchange-Traded Fund,1
MUNX,AMG GW&K Muni Income ETF,1
MUNY,Vanguard New York Tax-Exempt Bond ETF,1
MUR,Murphy Oil,0
MUSA,Murphy USA,0
MUSE,TCW Multisector Credit Income ETF,1
MUSI,American Century Multisector Income ETF,1
MUSQ,MUSQ Global Music Industry Index ETF,1
MUST,Columbia Multi-Sector Municipal Income ETF,1
MUU,Direxion Daily MU Bull 2X ETF,1
MUX,McEwen,0
MUYY,GraniteShares YieldBOOST MU ETF,1
MUZ,Defiance Daily Target 2X Short MU ETF,1
MUZE,Muzero Acquisition,0
MUZEU,Muzero Acquisition,0
MUZEW,Muzero Acquisition,0
MVAL,VanEck Morningstar Wide Moat Value ETF,1
MVBF,MVB Financial,0
MVFD,Monarch Volume Factor Dividend Tree Index ETF,1
MVFG,Monarch Volume Factor Global Unconstrained Index ETF,1
MVIS,MicroVision,0
MVLL,GraniteShares 2x Long MRVL Daily ETF,1
MVPA,Miller Value Partners Appreciation ETF,1
MVPL,Miller Value Partners Leverage ETF,1
MVRL,ETRACS Monthly Pay 1.5X Leveraged Mortgage REIT ETN,1
MVST,Microvast,0
MVV,ProShares Ultra MidCap400,1
MWA,MUELLER WATER PRODUCTS,0
MWC,Micware,0
MWG,Multi Ways,0
MWH,SOLV Energy,0
MWHS,Skylar Electricity Futures ETF,1
MWYN,Marwynn,0
MX,Magnachip Semiconductor,0
MXC,Mexco Energy,0
MXCT,MaxCyte,0
MXE,"Mexico Equity and Income Fund, Inc. (The)",0
MXF,"Mexico Fund, Inc. (The)",0
MXI,iShares Global Materials ETF,1
MXL,MaxLinear,0
MYCF,State Street My2026 Corporate Bond ETF,1
MYCG,State Street My2027 Corporate Bond ETF,1
MYCH,State Street My2028 Corporate Bond ETF,1
MYCI,State Street My2029 Corporate Bond ETF,1
MYCJ,State Street My2030 Corporate Bond ETF,1
MYCK,State Street My2031 Corporate Bond ETF,1
MYCL,State Street My2032 Corporate Bond ETF,1
MYCM,State Street My2033 Corporate Bond ETF,1
MYCN,State Street My2034 Corporate Bond ETF,1
MYCO,State Street My2035 Corporate Bond ETF,1
MYE,Myers Industries,0
MYFW,First Western Financial,0
MYGN,Myriad Genetics,0
MYHA,State Street My2027 High Yield Corporate Bond ETF,1
MYHB,State Street My2028 High Yield Corporate Bond ETF,1
MYHC,State Street My2029 High Yield Corporate Bond ETF,1
MYHD,State Street My2030 High Yield Corporate Bond ETF,1
MYHE,State Street My2031 High Yield Corporate Bond ETF,1
MYI,Blackrock MuniYield Quality Fund III,0
MYLD,Cambria Micro and SmallCap Shareholder Yield ETF,1
MYMF,State Street My2026 Municipal Bond ETF,1
MYMG,State Street My2027 Municipal Bond ETF,1
MYMH,State Street My2028 Municipal Bond ETF,1
MYMI,State Street My2029 Municipal Bond ETF,1
MYMJ,State Street My2030 Municipal Bond ETF,1
MYMK,State Street My2031 Municipal Bond ETF,1
MYN,Blackrock MuniYield New York Quality Fund,0
MYND,Mynd.ai,0
MYO,Myomo,0
MYPS,PLAYSTUDIOS,0
MYRG,MYR,0
MYSE,Myseum.AI,0
MYSEW,Myseum.AI,0
MYSZ,My Size,0
MYX,Maywood Acquisition Corp. 2,0
MYXXR,Maywood Acquisition Corp. 2,0
MYXXU,Maywood Acquisition Corp. 2,0
MYXXW,Maywood Acquisition Corp. 2,0
MYY,ProShares Short MidCap400,1
MZTI,The Marzetti,0
MZYX,MOZAYYX Acquisition,0
MZZ,ProShares UltraShort MidCap400,1
NA,Nano Labs,0
NAAS,NaaS Technology,0
NABL,N-able,0
NAC,Nuveen California Quality Municipal Income Fund,0
NACP,Impact Shares NAACP Minority Empowerment ETF,1
NAD,Nuveen Quality Municipal Income Fund,0
NAGE,Niagen Bioscience,0
NAII,Natural Alternatives International,0
NAIL,Direxion Daily Homebuilders & Supplies Bull 3X ETF,1
NAK,Northern Dynasty Minerals,0
NAKA,Nakamoto,0
NAMI,Jinxin Technology,0
NAMM,Namib Minerals,0
NAMMW,Namib Minerals,0
NAMS,NewAmsterdam Pharma Company N.V,0
NAMSW,NewAmsterdam Pharma Company N.V,0
NAN,Nuveen New York Quality Municipal Income Fund,0
NANC,Subversive Congressional Democrats Trading ETF,1
NANR,State Street SPDR S&P North American Natural Resources ETF,1
NAPR,Innovator Growth-100 Power Buffer ETF - April,1
NASA,Tema Space Innovators ETF,1
NAT,Nordic American Tankers,0
NATH,Nathan's Famous,0
NATL,NCR Atleos,0
NATO,Themes Transatlantic Defense ETF,1
NATR,Nature's Sunshine Products,0
NAUG,Innovator Growth-100 Power Buffer ETF - August,1
NAUT,Nautilus Biotechnology,0
NAVI,Navient,0
NAVN,Navan,0
NAZ,Nuveen Arizona Quality Municipal Income Fund,0
NB,NioCorp Developments,0
NBB,Nuveen Taxable Municipal Income Fund,0
NBBK,NB Bancorp,0
NBCE,Neuberger China Equity ETF,1
NBCM,Neuberger Commodity Strategy ETF,1
NBCR,Neuberger Core Equity ETF,1
NBDS,Neuberger Disrupters ETF,1
NBET,Neuberger Energy Transition & Infrastructure ETF,1
NBFC,Neuberger Flexible Credit Income ETF,1
NBFR,Innovator Nasdaq-100 Managed 10 Buffer ETF,1
NBGX,Neuberger Growth ETF,1
NBH,Neuberger Municipal Fund,0
NBHC,National Bank,0
NBIC,Corgi NBIS 2x Daily ETF,1
NBIE,Neuberger International Core Equity ETF,1
NBIG,Leverage Shares 2X Long NBIS Daily ETF,1
NBIL,GraniteShares 2x Long NBIS Daily ETF,1
NBIS,Nebius Group N.V,0
NBIX,Neurocrine Biosciences,0
NBIZ,Tradr 2X Short NBIS Daily ETF,1
NBJP,Neuberger Japan Equity ETF,1
NBN,Northeast Bank,0
NBOS,Neuberger Option Strategy ETF,1
NBP,NovaBridge Biosciences,0
NBR,Nabors Industries,0
NBRG,Newbridge Acquisition,0
NBRGR,Newbridge Acquisition,0
NBRGU,Newbridge Acquisition,0
NBSD,Neuberger Short Duration Income ETF,1
NBSM,Neuberger Small-Mid Cap ETF,1
NBTB,NBT Bancorp,0
NBTR,Neuberger Total Return Bond ETF,1
NBTX,Nanobiotix S.A. - ADSs,0
NBXG,Neuberger Next Generation Connectivity Fund,0
NC,NACCO Industries,0
NCA,Nuveen California Municipal Value Fund,0
NCDL,Nuveen Churchill Direct Lending,0
NCEL,NewcelX,0
NCEW,New Century Logistics (BVI),0
NCI,Neo-Concept International,0
NCIQ,Hashdex Nasdaq CME Crypto Index ETF,1
NCL,Northann,0
NCLH,Norwegian Cruise Line,0
NCLO,Nuveen AA-BBB CLO ETF,1
NCMI,National CineMedia,0
NCNA,NuCana,0
NCNO,nCino,0
NCO,Southern Cross Acquisition I,0
NCOOR,Southern Cross Acquisition I,0
NCOOU,Southern Cross Acquisition I,0
NCOOW,Southern Cross Acquisition I,0
NCPB,Nuveen Core Plus Bond ETF,1
NCPL,Netcapital,0
NCPLW,Netcapital,0
NCRA,Nocera,0
NCSM,NCS Multistage,0
NCT,Intercont (Cayman),0
NCTY,The9 Limited - American Depository Shares,0
NCV,Virtus Convertible & Income Fund,0
NCZ,Virtus Convertible & Income Fund II,0
NDAA,Ned Davis Research 360 Dynamic Allocation ETF,1
NDAQ,Nasdaq,0
NDEC,Innovator Growth-100 Power Buffer ETF - December,1
NDIA,Global X India Active ETF,1
NDIV,Amplify Energy & Natural Resources Covered Call ETF,1
NDLS,Noodles &,0
NDMO,Nuveen Dynamic Municipal Opport,0
NDOW,Anydrus Advantage ETF,1
NDRA,ENDRA Life Sciences,0
NDSN,Nordson,0
NE,Noble Corporation plc A,0
NEA,Nuveen AMT-Free Quality Municipal Income Fund,0
NEAR,iShares Short Duration Bond Active ETF,1
NEBX,Tradr 2X Long NBIS Daily ETF,1
NECB,NorthEast Comm,0
NEE,NextEra Energy,0
NEGG,Newegg Commerce,0
NEHI,NEOS Ethereum High Income ETF,1
NELS,Nelson Select ETF,1
NEM,Newmont,0
NEMD,Neuberger Emerging Markets Debt Hard Currency ETF,1
NEMG,Leverage Shares 2x Long NEM Daily ETF,1
NEN,New England Realty Associates,0
NEO,NeoGenomics,0
NEOG,Neogen,0
NEON,Neonode,0
NEOV,NeoVolta,0
NEOVW,NeoVolta,0
NEPH,Nephros,0
NERD,Roundhill Video Games ETF,1
NERV,Minerva Neurosciences,0
NESR,National Energy Services Re,0
NET,Cloudflare,0
NETG,Leverage Shares 2X Long NET Daily ETF,1
NETL,Colterpoint Net Lease Real Estate ETF,1
NEU,NewMarket,0
NEUP,Neuphoria Therapeutics,0
NEWP,New Pacific Metals,0
NEWT,NewtekOne,0
NEWTG,"NewtekOne, Inc. - 8.50% Fixed Rate Senior",0
NEWTH,"NewtekOne, Inc. - 8.625% Fixed Rate Senior",0
NEWTI,"NewtekOne, Inc. - 8.00% Fixed Rate Senior",0
NEWTO,"NewtekOne, Inc. - 8.50% Fixed Rate Senior",0
NEWTP,NewtekOne,0
NEWZ,StockSnips AI-Powered Sentiment US All Cap ETF,1
NEXA,Nexa Resources S.A,0
NEXM,NexMetals Mining,0
NEXN,Nexxen International,0
NEXR,Nexera Technologies,0
NEXRW,Nexera Technologies,0
NEXT,NextDecade,0
NFE,New Fortress Energy,0
NFEB,Innovator Growth-100 Power Buffer ETF - February,1
NFG,National Fuel Gas,0
NFGC,New Found Gold,0
NFJ,"Virtus Dividend, Interest & Premium Strategy Fund",0
NFLP,Kurv Yield Premium Strategy Netflix (NFLX) ETF,1
NFLT,Virtus Newfleet Multi-Sector Bond ETF,1
NFLU,T-Rex 2X Long NFLX Daily Target ETF,1
NFLW,Roundhill NFLX WeeklyPay ETF,1
NFLX,Netflix,0
NFLY,YieldMax NFLX Option Income Strategy ETF,1
NFRA,FlexShares STOXX Global Broad Infrastructure Index Fund,1
NFRX,Harrison Street Infrastructure Active ETF,1
NFTY,First Trust India Nifty 50 Equal Weight ETF,1
NFX,Corgi NFLX 2x Daily ETF,1
NFXL,Direxion Daily NFLX Bull 2X ETF,1
NFXS,Direxion Daily NFLX Bear 1X ETF,1
NG,Novagold Resources,0
NGEN,NervGen Pharma,0
NGG,"National Grid Transco, PLC National Grid PLC (NEW)",0
NGHT,Nicholas Bitcoin and Treasuries AfterDark ETF,1
NGIF,Nuveen Global Infrastructure Fund: ETF Class Shares,1
NGL,NGL ENERGY PARTNERS LP Common,0
NGNE,Neurogene,0
NGS,Natural Gas Services,0
NGVC,Natural Grocers by Vitamin Cottage,0
NGVT,Ingevity,0
NHC,National HealthCare,0
NHI,National Health Investors,0
NHIC,NewHold Investment Corp III,0
NHICU,NewHold Investment Corp III,0
NHICW,NewHold Investment Corp III,0
NHIV,NewHold Investment Corp IV,0
NHIVU,NewHold Investment Corp IV,0
NHIVW,NewHold Investment Corp IV,0
NHP,National Healthcare Properties,0
NHPAP,"National Healthcare Properties, Inc. - 7.375% Series A Cumulative Redeemable Perpetual",0
NHPBP,"National Healthcare Properties, Inc. - 7.125% Series B Cumulative Redeemable Perpetual",0
NHS,Neuberger High Yield Strategies Fund,0
NHTC,Natural Health Trends,0
NHYB,Nuveen High Yield Corporate Bond ETF,1
NHYM,Nuveen High Yield Municipal Income ETF,1
NI,NiSource,0
NIC,Nicolet Bankshares,0
NICE,NICE,0
NICM,Nicola Mining,0
NICO,Hexis Active Nicotine Engagement ETF,1
NIE,Virtus Equity & Convertible Income Fund,0
NIHI,NEOS MSCI EAFE High Income ETF,1
NIKI,Niki BioSolutions,0
NIKL,Sprott Nickel Miners ETF,1
NIM,Nuveen Select Maturities Municipal Fund,0
NINE,Nine Energy Service,0
NIO,NIO,0
NIOBW,NioCorp Developments,0
NIOG,Leverage Shares 2X Long NIO Daily ETF,1
NIPG,NIP,0
NIQ,NIQ Global Intelligence,0
NISM,NYLI International Small-Mid Cap Equity ETF,1
NITE,The Nightview Fund NITE,1
NIU,Niu Technologies,0
NIVF,NewGenIvf,0
NIVFW,NewGenIvf,0
NIXT,Research Affiliates Deletions ETF,1
NIXX,Nixxy,0
NJAN,Innovator Growth-100 Power Buffer ETF - January,1
NJNK,Columbia U.S. High Yield ETF,1
NJR,NewJersey Resources,0
NJUL,Innovator Growth-100 Power Buffer ETF - July,1
NJUN,Innovator Growth-100 Power Buffer ETF - June,1
NKE,Nike,0
NKLR,Terra Innovatum Global N.V,0
NKSH,National Bankshares,0
NKTR,Nektar Therapeutics,0
NKTX,Nkarta,0
NKX,Nuveen California AMT-Free Quality Municipal Income Fund,0
NL,NLI,0
NLOP,Net Lease Office Properties,0
NLR,VanEck Uranium and Nuclear ETF,1
NLSI,NEOS Long/Short Equity Income ETF,1
NLY,Annaly Capital Management,0
NMAD,Nomad Power Solutions,0
NMAI,Nuveen Multi-Asset Income Fund,0
NMAR,Innovator Growth-100 Power Buffer ETF - March,1
NMAX,Newsmax,0
NMAY,Innovator Growth-100 Power Buffer ETF - May,1
NMB,Simplify National Muni Bond ETF,1
NMBL,NovaTide Flexible Allocation ETF,1
NMCO,Nuveen Municipal Credit Opport,0
NMFC,New Mountain Finance,0
NMFCZ,New Mountain Finance Corporation - 8.250%,0
NMG,Nouveau Monde Graphite,0
NMI,Nuveen Municipal Income Fund,0
NMIH,NMI,0
NML,Neuberger Energy Infrastructure and Income Fund,0
NMM,Navios Maritime Partners LP Common,0
NMP,NMP Acquisition,0
NMPAR,NMP Acquisition,0
NMPAU,NMP Acquisition,0
NMR,Nomura Holdings Inc ADR,0
NMRA,Neumora Therapeutics,0
NMRK,Newmark,0
NMS,Nuveen Minnesota Quality Municipal Income Fund,0
NMT,Nuveen Massachusetts Quality Municipal Income Fund,0
NMTC,NeuroOne Medical Technologies,0
NMZ,Nuveen Municipal High Income Opport,0
NN,NextNav,0
NNBR,,0
NNDM,Nano Dimension,0
NNE,Nano Nuclear Energy,0
NNI,Nelnet,0
NNN,NNN REIT,0
NNNN,Anbio Biotechnology,0
NNOV,Innovator Growth-100 Power Buffer ETF - November,1
NNOX,NANO-X IMAGING,0
NNVC,NanoViricides,0
NNY,Nuveen New York Municipal Value Fund,0
NOA,North American Construction,0
NOAH,Noah,0
NOBL,ProShares S&P 500 Dividend Aristocrats ETF,1
NOC,Northrop Grumman,0
NOCT,Innovator Growth-100 Power Buffer ETF- October,1
NODE,VanEck Onchain Economy ETF,1
NODK,,0
NOEM,CO2 Energy Transition,0
NOEMR,CO2 Energy Transition,0
NOEMU,CO2 Energy Transition,0
NOEMW,CO2 Energy Transition,0
NOEQ,Northern Trust US Equity ETF,1
NOG,Northern Oil and Gas,0
NOK,Nokia Corporation Sponsored,0
NOMA,NOMADAR,0
NOMD,Nomad Foods,0
NORW,Global X MSCI Norway ETF,1
NOV,NOV,0
NOVM,FT Vest U.S. Equity Max Buffer ETF - November,1
NOVP,PGIM S&P 500 Buffer 12 ETF - November,1
NOVT,Novanta,0
NOVTU,Novanta Inc. - Tangible Equity,0
NOVZ,TrueShares Structured Outcome (November) ETF,1
NOW,ServiceNow,0
NOWL,GraniteShares 2x Long NOW Daily ETF,1
NOWX,Corgi NOW 2x Daily ETF,1
NP,Neptune Insurance,0
NPAC,New Providence Acquisition Corp. III,0
NPACU,New Providence Acquisition Corp. III,0
NPACW,New Providence Acquisition Corp. III,0
NPB,Northpointe Bancshares,0
NPCE,Neuropace,0
NPCT,Nuveen Core Plus Impact Fund,0
NPFD,Nuveen Variable Rate Preferred & Income Fund,0
NPFE,NPF Core Equity ETF,1
NPFI,Nuveen Preferred and Income ETF,1
NPK,National Presto Industries,0
NPKI,NPK International,0
NPO,Enpro,0
NPT,Texxon,0
NPV,Nuveen Virginia Quality Municipal Income Fund,0
NPWR,NET Power,0
NQLT,Neuberger Quality Select ETF,1
NRC,NRC Health,0
NRDS,NerdWallet,0
NRDY,Nerdy,0
NREF,NexPoint Real Estate Finance,0
NRES,Xtrackers RREEF Global Natural Resources ETF,1
NRG,NRG Energy,0
NRGD,"MicroSectors U.S. Big Oil -3 Inverse Leveraged ETNs due February 17, 2045",1
NRGU,"MicroSectors U.S. Big Oil 3 Leveraged ETNs due February 17, 2045",1
NRGV,Energy Vault,0
NRIM,Northrim BanCorp,0
NRIX,Nurix Therapeutics,0
NRK,Nuveen New York AMT-Free Quality Municipal Income Fund,0
NRO,Neuberger Real Estate Securities Income Fund,0
NRP,Natural Resource Partners,0
NRSH,Aztlan North America Nearshoring Stock Selection ETF,1
NRSN,NeuroSense Therapeutics,0
NRSNW,NeuroSense Therapeutics,0
NRT,North European Oil Royality Trust,0
NRUC,National Rural Utilities Cooperative Finance Corporation 5.500% Subordinated,0
NRXP,NRX Pharmaceuticals,0
NRXS,Neuraxis,0
NSC,Norfolk Southern,0
NSCI,Nuveen Securitized Income ETF,1
NSEP,Innovator Growth-100 Power Buffer ETF - September,1
NSI,National Security Emerging Markets Index ETF,1
NSIG,North Square Growth Opport,1
NSIT,Insight Enterprises,0
NSIV,North Square Disciplined Value ETF,1
NSLR,Neostellar Capital Corp. - Closed End Fund,0
NSLRL,Neostellar Capital Corp. - 6.00%,0
NSP,Insperity,0
NSPR,InspireMD,0
NSRX,Nasus Pharma,0
NSSC,NAPCO Security Technologies,0
NSTS,NSTS Bancorp,0
NSYS,Nortech Systems,0
NTAL,GraniteShares 2x Long NTAP Daily ETF,1
NTAP,NetApp,0
NTB,Bank of N.T. Butterfield & Son Limited (The) Voting,0
NTCL,NETCLASS TECHNOLOGY,0
NTCT,NetScout Systems,0
NTES,NetEase,0
NTGR,NETGEAR,0
NTHI,NeOnc Technologies,0
NTIC,Northern Technologies International,0
NTIP,Network-1 Technologies,0
NTLA,Intellia Therapeutics,0
NTNX,Nutanix,0
NTR,Nutrien,0
NTRA,Natera,0
NTRB,Nutriband,0
NTRBW,Nutriband,0
NTRL,First Trust Equity Market Neutral ETF,1
NTRP,NextTrip,0
NTRS,Northern Trust,0
NTRSO,Northern Trust,0
NTSD,WisdomTree Efficient U.S. Plus International Equity Fund,1
NTSE,WisdomTree Emerging Markets Efficient Core Fund,1
NTSI,WisdomTree International Efficient Core Fund,1
NTSK,Netskope,0
NTST,NetSTREIT,0
NTSX,WisdomTree U.S. Efficient Core Fund,1
NTWK,NETSOL Technologies,0
NTWO,Newbury Street II Acquisition,0
NTWOU,Newbury Street II Acquisition,0
NTWOW,Newbury Street II Acquisition,0
NTZ,"Natuzzi, S.p.A",0
NU,,0
NUAG,Nuveen Enhanced Yield U.S. Aggregate Bond ETF,1
NUAI,New Era Energy & Digital,0
NUAIW,New Era Energy & Digital,0
NUBD,Nuveen ESG U.S. Aggregate Bond ETF,1
NUCL,Eagle Nuclear Energy,0
NUCLW,Eagle Nuclear Energy,0
NUDG,Nuveen Dividend Growth Fund: ETF Class Shares,1
NUDM,Nuveen ESG International Developed Markets Equity ETF,1
NUDV,Nuveen ESG Dividend ETF,1
NUE,Nucor,0
NUEM,Nuveen ESG Emerging Markets Equity ETF,1
NUG,Leverage Shares 2X Long NU Daily ETF,1
NUGO,Nuveen Growth Opport,1
NUGT,Direxion Daily Gold Miners Index Bull 2X ETF,1
NUGY,GraniteShares YieldBOOST Gold Miners ETF,1
NUHY,Nuveen ESG High Yield Corporate Bond ETF,1
NUIF,Nuveen US Infrastructure ETF,1
NUKX,Nicholas Nuclear Income ETF,1
NUKZ,Range Nuclear Renaissance Index ETF,1
NULC,Nuveen ESG Large-Cap ETF,1
NULG,Nuveen ESG Large-Cap Growth ETF,1
NULV,Nuveen ESG Large-Cap Value ETF,1
NUMG,Nuveen ESG Mid-Cap Growth ETF,1
NUMI,Nuveen Municipal Income ETF,1
NUMV,Nuveen ESG Mid-Cap Value ETF,1
NURE,Nuveen Short-Term REIT ETF,1
NUS,Nu Skin Enterprises,0
NUSA,Nuveen ESG 1-5 Year U.S. Aggregate Bond ETF,1
NUSB,Nuveen Ultra Short Income ETF,1
NUSC,Nuveen ESG Small-Cap ETF,1
NUTR,Nusatrip,0
NUTX,Nutex Health,0
NUV,Nuveen Municipal Value Fund,0
NUVB,Nuvation Bio,0
NUW,Nuveen AMT-Free Municipal Value Fund,0
NUWE,Nuwellis,0
NVA,Nova Minerals,0
NVAX,Novavax,0
NVBT,AllianzIM U.S. Large Cap Buffer10 Nov ETF,1
NVBU,AllianzIM U.S. Equity Buffer15 Uncapped Nov ETF,1
NVBW,AllianzIM U.S. Large Cap Buffer20 Nov ETF,1
NVC,Corgi NVDA 2x Daily ETF,1
NVCR,NovoCure,0
NVCT,Nuvectis Pharma,0
NVD,GraniteShares 2x Short NVDA Daily ETF,1
NVDA,NVIDIA,0
NVDB,ProShares Ultra NVDA,1
NVDD,Direxion Daily NVDA Bear 1X ETF,1
NVDG,Leverage Shares 2X Long NVDA Daily ETF,1
NVDL,GraniteShares 2x Long NVDA Daily ETF,1
NVDQ,T-Rex 2X Inverse NVIDIA Daily Target ETF,1
NVDS,Tradr 1.5X Short NVDA Daily ETF,1
NVDU,Direxion Daily NVDA Bull 2X ETF,1
NVDW,Roundhill NVDA WeeklyPay ETF,1
NVDX,T-Rex 2X Long NVIDIA Daily Target ETF,1
NVDY,YieldMax NVDA Option Income Strategy ETF,1
NVEC,NVE,0
NVG,Nuveen AMT-Free Municipal Credit Income Fund,0
NVGS,Navigator,0
NVIB,Direxion NVDA Defined Income Boost ETF,1
NVII,REX NVDA Growth & Income ETF,1
NVIR,Horizon Kinetics Energy and Remediation ETF,1
NVIT,YieldMax NVDA Performance & Distribution Target 25 ETF,1
NVMI,Nova,0
NVNI,Nvni,0
NVNIW,Nvni,0
NVNO,enVVeno Medical,0
NVO,Novo Nordisk A/S,0
NVOC,Corgi NVO 2x Daily ETF,1
NVOH,Novo Nordisk A/S B Shares ADRhedged,1
NVOX,Defiance Daily Target 2X Long NVO ETF,1
NVPS,PurePlay Nvidia Ecosystem Picks & Shovels Index ETF,1
NVR,NVR,0
NVRI,Enviri,0
NVS,Novartis,0
NVST,Envista,0
NVT,nVent Electric,0
NVTC,Corgi NVTS 2x Daily ETF,1
NVTS,Navitas Semiconductor,0
NVTX,Tradr 2X Long NVTS Daily ETF,1
NVX,NOVONIX Limited - American Depository Shares,0
NVYY,GraniteShares YieldBOOST NVDA ETF,1
NWAX,New America Acquisition I,0
NWBI,Northwest Bancshares,0
NWE,NorthWestern Energy,0
NWFL,Norwood Financial,0
NWG,NatWest,0
NWGL,CL Workshop,0
NWL,Newell Brands,0
NWN,Northwest Natural,0
NWPX,NWPX Infrastructure,0
NWS,News,0
NWSA,News,0
NWTG,Newton Golf,0
NX,Quanex Building Products,0
NXB,NextBoat Inc. Common Stcok,0
NXDR,Nextdoor,0
NXDT,NexPoint Diversified Real Estate Trust,0
NXE,Nexgen Energy,0
NXG,NXG NextGen Infrastructure Income Fund,0
NXGL,NexGel,0
NXGLW,NexGel,0
NXL,Nexalin Technology,0
NXP,Nuveen Select Tax Free Income Portfolio,0
NXPG,Leverage Shares 2X Long NXPI Daily ETF,1
NXPI,NXP Semiconductors N.V,0
NXPL,NextPlat,0
NXPX,Tradr 2X Long NXPI Daily ETF,1
NXRT,NexPoint Residential Trust,0
NXST,Nexstar Media,0
NXT,Nextpower,0
NXTC,NextCure,0
NXTE,AXS Green Alpha ETF,1
NXTG,First Trust Indxx NextG ETF,1
NXTI,Simplify Next Intangible Core Index ETF,1
NXTS,Nexentis Technologies,0
NXTT,Next Technology,0
NXUS,Nuveen International Aggregate Bond ETF,1
NXXT,NextNRG,0
NYAX,Nayax,0
NYC,American Strategic Investment,0
NYF,iShares New York Muni Bond ETF,1
NYM,AB New York Intermediate Municipal ETF,1
NYNY,Corgi NYC Based ETF,1
NYSX,Global X NYSE 100 ETF,1
NYT,New York Times Company (The),0
NYXH,Nyxoah,0
NYYY,xETFs NVDA Daily Income ETF,1
NZAC,State Street SPDR MSCI ACWI Climate Paris Aligned ETF,1
NZF,Nuveen Municipal Credit Income Fund,0
O,Realty Income,0
OABI,OmniAb,0
OABIW,OmniAb,0
OACC,Oaktree Acquisition Corp. III Life Sciences,0
OACCU,Oaktree Acquisition Corp. III Life Sciences,0
OACCW,Oaktree Acquisition Corp. III Life Sciences,0
OACP,OneAscent Core Plus Bond ETF,1
OAEM,OneAscent Emerging Markets ETF,1
OAIM,OneAscent International Equity ETF,1
OAKG,Oakmark Global Large Cap ETF,1
OAKI,Oakmark International Large Cap ETF,1
OAKM,Oakmark U.S. Large Cap ETF,1
OALC,OneAscent Large Cap Core ETF,1
OARK,YieldMax Innovation Option Income Strategy ETF,1
OASC,OneAscent Enhanced Small and Mid Cap ETF,1
OBA,Oxley Bridge Acquisition,0
OBAI,Our Bond,0
OBAWU,Oxley Bridge Acquisition,0
OBAWW,Oxley Bridge Acquisition,0
OBDC,Blue Owl Capital,0
OBE,Obsidian Energy,0
OBIL,US Treasury 12 Month Bill ETF,1
OBIO,Orchestra BioMed,0
OBK,Origin Bancorp,0
OBND,State Street Loomis Sayles Opportunistic Bond ETF,1
OBOR,KraneShares MSCI One Belt One Road Index ETF,1
OBT,Orange County Bancorp,0
OBTC,Osprey Bitcoin Trust,1
OC,Owens Corning,0
OCAC,Ocean Capital Acquisition,0
OCC,Optical Cable,0
OCCI,"OFS Credit Company, Inc. - Closed End Fund",0
OCCIM,"OFS Credit Company, Inc. - 7.875% Series F Term",0
OCCIN,"OFS Credit Company, Inc. - 5.25% Series E Term",0
OCDB,Aptus October Deep Buffer ETF,1
OCFC,OceanFirst Financial,0
OCG,Oriental Culture,0
OCGN,Ocugen,0
OCIO,ClearShares OCIO ETF,1
OCS,Oculis,0
OCSAW,Oculis,0
OCSL,Oaktree Specialty Lending Corporation - Closed End Fund,0
OCTB,Aptus October Buffer ETF,1
OCTH,Innovator Premium Income 20 Barrier ETF - October,1
OCTJ,Innovator Premium Income 30 Barrier ETF - October,1
OCTM,FT Vest U.S. Equity Max Buffer ETF - October,1
OCTP,PGIM S&P 500 Buffer 12 ETF - October,1
OCTT,AllianzIM U.S. Large Cap Buffer10 Oct ETF,1
OCTU,AllianzIM U.S. Equity Buffer15 Uncapped Oct ETF,1
OCTV,Octave Intelligence,0
OCTW,AllianzIM U.S. Large Cap Buffer20 Oct ETF,1
OCTZ,TrueShares Structured Outcome (October) ETF,1
OCUL,Ocular Therapeutix,0
ODC,Oil-Dri Corporation Of America,0
ODD,ODDITY Tech,0
ODDS,Pacer BlueStar Digital Entertainment ETF,1
ODDZ,Corgi Sports Betting & Gambling ETF,1
ODFL,Old Dominion Freight Line,0
ODHY,Obra Defensive High Yield ETF,1
ODTE,VegaShares SPX NDX RTY Premium Income ETF,1
ODTX,Odyssey Therapeutics,0
ODYS,Odysight.ai,0
OEC,Orion S.A,0
OEF,iShares S&P 100 Fund,1
OEFA,ALPS O'Shares International Developed Quality Dividend ETF,1
OEI,Optimized Equity Income ETF,1
OESX,Orion Energy Systems,0
OFAL,OFA,0
OFG,OFG Bancorp,0
OFIX,Orthofix Medical,0
OFLX,Omega Flex,0
OFRM,"Once Upon a Farm, PBC",0
OFS,OFS Capital Corporation - Closed End Fund,0
OFSSH,OFS Capital Corporation - 4.95%,0
OFSSO,OFS Capital Corporation - 7.50%,0
OGC,OceanaGold,0
OGCP,"Empire State Realty OP, L.P. Series 60 Operating Partnership",0
OGE,OGE Energy,0
OGEN,Oragenics,0
OGG,Osisko Gold,0
OGGWZ,Osisko Gold,0
OGI,Organigram Global,0
OGIG,ALPS O'Shares Global Internet Giants ETF,1
OGN,Organon &,0
OGS,ONE Gas,0
OGSP,Obra High Grade Structured Products ETF,1
OHAC,Oceanhawk Acquisition,0
OHACR,Oceanhawk Acquisition,0
OHACU,Oceanhawk Acquisition,0
OHI,Omega Healthcare Investors,0
OI,O-I Glass,0
OIA,Invesco Municipal Income Opport,0
OIH,VanEck Oil Services ETF,1
OII,Oceaneering International,0
OILD,MicroSectors Oil & Gas Exp. & Prod. -3x Inverse Leveraged ETN,1
OILK,ProShares K-1 Free Crude Oil ETF,1
OILT,Texas Capital Texas Oil Index ETF,1
OILU,MicroSectors Oil & Gas Exp. & Prod. 3x Leveraged ETN,1
OIM,OneIM Acquisition,0
OIMAU,OneIM Acquisition,0
OIMAW,OneIM Acquisition,0
OIO,OIO,0
OIOWW,OIO,0
OIS,Oil States International,0
OKE,ONEOK,0
OKLC,Corgi OKLO 2x Daily ETF,1
OKLL,Defiance Daily Target 2x Long OKLO ETF,1
OKLO,Oklo,0
OKLS,Defiance Daily Target 2X Short OKLO ETF,1
OKTA,Okta,0
OKTG,Leverage Shares 2X Long OKTA Daily ETF,1
OKUR,OnKure Therapeutics,0
OKYO,OKYO Pharma,0
OLB,The OLB,0
OLED,Universal Display,0
OLLI,Ollie's Bargain Outlet,0
OLMA,Olema Pharmaceuticals,0
OLN,Olin,0
OLOX,Olenox Industries,0
OLP,One Liberty Properties,0
OM,Outset Medical,0
OMAB,Grupo Aeroportuario del Centro Norte S.A.B. de C.V,0
OMAH,VistaShares Target 15 Berkshire Select Income ETF,1
OMC,Omnicom,0
OMCL,Omnicell,0
OMDA,Omada Health,0
OMER,Omeros,0
OMEX,Odyssey Marine Exploration,0
OMF,OneMain,0
OMFL,Invesco Russell 1000 Dynamic Multifactor ETF,1
OMFS,Invesco Russell 2000 Dynamic Multifactor ETF,1
OMH,Ohmyhome,0
OMSE,OMS Energy Technologies,0
ON,ON Semiconductor,0
ONB,Old National Bancorp,0
ONBPO,Old National Bancorp,0
ONBPP,Old National Bancorp,0
ONC,BeOne Medicines,0
ONCH,1RT Acquisition,0
ONCHU,1RT Acquisition,0
ONCHW,1RT Acquisition,0
ONCO,Onconetix,0
ONCY,Oncolytics Biotech,0
OND,ProShares On-Demand ETF,1
ONDC,Corgi ONDS 2x Daily ETF,1
ONDG,Leverage Shares 2X Long ONDS Daily ETF,1
ONDL,Defiance Daily Target 2X Long ONDS ETF,1
ONDS,Ondas,0
ONDU,Tradr 2X Long ONDS Daily ETF,1
ONEG,OneConstruction,0
ONEH,TrueShares Equity Hedge ETF,1
ONEO,State Street SPDR Russell 1000 Momentum Focus ETF,1
ONEQ,Fidelity Nasdaq Composite Index ETF,1
ONEV,State Street SPDR Russell 1000 Low Volatility Focus ETF,1
ONEW,OneWater Marine,0
ONEY,State Street SPDR Russell 1000 Yield Focus ETF,1
ONEZ,TrueShares Seasonality Laddered Buffered ETF,1
ONFO,Onfolio,0
ONFOW,Onfolio,0
ONG,Leverage Shares 2X Long ON Daily ETF,1
ONIT,Onity,0
ONL,Orion Properties,0
ONLN,ProShares Online Retail ETF,1
ONMD,OneMedNet,0
ONMDW,OneMedNet,0
ONOF,Global X Adaptive U.S. Risk Management ETF,1
ONON,,0
ONT,Onterris,0
ONTO,Onto Innovation,0
ONTX,Corgi ONTO 2x Daily ETF,1
ONX,Tradr 2X Long ON Daily ETF,1
OOMA,Ooma,0
OOSP,Obra Opportunistic Structured Products ETF,1
OPAD,Offerpad Solutions,0
OPAL,OPAL Fuels,0
OPBK,OP Bancorp,0
OPCH,Option Care Health,0
OPEG,Leverage Shares 2X Long OPEN Daily ETF,1
OPEN,Opendoor Technologies,0
OPENL,Opendoor Technologies,0
OPENW,Opendoor Technologies,0
OPENZ,Opendoor Technologies,0
OPER,ETF ClearShares Ultra-Short Maturity ETF,1
OPEX,Tradr 2X Long OPEN Daily ETF,1
OPFI,OppFi,0
OPHC,OptimumBank,0
OPI,Office Properties Income Trust,0
OPK,Opko Health,0
OPLN,OPENLANE,0
OPP,RiverNorth/DoubleLine Strategic Opport,0
OPPE,WisdomTree European Opport,1
OPPG,WisdomTree GeoAlpha Opport,1
OPPJ,WisdomTree Japan Opport,1
OPRA,Opera,0
OPRT,Oportun Financial,0
OPRX,OptimizeRx,0
OPTH,Optimi Health,0
OPTT,Ocean Power Technologies,0
OPTU,Optimum Communications,0
OPTX,Syntec Optics,0
OPTXW,Syntec Optics,0
OPTZ,Optimize Strategy Index ETF,1
OPXS,Optex Systems,0
OPY,Oppenheimer,0
OR,OR Royalties,0
ORA,Ormat Technologies,0
ORAC,Corgi ORCL 2x Daily ETF,1
ORBS,Eightco,0
ORBX,Global X Space Tech ETF,1
ORC,Orchid Island Capital,0
ORCL,Oracle,0
ORCS,Direxion Daily ORCL Bear 1X ETF,1
ORCU,Direxion Daily ORCL Bull 2X ETF,1
ORCX,Defiance Daily Target 2X Long ORCL ETF,1
ORCZ,Tradr 2X Short ORCL Daily ETF,1
ORGO,Organogenesis Holdings Inc. - Class A,0
ORI,Old Republic International,0
ORIC,Oric Pharmaceuticals,0
ORIO,Orion Digital,0
ORIQ,Origin Investment Corp I,0
ORIQU,Origin Investment Corp I,0
ORIQW,Origin Investment Corp I - Redeemable,0
ORKA,Oruka Therapeutics,0
ORKT,Orangekloud Technology,0
ORLY,O'Reilly Automotive,0
ORMP,Oramed Pharmaceuticals,0
ORN,"Orion Group Holdings, Inc. Common",0
ORO,Arrow Valtoro ETF,1
ORR,Militia Long/Short Equity ETF,1
ORRF,Orrstown Financial Services,0
OSBC,Old Second Bancorp,0
OSCR,Oscar Health,0
OSCV,Opus Small Cap Value ETF,1
OSCX,Defiance Daily Target 2x Long OSCR ETF,1
OSEA,Harbor International Compounders ETF,1
OSG,Octave Specialty,0
OSIS,OSI Systems,0
OSK,Oshkosh Corporation (Holding Company),0
OSPN,OneSpan,0
OSPRU,Osprey Acquisition Corp. III,0
OSRH,OSR Health,0
OSRHW,OSR Health,0
OSS,One Stop Systems,0
OSSL,Defiance Daily Target 2X Long OSS ETF,1
OST,Ostin Technology,0
OSTX,OS Therapies,0
OSUR,OraSure Technologies,0
OSW,OneSpaWorld,0
OTAI,Starlink AI Acquisition,0
OTEX,Open Text,0
OTF,Blue Owl Technology Finance,0
OTGA,OTG Acquisition Corp. I,0
OTGAU,OTG Acquisition Corp. I,0
OTGAW,OTG Acquisition Corp. I,0
OTGL,OTG Latin America ETF,1
OTIS,Otis Worldwide,0
OTLK,Outlook Therapeutics,0
OTLY,Oatly Group AB,0
OTTR,Otter Tail,0
OUNZ,VanEck Merk Gold ETF,1
OUSA,ALPS O'Shares U.S. Quality Dividend ETF,1
OUSL,Defiance Daily Target 2X Long OUST ETF,1
OUSM,ALPS O'Shares U.S. Small-Cap Quality Dividend ETF,1
OUST,Ouster,0
OUT,OUTFRONT Media,0
OVB,Overlay Shares Core Bond ETF,1
OVBC,Ohio Valley Banc,0
OVF,Overlay Shares Foreign Equity ETF,1
OVID,Ovid Therapeutics,0
OVL,Overlay Shares Large Cap Equity ETF,1
OVLH,Overlay Shares Hedged Large Cap Equity ETF,1
OVLY,Oak Valley Bancorp (CA),0
OVM,Overlay Shares Municipal Bond ETF,1
OVS,Overlay Shares Small Cap Equity ETF,1
OVT,Overlay Shares Short Term Bond ETF,1
OVV,Ovintiv Inc. (DE),0
OWL,Blue Owl Capital,0
OWLS,OBOOK,0
OWLT,Owlet,0
OWN,Inside Ownership 100 ETF,1
OWNB,Bitwise Bitcoin Standard Corporations ETF,1
OWNS,Quaker Investment Trust CCM Affordable Housing MBS ETF,1
OXBR,Oxbridge Re,0
OXBRW,Oxbridge Re,0
OXLC,Oxford Lane Capital Corp. - Closed End Fund,0
OXLCG,Oxford Lane Capital Corp. - 7.95%,0
OXLCI,Oxford Lane Capital Corp. - 8.75%,0
OXLCL,Oxford Lane Capital Corp. - 6.75%,0
OXLCM,Oxford Lane Capital,0
OXLCN,Oxford Lane Capital Corp. - 7.125% Series 2029 Term,0
OXLCO,Oxford Lane Capital,0
OXLCZ,Oxford Lane Capital Corp. - 5.00%,0
OXM,Oxford Industries,0
OXSQ,Oxford Square Capital Corp. - Closed End Fund,0
OXSQG,Oxford Square Capital Corp. - 5.50%,0
OXSQH,Oxford Square Capital Corp. - 7.75%,0
OXY,Occidental Petroleum,0
OYSE,Oyster Enterprises II Acquisition,0
OYSER,Oyster Enterprises II Acquisition,0
OYSEU,Oyster Enterprises II Acquisition,0
OZ,Belpointe PREP,0
OZEM,Roundhill GLP-1 & Weight Loss ETF,1
OZK,Bank OZK,0
OZKAP,Bank OZK - 4.625% Series A Non-Cumulative Perpetual,0
P,Everpure,0
PAA,"Plains All American Pipeline, L.P. - Common",0
PAAA,PGIM AAA CLO ETF,1
PAAC,Proem Acquisition Corp I,0
PAACU,Proem Acquisition Corp I,0
PAACW,Proem Acquisition Corp I,0
PAAS,Pan American Silver,0
PAB,PGIM Active Aggregate Bond ETF,1
PABD,iShares Paris-Aligned Climate Optimized MSCI World ex USA ETF,1
PABU,iShares Paris-Aligned Climate Optimized MSCI USA ETF,1
PAC,"Grupo Aeroportuario Del Pacifico, S.A. B. de C.V. Grupo Aeroportuario Del Pacifico, S.A. de C.V. (each representing 10 Series B shares)",0
PACB,Pacific Biosciences of California,0
PACH,Pioneer Acquisition I,0
PACHU,Pioneer Acquisition I,0
PACHW,Pioneer Acquisition I,0
PACK,Ranpak,0
PACS,PACS,0
PAG,Penske Automotive,0
PAGP,"Plains GP Holdings, L.P. - Class A Shares representing limited partner interests",0
PAGS,PagSeguro Digital,0
PAHC,Phibro Animal Health,0
PAI,Western Asset Investment Grade Income Fund,0
PAII,Pyrophyte Acquisition Corp. II,0
PAL,Proficient Auto Logistics,0
PALC,Pacer Lunt Large Cap Multi-Factor Alternator ETF,1
PALD,Direxion Daily PANW Bear 1X ETF,1
PALI,Palisade Bio,0
PALL,abrdn Physical Palladium Shares ETF,1
PALO,Paloma Acquisition Corp I,0
PALOU,Paloma Acquisition Corp I,0
PALOW,Paloma Acquisition Corp I,0
PALU,Direxion Daily PANW Bull 2X ETF,1
PAM,Pampa Energia S.A,0
PAMC,Pacer Lunt MidCap Multi-Factor Alternator ETF,1
PAMT,PAMT,0
PANG,Leverage Shares 2X Long PANW Daily ETF,1
PANL,Pangaea Logistics Solutions,0
PANW,Palo Alto Networks,0
PAPI,Parametric Equity Premium Income ETF,1
PAPL,Pineapple Financial,0
PAPR,Innovator U.S. Equity Power Buffer ETF - April,1
PAR,PAR Technology,0
PARK,Park Dental Partners,0
PARR,Par Pacific,0
PASG,Passage Bio,0
PASW,Ping An Biomedical,0
PATH,UiPath,0
PATK,Patrick Industries,0
PATN,Pacer Nasdaq International Patent Leaders ETF,1
PATX,Tradr 2X Long PATH Daily ETF,1
PAUG,Innovator U.S. Equity Power Buffer ETF - August,1
PAVE,Global X U.S. Infrastructure Development ETF,1
PAVM,PAVmed,0
PAVS,Paranovus Entertainment Technology,0
PAWZ,ProShares Pet Care ETF,1
PAX,Patria Investments,0
PAXS,PIMCO Access Income Fund,0
PAY,Paymentus,0
PAYC,Paycom Software,0
PAYH,TrueShares S&P Autocallable High Income ETF,1
PAYM,TrueShares S&P Autocallable Defensive Income ETF,1
PAYO,Payoneer Global,0
PAYP,PayPay Corporation - American Depository Shares,0
PAYR,Federated Hermes Enhanced Income ETF,1
PAYS,Paysign,0
PAYX,Paychex,0
PB,Prosperity Bancshares,0
PBA,Pembina Pipeline,0
PBAM,Private Bancorp of America,0
PBAP,PGIM S&P 500 Buffer 20 ETF - April,1
PBAU,PGIM S&P 500 Buffer 20 ETF - August,1
PBD,Invesco Global Clean Energy ETF,1
PBDC,Putnam BDC Income ETF,1
PBDE,PGIM S&P 500 Buffer 20 ETF - December,1
PBE,Invesco Biotechnology & Genome ETF,1
PBEU,Portfolio Building Block European Banks Index ETF,1
PBF,PBF Energy,0
PBFB,PGIM S&P 500 Buffer 20 ETF - February,1
PBFR,PGIM Laddered S&P 500 Buffer 20 ETF,1
PBFS,Pioneer Bancorp,0
PBH,Prestige Consumer Healthcare,0
PBHC,Pathfinder Bancorp,0
PBI,Pitney Bowes,0
PBJ,Invesco Food & Beverage ETF,1
PBJA,PGIM S&P 500 Buffer 20 ETF - January,1
PBJL,PGIM S&P 500 Buffer 20 ETF - July,1
PBJN,PGIM S&P 500 Buffer 20 ETF - June,1
PBK,PowerBank,0
PBL,PGIM Portfolio Ballast ETF,1
PBLS,Parabilis Medicines,0
PBM,Psyence Biomedical,0
PBMR,PGIM S&P 500 Buffer 20 ETF - March,1
PBMWW,Psyence Biomedical,0
PBMY,PGIM S&P 500 Buffer 20 ETF - May,1
PBNV,PGIM S&P 500 Buffer 20 ETF - November,1
PBOC,PGIM S&P 500 Buffer 20 ETF - October,1
PBOG,Portfolio Building Block Integrated Oil and Gas and Exploration and Production Index ETF,1
PBOT,Pictet AI & Automation ETF,1
PBP,Invesco S&P 500 BuyWrite ETF,1
PBPH,Portfolio Building Block World Pharma and Biotech Index ETF,1
PBQQ,PGIM Laddered Nasdaq-100 Buffer 12 ETF,1
PBR,Petroleo Brasileiro S.A. Petrobras ADS,0
PBRG,Leverage Shares 2X Long PBR Daily ETF,1
PBSC,Pacer Barings Secured Credit Flex ETF,1
PBSE,PGIM S&P 500 Buffer 20 ETF - September,1
PBT,Permian Basin Royalty Trust,0
PBTP,Invesco 0-5 Yr US TIPS ETF,1
PBUS,Invesco MSCI USA ETF,1
PBW,Invesco WilderHill Clean Energy ETF,1
PBYI,Puma Biotechnology,0
PC,Premium Catering (Holdings),0
PCAP,ProCap Acquisition,0
PCAPU,ProCap Acquisition,0
PCAPW,ProCap Acquisition,0
PCAR,PACCAR,0
PCB,PCB Bancorp,0
PCCE,Polen Capital China Growth ETF,1
PCEB,Polen Euro High Yield Bond ETF,1
PCEF,Invesco CEF Income Composite ETF,1
PCF,High Income Securities Fund,0
PCFI,Polen Floating Rate Income ETF,1
PCG,Pacific Gas & Electric,0
PCGG,Polen Capital Global Growth ETF,1
PCHI,Polen High Income ETF,1
PCI,PGIM Corporate Bond 5-10 Year ETF,1
PCIG,Polen Capital International Growth ETF,1
PCL,PGIM Corporate Bond 10+ Year ETF,1
PCLA,PicoCELA,0
PCLC,Polen 5Perspectives Large Growth ETF,1
PCLG,Polen Focus Growth ETF,1
PCLN,Pictet Cleaner Planet ETF,1
PCLO,VIRTUS SEIX AAA Private Credit CLO ETF,1
PCM,PCM Fund,0
PCMM,BondBloxx Private Credit CLO ETF,1
PCN,Pimco Corporate & Income Strategy Fund,0
PCOR,Procore Technologies,0
PCPI,PIMCO Inflation PLUS Active Exchange-Traded Fund,1
PCPP,Porter & Company Porter Portfolio Index ETF,1
PCQ,PIMCO California Municipal Income Fund,0
PCR,Simplify VettaFi Private Credit Strategy ETF,1
PCRX,Pacira BioSciences,0
PCS,PGIM Corporate Bond 0-5 Year ETF,1
PCSA,Processa Pharmaceuticals,0
PCSG,Polen 5Perspectives Small-Mid Growth ETF,1
PCT,PureCycle Technologies,0
PCTTU,PureCycle Technologies,0
PCTTW,PureCycle Technologies,0
PCTY,Paylocity,0
PCVX,Vaxcyte,0
PCY,Invesco Emerging Markets Sovereign Debt ETF,1
PCYO,Pure Cycle,0
PD,PagerDuty,0
PDBA,Invesco Agriculture Commodity Strategy No K-1 ETF,1
PDBC,Invesco Optimum Yield Diversified Commodity Strategy No K-1 ETF,1
PDC,Perpetuals.com,0
PDCC,Pearl Diver Credit,0
PDD,PDD,0
PDDL,GraniteShares 2x Long PDD Daily ETF,1
PDEC,Innovator U.S. Equity Power Buffer ETF - December,1
PDEX,Pro-Dex,0
PDFS,PDF Solutions,0
PDI,PIMCO Dynamic Income Fund,0
PDLB,Ponce Financial,0
PDM,Piedmont Realty Trust,0
PDN,Invesco RAFI Developed Markets ex-U.S. Small-Mid ETF,1
PDO,PIMCO Dynamic Income Opport,0
PDP,Invesco Dorsey W,1
PDPA,Pearl Diver Credit Company Inc. 8.00%,0
PDS,Precision Drilling,0
PDSB,PDS Biotechnology,0
PDT,John Hancock Premium Dividend Fund,0
PDX,PIMCO Dynamic Income Strategy Fund,0
PDYN,Palladyne AI,0
PDYNW,Palladyne AI,0
PEB,Pebblebrook Hotel Trust,0
PEBK,Peoples Bancorp of North Carolina,0
PEBO,Peoples Bancorp,0
PECE,Peace Acquisition,0
PECER,Peace Acquisition,0
PECEU,Peace Acquisition,0
PECEW,Peace Acquisition,0
PECO,Phillips Edison &,0
PED,Pedevco,0
PEG,Public Service Enterprise,0
PEGA,Pegasystems,0
PEJ,Invesco Leisure and Entertainment ETF,1
PEMX,Putnam Emerging Markets ex-China ETF,1
PEN,Penumbra,0
PENG,Penguin Solutions,0
PENN,PENN Entertainment,0
PEO,Adams Natural Resources Fund,0
PEP,PepsiCo,0
PEPG,PepGen,0
PEPS,Parametric Equity Plus ETF,1
PERF,Perfect,0
PERI,Perion Network,0
PESI,Perma-Fix Environmental Services,0
PETS,PetMed Express,0
PETZ,TDH,0
PEVC,Pacer PE/VC ETF,1
PEW,GrabAGun Digital,0
PEX,ProShares Global Listed Private Equity ETF,1
PEXL,Pacer US Export Leaders ETF,1
PEY,Invesco High Yield Equity Dividend Achievers ETF,1
PEZ,Invesco Dorsey W,1
PFAI,Pinnacle Food,0
PFBC,Preferred Bank,0
PFD,Flaherty & Crumrine Preferred and Income Fund,0
PFDE,Pathfinder Disciplined US Equity ETF,1
PFE,Pfizer,0
PFEB,Innovator U.S. Equity Power Buffer ETF - February,1
PFF,iShares Preferred and Income Securities ETF,1
PFFA,Virtus InfraCap U.S,1
PFFD,Global X U.S. Preferred ETF,1
PFFL,ETRACS 2xMonthly Pay Leveraged,0
PFFR,InfraCap REIT Preferred ETF,1
PFFV,Global X Variable Rate Preferred ETF,1
PFG,Principal Financial,0
PFGC,Performance Food,0
PFH,"Prudential Financial, Inc. 4.125% Junior Subordinated",0
PFI,Invesco Dorsey W,1
PFIG,Invesco Fundamental Investment Grade Corporate Bond ETF,1
PFIS,Peoples Financial Services,0
PFIX,Simplify Interest Rate Hedge ETF,1
PFL,PIMCO Income Strategy Fund Shares of,0
PFLA,PennantPark Floating Rate Capital Ltd. 7.375%,0
PFLD,AAM Low Duration Preferred and Income Securities ETF,1
PFLT,PennantPark Floating Rate Capital,0
PFM,Invesco Dividend Achievers ETF,1
PFN,PIMCO Income Strategy Fund II,0
PFO,Flaherty & Crumrine Preferred and Income Opport,0
PFOE,Pathfinder Focused Opport,1
PFRL,PGIM Floating Rate Income ETF,1
PFS,Provident Financial Services,0
PFSA,Profusa,0
PFSI,PennyMac Financial Services,0
PFX,PhenixFIN,0
PFXF,VanEck Preferred Securities ex Financials ETF,1
PFXNZ,PhenixFIN Corporation - 5.25%,0
PG,Procter & Gamble Company (The),0
PGAC,Pantages Capital Acquisition,0
PGACR,Pantages Capital Acquisition,0
PGACU,Pantages Capital Acquisition,0
PGC,Peapack-Gladstone Financial,0
PGEN,Precigen,0
PGF,Invesco Financial Preferred ETF,1
PGHY,Invesco Global ex-US High Yield Corporate Bond ETF,1
PGJ,Invesco Golden Dragon China ETF,1
PGNY,Progyny,0
PGP,Pimco Global StocksPlus & Income Fund,0
PGR,Progressive Corporation (The),0
PGRI,Putnam International Stock ETF,1
PGRO,Putnam Focused Large Cap Growth ETF,1
PGX,Invesco Preferred ETF,1
PGY,Pagaya Technologies,0
PGYWW,Pagaya Technologies,0
PGZ,Principal Real Estate Income Fund,0
PH,Parker-Hannifin,0
PHAR,"Pharming Group N.V. - ADS, each representing 10",0
PHAT,Phathom Pharmaceuticals,0
PHDG,Invesco S&P 500 Downside Hedged ETF,1
PHEQ,Parametric Hedged Equity ETF,1
PHG,Koninklijke Philips N.V. NY Registry Shares,0
PHGE,BiomX,0
PHI,PLDT Inc. Sponsored ADR,0
PHIN,PHINIA,0
PHIO,Phio Pharmaceuticals,0
PHK,Pimco High Income Fund,0
PHM,PulteGroup,0
PHO,Invesco Water Resources ETF,1
PHOE,Phoenix Asia,0
PHR,Phreesia,0
PHUN,Phunware,0
PHVS,Pharvaris N.V,0
PHYL,PGIM Active High Yield Bond ETF,1
PHYS,Sprott Physical Gold Trust ETV,1
PI,Impinj,0
PICB,Invesco International Corporate Bond ETF,1
PICK,iShares MSCI Global Select Metals & Mining Producers Fund,1
PICS,PicS N.V,0
PID,Invesco International Dividend Achievers ETF,1
PIE,Invesco Dorsey W,1
PIEL,Pacer International Export Leaders ETF,1
PIEQ,Principal International Equity ETF,1
PIFI,ClearShares Piton Intermediate Fixed Income ETF,1
PII,Polaris,0
PIII,P3 Health Partners,0
PIIIW,P3 Health Partners,0
PILL,Direxion Daily Pharmaceutical & Medical Bull 3X ETF,1
PIM,Franklin Master Intermediate Income Trust Shares of,0
PINC,PGIM Securitized Income ETF,1
PINE,Alpine Income Property Trust,0
PINK,Simplify Health Care ETF,1
PINS,Pinterest,0
PIO,Invesco Global Water ETF,1
PIPE,Invesco SteelPath MLP & Energy Infrastructure ETF,1
PIPR,Piper Sandler Companies,0
PIT,VanEck Commodity Strategy ETF,1
PIZ,Invesco Dorsey W,1
PJAN,Innovator U.S. Equity Power Buffer ETF - January,1
PJFG,PGIM Jennison Focused Growth ETF,1
PJFM,PGIM Jennison Focused Mid-Cap ETF,1
PJFV,PGIM Jennison Focused Value ETF,1
PJIO,PGIM Jennison Focused International Equity ETF,1
PJP,Invesco Pharmaceuticals ETF,1
PJT,PJT Partners,0
PJUL,Innovator U.S. Equity Power Buffer ETF - July,1
PJUN,Innovator U.S. Equity Power Buffer ETF - June,1
PJUS,PGIM Jennison U.S. Core Equity ETF,1
PK,Park Hotels & Resorts,0
PKB,Invesco Building & Construction ETF,1
PKBK,Parke Bancorp,0
PKE,Park Aerospace,0
PKG,Packaging Corporation of America,0
PKOH,Park-Ohio,0
PKW,Invesco BuyBack Achievers ETF,1
PKX,POSCO,0
PL,Planet Labs PBC,0
PLA,GraniteShares Autocallable PLTR ETF,1
PLAB,Photronics,0
PLAG,Planet Green,0
PLAY,Dave & Buster's Entertainment,0
PLBC,Plumas Bancorp,0
PLBL,Polibeli,0
PLBY,Playboy,0
PLCE,"Children's Place, Inc. (The)",0
PLCIU,Pelican Acquisition II,0
PLD,Prologis,0
PLG,Platinum Group Metals,0
PLGI,PL Growth and Income ETF,1
PLGO,Pelagos Insurance Capital,0
PLIB,Direxion PLTR Defined Income Boost ETF,1
PLMK,Plum Acquisition Corp. IV,0
PLMKU,Plum Acquisition Corp. IV,0
PLMKW,Plum Acquisition Corp. IV,0
PLMR,Palomar,0
PLNT,Planet Fitness,0
PLOW,Douglas Dynamics,0
PLPC,Preformed Line Products,0
PLRX,Pliant Therapeutics,0
PLRZ,Polyrizon,0
PLSE,Pulse Biosciences,0
PLSM,Pulsenmore,0
PLTA,ProShares Ultra PLTR,1
PLTD,Direxion Daily PLTR Bear 1X ETF,1
PLTG,Leverage Shares 2X Long PLTR Daily ETF,1
PLTK,Playtika,0
PLTL,Corgi PLTR 2x Daily ETF,1
PLTM,GraniteShares Platinum Shares ETF,1
PLTR,Palantir Technologies,0
PLTS,Platinum Analytics Cayman,0
PLTU,Direxion Daily PLTR Bull 2X ETF,1
PLTW,Roundhill PLTR WeeklyPay ETF,1
PLTY,YieldMax PLTR Option Income Strategy ETF,1
PLTZ,Defiance Daily Target 2x Short PLTR ETF,1
PLU,Defiance Daily Target 2x Long PL ETF,1
PLUG,Plug Power,0
PLUL,Leverage Shares 2X Long PLUG Daily ETF,1
PLUN,Plutonian Acquisition Corp II,0
PLUR,Pluri,0
PLUS,ePlus,0
PLUT,Plutus Financial,0
PLX,"Protalix BioTherapeutics, Inc. (DE)",0
PLXS,Plexus,0
PLYX,Polaryx Therapeutics,0
PLYY,GraniteShares YieldBOOST PLTR ETF,1
PM,Philip Morris International,0
PMA,Ming Shing,0
PMAP,PGIM S&P 500 Max Buffer ETF - April,1
PMAR,Innovator U.S. Equity Power Buffer ETF - March,1
PMAU,PGIM S&P 500 Max Buffer ETF - August,1
PMAX,Powell Max,0
PMAY,Innovator U.S. Equity Power Buffer ETF - May,1
PMBS,PIMCO Mortgage-Backed Securities Active Exchange-Traded Fund,1
PMCB,PharmaCyte Biotech,0
PMDE,PGIM S&P 500 Max Buffer ETF - December,1
PMEC,Primech,0
PMFB,PGIM S&P 500 Max Buffer ETF - February,1
PMI,Picard Medical,0
PMIO,PGIM Municipal Income Opport,1
PMJA,PGIM S&P 500 Max Buffer ETF - January,1
PMJL,PGIM S&P 500 Max Buffer ETF - July,1
PMJN,PGIM S&P 500 Max Buffer ETF - June,1
PML,Pimco Municipal Income Fund II,0
PMM,Franklin Managed Municipal Income Trust Shares of,0
PMMF,iShares Prime Money Market ETF,1
PMMR,PGIM S&P 500 Max Buffer ETF - March,1
PMMY,PGIM S&P 500 Max Buffer ETF - May,1
PMN,ProMIS Neurosciences,0
PMNV,PGIM S&P 500 Max Buffer ETF - November,1
PMO,Franklin Municipal Opport,0
PMOC,PGIM S&P 500 Max Buffer ETF - October,1
PMSE,PGIM S&P 500 Max Buffer ETF - September,1
PMT,PennyMac Mortgage Investment Trust,0
PMTL,First Trust Indxx Quality Precious Metals Miners ETF,1
PMTR,Perimeter Acquisition Corp. I,0
PMTRU,Perimeter Acquisition Corp. I,0
PMTRW,Perimeter Acquisition Corp. I,0
PMTS,CPI Card,0
PMTU,PennyMac Mortgage Investment Trust 8.50% Senior,0
PMTV,PennyMac Mortgage Investment Trust 9.00% Senior,0
PMTW,PennyMac Mortgage Investment Trust 9.00% Senior,0
PMVP,PMV Pharmaceuticals,0
PN,PN Smart Energy,0
PNBK,Patriot National Bancorp,0
PNC,"PNC Financial Services Group, Inc. (The)",0
PNFP,Pinnacle Financial Partners,0
PNI,Pimco New York Municipal Income Fund II,0
PNNT,PennantPark Investment,0
PNOV,Innovator U.S. Equity Power Buffer ETF - November,1
PNQI,Invesco Nasdaq Internet ETF,1
PNR,Pentair,0
PNRG,PrimeEnergy Resources,0
PNTG,The Pennant,0
PNW,Pinnacle West Capital,0
POAS,Phaos Technology Holdings (Cayman),0
POCI,Precision Optics,0
POCT,Innovator U.S. Equity Power Buffer ETF - October,1
PODC,PodcastOne,0
PODD,Insulet,0
POEL,Defiance Daily Target 2X Long POET ETF,1
POET,POET Technologies,0
POLA,Polar Power,0
POLE,Andretti Acquisition Corp. II,0
POLEU,Andretti Acquisition Corp. II,0
POLEW,Andretti Acquisition Corp. II,0
POM,POMDOCTOR,0
PONO,Pono Capital Four,0
PONOR,Pono Capital Four,0
PONOU,Pono Capital Four,0
PONX,Tradr 2X Long PONY Daily ETF,1
PONY,Pony AI,0
POOL,Pool,0
POR,Portland General Electric,0
POST,Post,0
POW,VistaShares Electrification Supercycle ETF,1
POWA,Invesco Bloomberg Pricing Power ETF,1
POWI,Power Integrations,0
POWL,Powell Industries,0
POWR,iShares U.S. Power Infrastructure ETF,1
POWW,Outdoor,0
POWWP,Outdoor Holding Company - 8.75% Series A Cumulative Redeemable Perpetual,0
PPA,Invesco Aerospace & Defense ETF,1
PPBT,Purple Biotech,0
PPC,Pilgrim's Pride,0
PPCB,Propanc Biopharma,0
PPG,PPG Industries,0
PPH,VanEck Pharmaceutical ETF,1
PPHC,Public Policy,0
PPI,Astoria Real Assets ETF,1
PPIH,Perma-Pipe International,0
PPL,PPL,0
PPLC,PPL Corporation Corporate,0
PPLI,People,0
PPLT,abrdn Physical Platinum Shares ETF,1
PPSI,Pioneer Power Solutions,0
PPT,Franklin Premier Income Trust Shares of,0
PPTA,Perpetua Resources,0
PPTY,U.S. Diversified Real Estate ETF,1
PQAP,PGIM Nasdaq-100 Buffer 12 ETF - April,1
PQDI,Principal Spectrum Preferred and Income ETF,1
PQJA,PGIM Nasdaq-100 Buffer 12 ETF - January,1
PQJL,PGIM Nasdaq-100 Buffer 12 ETF - July,1
PQNT,Pictet AI Enhanced International Equity ETF,1
PQOC,PGIM Nasdaq-100 Buffer 12 ETF - October,1
PQUS,Pictet AI Enhanced US Equity ETF,1
PQV,PGIM S&P 500 Quarterly Buffer 5 ETF,1
PQX,PGIM S&P 500 Quarterly Buffer 10 ETF,1
PQXV,PGIM S&P 500 Quarterly Buffer 15 ETF,1
PQXX,PGIM S&P 500 Quarterly Buffer 20 ETF,1
PR,Permian Resources,0
PRAA,PRA,0
PRAB,State Street IG Public & Private ABS ETF,1
PRAE,PlanRock Alternative Growth ETF,1
PRAX,Praxis Precision Medicines,0
PRAY,FIS Christian Stock Fund,1
PRCH,Porch,0
PRCS,Parnassus Core Select ETF,1
PRCT,PROCEPT BioRobotics,0
PRDO,Perdoceo Education,0
PRE,Prenetics Global,0
PREF,Principal Spectrum Preferred Securities Active ETF,1
PRENW,Prenetics Global,0
PRF,Invesco RAFI US 1000 ETF,1
PRFD,PIMCO Preferred and Capital Securities Active Exchange-Traded Fund,1
PRFX,PRF Technologies,0
PRFZ,Invesco RAFI US 1500 Small-Mid ETF,1
PRG,PROG,0
PRGO,Perrigo,0
PRGS,Progress Software,0
PRH,"Prudential Financial, Inc. 5.950% Junior Subordinated",0
PRHI,Presurance,0
PRHIZ,"Presurance Holdings, Inc. - 9.75% Senior Unsecured",0
PRI,Primerica,0
PRIM,Primoris Services,0
PRIV,State Street IG Public & Private Credit ETF,1
PRIZ,Zacks Preferred Income ETF,1
PRK,Park National,0
PRKS,,0
PRLB,Proto Labs,0
PRLD,Prelude Therapeutics,0
PRM,Perimeter Solutions,0
PRMB,Primo Brands,0
PRME,Prime Medicine,0
PRMR,PeakShares RMR Prime Equity ETF,1
PRN,Invesco Dorsey W,1
PRNT,3D Printing (The) ETF,1
PROF,Profound Medical,0
PROK,ProKidney,0
PROP,Prairie Operating,0
PROV,Provident Financial,0
PRPL,Purple Innovation,0
PRPO,Precipio,0
PRQR,ProQR Therapeutics N.V,0
PRS,"Prudential Financial, Inc. 5.625% Junior Subordinated",0
PRSD,State Street Short Duration IG Public & Private Credit ETF,1
PRSO,Peraso,0
PRSU,Pursuit Attractions and Hospitality,0
PRT,PermRock Royalty Trust,0
PRTA,Prothena,0
PRTH,Priority Technology,0
PRTO,RCN Pareto Strategic Allocation ETF,1
PRTS,CarParts.com,0
PRU,Prudential Financial,0
PRVA,Privia Health,0
PRVS,Parnassus Value Select ETF,1
PRVT,Tema Alternative Asset Managers ETF,1
PRXG,Praxis Impact Large Cap Growth ETF,1
PRXI,Praxis Impact International ETF,1
PRXV,Praxis Impact Large Cap Value ETF,1
PRZO,ParaZero Technologies,0
PS,Pershing Square,0
PSA,Public Storage,0
PSAI,Pacer S&P 500 3AI Top 100 ETF,1
PSBD,Palmer Square Capital BDC,0
PSC,Principal U.S. Small-Cap ETF,1
PSCC,Invesco S&P SmallCap Consumer Staples ETF,1
PSCD,Invesco S&P SmallCap Consumer Discretionary ETF,1
PSCE,Invesco S&P SmallCap Energy ETF,1
PSCF,Invesco S&P SmallCap Financials ETF,1
PSCH,Invesco S&P SmallCap Health Care ETF,1
PSCI,Invesco S&P SmallCap Industrials ETF,1
PSCJ,Pacer Swan SOS Conservative (July) ETF,1
PSCM,Invesco S&P SmallCap Materials ETF,1
PSCQ,Pacer Swan SOS Conservative (October) ETF,1
PSCT,Invesco S&P SmallCap Information Technology ETF,1
PSCU,Invesco S&P SmallCap Utilities & Communication Services ETF,1
PSCW,Pacer Swan SOS Conservative (April) ETF,1
PSCX,Pacer Swan SOS Conservative (January) ETF,1
PSDM,PGIM Short Duration Multi-Sector Bond ETF,1
PSEC,Prospect Capital Corporation - Closed End Fund,0
PSEP,Innovator U.S. Equity Power Buffer ETF - September,1
PSET,Principal Quality ETF,1
PSF,Cohen & Steers Select Preferred and Income Fund,0
PSFD,Pacer Swan SOS Flex (January) ETF,1
PSFE,Paysafe,0
PSFF,Pacer Swan SOS Fund of Funds ETF,1
PSFJ,Pacer Swan SOS Flex (July) ETF,1
PSFM,Pacer Swan SOS Flex (April) ETF,1
PSFO,Pacer Swan SOS Flex (October) ETF,1
PSH,PGIM Short Duration High Yield ETF,1
PSHG,Performance Shipping,0
PSI,Invesco Semiconductors ETF,1
PSIG,PS International,0
PSIL,AdvisorShares Psychedelics ETF,1
PSIX,Power Solutions International,0
PSK,State Street SPDR ICE Preferred Securities ETF,1
PSKY,Paramount Skydance,0
PSL,Invesco Dorsey W,1
PSLV,Sprott Physical Silver Trust ETV,1
PSMD,Pacer Swan SOS Moderate (January) ETF,1
PSMJ,Pacer Swan SOS Moderate (July) ETF,1
PSMO,Pacer Swan SOS Moderate (October) ETF,1
PSMR,Pacer Swan SOS Moderate (April) ETF,1
PSMT,PriceSmart,0
PSN,Parsons,0
PSNL,Personalis,0
PSNY,Polestar Automotive Holding UK Limited - Class A ADS,0
PSNYW,Polestar Automotive Holding UK Limited - Class C-1 ADS (ADW),0
PSO,Pearson,0
PSP,Invesco Global Listed Private Equity ETF,1
PSQ,ProShares Short QQQ,1
PSQA,Palmer Square CLO Senior Debt ETF,1
PSQH,PSQ,0
PSQO,Palmer Square Credit Opport,1
PSR,Invesco Active U.S. Real Estate Fund,1
PST,ProShares UltraShort Lehman 7-10 Year Treasury,1
PSTL,Postal Realty Trust,0
PSTP,Innovator Power Buffer Step-Up Strategy ETF,1
PSTR,PeakShares Sector Rotation ETF,1
PSUS,Pershing Square USA,0
PSWD,Xtrackers Cybersecurity Select Equity ETF,1
PSX,Phillips 66,0
PTA,Cohen & Steers Tax-Advantaged Preferred Securities and Income Fund,0
PTAC,Patriot Acquisition,0
PTACU,Patriot Acquisition,0
PTACW,Patriot Acquisition,0
PTBD,Pacer Trendpilot US Bond ETF,1
PTC,PTC,0
PTCT,PTC Therapeutics,0
PTEN,Patterson-UTI Energy,0
PTEU,Pacer TrendpilotTM European Index ETF,1
PTF,Invesco Dorsey W,1
PTGX,Protagonist Therapeutics,0
PTH,Invesco Dorsey W,1
PTHS,Pelthos Therapeutics,0
PTIN,Pacer Trendpilot International ETF,1
PTIR,GraniteShares 2x Long PLTR Daily ETF,1
PTL,Inspire 500 ETF,1
PTLC,Pacer Trendpilot US Large Cap ETF,1
PTLE,PTL,0
PTLO,Portillo's,0
PTMC,Pacer Trendpilot US Mid Cap ETF,1
PTN,Palatin Technologies,0
PTNQ,Pacer Trendpilot 100 ETF,1
PTNT,Corgi IP Licensing & Royalties ETF,1
PTON,Peloton Interactive,0
PTOR,Praetorian Acquisition,0
PTORU,Praetorian Acquisition,0
PTORW,Praetorian Acquisition,0
PTRB,PGIM Total Return Bond ETF,1
PTRN,Pattern,0
PTY,Pimco Corporate & Income Opport,0
PUBM,PubMatic,0
PUI,Invesco Dorsey W,1
PUK,Prudential Public,0
PUL,GraniteShares 2x Long P Daily ETF,1
PULM,Pulmatrix,0
PULS,PGIM Ultra Short Bond ETF,1
PUMP,ProPetro,0
PUR,Defiance Daily Target 2X Long PURR ETF,1
PURR,Hyperliquid Strategies,0
PUSA,Aureus Greenway,0
PUSH,PGIM Ultra Short Municipal Bond ETF,1
PVAL,Putnam Focused Large Cap Value ETF,1
PVEX,TrueShares ConVex Protect ETF,1
PVH,PVH,0
PVI,Invesco Floating Rate Municipal Income ETF,1
PVL,Permianville Royalty Trust,0
PVLA,Palvella Therapeutics,0
PW,Power REIT (MD),0
PWB,Invesco Large Cap Growth ETF,1
PWCM,PowerCompute,0
PWER,Nomura Energy Transition ETF,1
PWP,Perella Weinberg Partners,0
PWR,Quanta Services,0
PWRD,TCW Transform Systems ETF,1
PWRL,Powerlaw,0
PWRZ,TrueShares Eagle Global Renewable Energy Income ETF,1
PWS,Pacer WealthShield ETF,1
PWV,Invesco Large Cap Value ETF,1
PWZ,Invesco California AMT-Free Municipal Bond Portfolio,1
PXE,Invesco Energy Exploration & Production ETF,1
PXED,Phoenix Education Partners,0
PXF,Invesco RAFI Developed Markets ex-U.S. ETF,1
PXH,Invesco RAFI Emerging Markets ETF,1
PXI,Invesco Dorsey W,1
PXJ,Invesco Oil & Gas Services ETF,1
PXLW,Pixelworks,0
PXS,Pyxis Tankers,0
PY,Principal Value ETF,1
PYLD,PIMCO Multisector Bond Active Exchange-Traded Fund,1
PYPD,PolyPid,0
PYPG,Leverage Shares 2X Long PYPL Daily ETF,1
PYPL,PayPal,0
PYPU,Direxion Daily PYPL Bull 2X ETF,1
PYPY,YieldMax PYPL Option Income Strategy ETF,1
PYT,PPlus Tr GSC-2 Tr Ctf Fltg Rate,0
PYXS,Pyxis Oncology,0
PYZ,Invesco Dorsey W,1
PZA,Invesco National AMT-Free Municipal Bond ETFo,1
PZG,Paramount Gold Nevada,0
PZIV,Pzena International Value ETF,1
PZLV,Pzena U.S. Large Cap Value ETF,1
PZT,Invesco New York AMT-Free Municipal Bond ETF,1
PZZA,Papa John's International,0
Q,Qnity Electronics,0
QABA,First Trust NASDAQ ABA Comm,1
QADR,QDRO Acquisition,0
QADRU,QDRO Acquisition,0
QADRW,QDRO Acquisition,0
QAI,NYLI Hedge Multi-Strategy Tracker ETF,1
QALT,SEI DBi Multi-Strategy Alternative ETF,1
QARP,Xtrackers Russell 1000 US Quality at a Reasonable Price ETF ETF,1
QAT,iShares MSCI Qatar ETF,1
QB,ProShares Nasdaq-100 Dynamic Buffer ETF,1
QBER,TrueShares Quarterly Bear Hedge ETF,1
QBF,Innovator Uncapped Bitcoin 20 Floor ETF - Quarterly,1
QBIF,AllianzIM International Equity Buffer15 ETF,1
QBIG,Invesco Top QQQ ETF,1
QBIV,AllianzIM International Equity Buffer5 ETF,1
QBKF,AllianzIM U.S. Small Cap Buffer15 ETF,1
QBKV,AllianzIM U.S. Small Cap Buffer5 ETF,1
QBQF,AllianzIM Growth-100 Buffer15 ETF,1
QBQV,AllianzIM Growth-100 Buffer5 ETF,1
QBSF,AllianzIM U.S. Equity Buffer15 ETF,1
QBSV,AllianzIM U.S Equity Buffer5 ETF,1
QBTS,D-Wave Quantum,0
QBTX,Tradr 2X Long QBTS Daily ETF,1
QBTZ,Defiance Daily Target 2x Short QBTS ETF,1
QBUF,Innovator Nasdaq-100 10 Buffer ETF Quarterly,1
QBUL,TrueShares Quarterly Bull Hedge ETF,1
QBY,GraniteShares YieldBoost QBTS ETF,1
QCAP,FT Vest Nasdaq-100 Conservative Buffer ETF - April,1
QCJA,FT Vest Nasdaq-100 Conservative Buffer ETF - January,1
QCJL,FT Vest Nasdaq-100 Conservative Buffer ETF - July,1
QCLN,First Trust NASDAQ Clean Edge Green Energy Index Fund,1
QCLR,Global X NASDAQ 100 Collar 95-110 ETF,1
QCLS,Q/C Technologies,0
QCMD,Direxion Daily QCOM Bear 1X ETF,1
QCML,GraniteShares 2x Long QCOM Daily ETF,1
QCMU,Direxion Daily QCOM Bull 2X ETF,1
QCOC,FT Vest Nasdaq-100 Conservative Buffer ETF - October,1
QCOM,QUALCOMM,0
QCRH,QCR,0
QDEC,FT Vest Nasdaq-100 Buffer ETF - December,1
QDEF,FlexShares Quality Dividend Defensive Index Fund,1
QDEL,QuidelOrtho,0
QDF,FlexShares Quality Dividend Index Fund,1
QDIV,Global X S&P 500 Quality Dividend ETF,1
QDPL,Pacer Metaurus US Large Cap Dividend Multiplier 400 ETF,1
QDTE,Roundhill Innovation-100 0DTE Covered Call Strategy ETF,1
QDTY,YieldMax Nasdaq 100 0DTE Covered Call Strategy ETF,1
QDVO,Amplify CWP Growth & Income ETF,1
QEFA,State Street SPDR MSCI EAFE StrategicFactors ETF,1
QEMM,State Street SPDR MSCI Emerging Markets StrategicFactors ETF,1
QETA,Quetta Acquisition,0
QETAR,Quetta Acquisition,0
QETAU,Quetta Acquisition,0
QETH,Invesco Galaxy Ethereum ETF,1
QEW,Invesco QQQ Equal Weight ETF,1
QFF,Qualivian Focus Fund ETF,1
QFHD,Pacer S&P 500 Quality FCF High Dividend ETF,1
QFIN,Qfin,0
QFLR,Innovator Nasdaq-100 Managed Floor ETF,1
QFRD,Pacer S&P 500 Quality FCF R&D Leaders,1
QGEN,Qiagen N.V,0
QGRD,Horizon Nasdaq-100 Defined Risk ETF,1
QGRO,American Century U.S. Quality Growth ETF,1
QGRW,WisdomTree U.S. Quality Growth Fund,1
QH,Quhuo,0
QHY,WisdomTree U.S. High Yield Corporate Bond Fund,1
QID,ProShares UltraShort QQQ,1
QIDX,Indexperts Quality Earnings Focused ETF,1
QIG,WisdomTree U.S. Corporate Bond Fund,1
QINT,American Century Quality Diversified International ETF,1
QIS,Simplify Multi-QIS Alternative ETF,1
QJL,Corgi Growth & Technology 10% Structured Buffer ETF - July Series,1
QJN,Corgi Growth & Technology 10% Structured Buffer ETF - June Series,1
QJUN,FT Vest Nasdaq-100 Buffer ETF - June,1
QLC,FlexShares US Quality Large Cap Index Fund,1
QLD,ProShares Ultra QQQ,1
QLDY,Defiance Nasdaq 100 LightningSpread Income ETF,1
QLEP,Quantum Leap Acquisition,0
QLTA,iShares Aaa A Rated Corporate Bond ETF,1
QLTI,GMO International Quality ETF,1
QLTY,GMO U.S. Quality ETF,1
QLV,FlexShares US Quality Low Volatility Index Fund,1
QLVD,FlexShares Developed Markets ex-US Quality Low Volatility Index Fund,1
QLVE,FlexShares Emerging Markets Quality Low Volatility Index Fund,1
QLYS,Qualys,0
QMAG,FT Vest Nasdaq-100 Moderate Buffer ETF - August,1
QMAR,FT Vest Nasdaq-100 Buffer ETF - March,1
QMCO,Quantum,0
QMFE,FT Vest Nasdaq-100 Moderate Buffer ETF - February,1
QMID,WisdomTree U.S. MidCap Quality Growth Fund,1
QMLS,QumulusAI,0
QMMM,QMMM,0
QMMY,FT Vest Nasdaq-100 Moderate Buffer ETF - May,1
QMNV,FT Vest Nasdaq-100 Moderate Buffer ETF - November,1
QMOM,Alpha Architect U.S. Quantitative Momentum ETF,1
QMY,Corgi Growth & Technology 10% Structured Buffer ETF - May Series,1
QNC,Quantum eMotion,0
QNCX,Quince Therapeutics,0
QNDX,State Street SPDR Portfolio Nasdaq 100 ETF,1
QNRX,Quoin Pharmaceuticals,0
QNST,QuinStreet,0
QNT,Quantinuum,0
QNTM,Quantum Biopharma Ltd. - Class B Subordinate Voting Shares,0
QNTU,Tradr 2X Long QNT Daily ETF,1
QNXT,iShares Nasdaq-100 ex Top 30 ETF,1
QOWZ,Invesco Nasdaq Free Cash Flow Achievers ETF,1
QPUX,Defiance 2X Daily Long Pure Quantum ETF,1
QPX,AdvisorShares Q Dynamic Growth ETF,1
QQA,Invesco QQQ Income Advantage ETF,1
QQDN,ProShares UltraShort QQQ Mega,1
QQEW,First Trust Nasdaq-100 Select Equal Weight ETF,1
QQH,HCM Defender 100 Index ETF,1
QQHG,Invesco QQQ Hedged Advantage ETF,1
QQJL,Corgi Growth & Technology 15% Structured Buffer ETF - July Series,1
QQJN,Corgi Growth & Technology 15% Structured Buffer ETF - June Series,1
QQLV,Invesco QQQ Low Volatility ETF,1
QQMG,Invesco ESG NASDAQ 100 ETF,1
QQMY,Corgi Growth & Technology 15% Structured Buffer ETF - May Series,1
QQQ,"Invesco QQQ Trust, Series 1",1
QQQA,ProShares Nasdaq-100 Dorsey W,1
QQQD,Direxion Daily Magnificent 7 Bear 1X ETF,1
QQQE,Direxion NASDAQ-100 Equal Weighted Index ETF,1
QQQG,Pacer Nasdaq 100 Top 50 Cash Cows Growth Leaders ETF,1
QQQH,NEOS Nasdaq-100 Hedged Equity Income ETF,1
QQQI,NEOS Nasdaq 100 High Income ETF,1
QQQJ,Invesco NASDAQ Next Gen 100 ETF,1
QQQM,Invesco NASDAQ 100 ETF,1
QQQP,Tradr 2X Long Innovation 100 Quarterly ETF,1
QQQS,Invesco NASDAQ Future Gen 200 ETF,1
QQQT,Defiance Nasdaq 100 Income Target ETF,1
QQQU,Direxion Daily Magnificent 7 Bull 2X ETF,1
QQQX,Nuveen NASDAQ 100 Dynamic Overwrite Fund - Closed End Fund,0
QQQY,Defiance Nasdaq 100 Weekly Distribution ETF,1
QQUP,ProShares Ultra QQQ Mega,1
QQWZ,Pacer Cash COWZ 100-Nasdaq 100 Rotator ETF,1
QQXL,ProShares Ultra QQQ Top 30,1
QQXT,First Trust NASDAQ-100 Ex-Technology Sector Index Fund,1
QRED,QuasarEdge Acquisition,0
QRHC,Quest Resource,0
QRMI,Global X NASDAQ 100 Risk Managed Income ETF,1
QRVO,Qorvo,0
QS,QuantumScape,0
QSEA,Quartzsea Acquisition,0
QSEAR,Quartzsea Acquisition,0
QSEAU,Quartzsea Acquisition,0
QSI,Quantum-Si,0
QSIG,WisdomTree U.S. Short Term Corporate Bond Fund,1
QSIX,Pacer Metaurus Nasdaq 100 Dividend Multiplier 600 ETF,1
QSML,WisdomTree U.S. SmallCap Quality Growth Fund,1
QSOL,Invesco Galaxy Solana ETF,1
QSPT,FT Vest Nasdaq-100 Buffer ETF - September,1
QSR,Restaurant Brands International,0
QSU,Defiance Daily Target 2X Long QS ETF,1
QTAC,Q3 All-Season Tactical Advantage ETF,1
QTAP,Innovator Growth Accelerated Plus ETF - April,1
QTEC,First Trust NASDAQ-100-Technology Sector Index Fund,1
QTEX,QTREX Quantum,0
QTI,QT Imaging,0
QTJA,Innovator Growth Accelerated Plus ETF - January,1
QTJL,Innovator Growth Accelerated Plus ETF - July,1
QTOC,Innovator Growth Accelerated Plus ETF - October,1
QTOP,iShares Nasdaq Top 30 Stocks ETF,1
QTPI,North Square RCIM Tax-Advantaged Preferred and Income Securities ETF,1
QTR,Global X NASDAQ 100 Tail Risk ETF,1
QTRX,Quanterix,0
QTTB,Q32 Bio,0
QTUM,Defiance Quantum ETF,1
QTUP,Defiance Long Pure Quantum ETF,1
QTWO,,0
QUA,Corgi QBTS 2x Daily ETF,1
QUAD,Quad Graphics,0
QUAL,iShares MSCI USA Quality Factor ETF,1
QUBT,Quantum Computing,0
QUBX,Tradr 2X Long QUBT Daily ETF,1
QUCY,Quantum Cyber N.V,0
QUIK,QuickLogic,0
QUIZ,Zacks Quality International ETF,1
QULL,ETRACS 2x Leveraged MSCI US Quality Factor TR ETN,1
QUMS,Quantumsphere Acquisition,0
QUMSR,Quantumsphere Acquisition,0
QUMSU,Quantumsphere Acquisition,0
QURE,uniQure N.V,0
QUS,State Street SPDR MSCI USA StrategicFactors ETF,1
QUSA,VistaShares Target 15 USA Quality Income ETF,1
QVAL,Alpha Architect U.S. Quantitative Value ETF,1
QVML,Invesco S&P 500 QVM Multi-factor ETF,1
QVMM,Invesco S&P MidCap 400 QVM Multi-factor ETF,1
QVMS,Invesco S&P SmallCap 600 QVM Multi-factor ETF,1
QVMT,Invesco S&P 500 Concentrated QVM ETF,1
QVOL,Infrastructure Capital Nasdaq Option Income ETF,1
QVOY,Q3 Active Rotation ETF,1
QWLD,State Street SPDR MSCI World StrategicFactors ETF,1
QXL,Quantum X Labs,0
QXO,QXO,0
QXQ,SGI Enhanced Nasdaq-100 ETF,1
QYLD,Global X NASDAQ 100 Covered Call ETF,1
QYLG,Global X Nasdaq 100 Covered Call & Growth ETF,1
R,Ryder System,0
RA,Brookfield Real Assets Income Fund,0
RAA,SMI 3Fourteen REAL Asset Allocation ETF,1
RAAA,Reckoner Yield Enhanced AAA CLO ETF,1
RAAR,Reckoner Yield Enhanced AAA CLO Reinvesting ETF,1
RAAX,VanEck Real Assets ETF,1
RAAY,Reckoner Yield Enhanced AAA CLO Annual ETF,1
RAC,Rithm Acquisition,0
RACC,Research Alliance Corporation III,0
RACD,Research Alliance Corporation IV,0
RACE,Ferrari N.V,0
RACK,VanEck Data Center Supply Chain ETF,1
RADX,Radiopharm Theranostics,0
RAFE,PIMCO RAFI ESG U.S. ETF,1
RAIL,Freightcar America,0
RAIN,Rain Enhancement Technologies Holdco,0
RAINW,Rain Enhancement Technologies Holdco,0
RAL,Ralliant,0
RAM,Roundhill T-REX 2X Long DRAM Daily Target ETF,1
RAML,Leverage Shares 2X Long Memory Daily ETF,1
RAMP,LiveRamp,0
RAMZ,T-REX 2X Inverse DRAM Daily Target ETF,1
RAND,Rand Capital Corporation - Closed End Fund,0
RANG,Range Capital Acquisition,0
RANGR,Range Capital Acquisition,0
RANGU,Range Capital Acquisition,0
RANI,Rani Therapeutics,0
RANK,Defiance KSM TipRanks Analyst ETF,1
RAPP,Rapport Therapeutics,0
RARE,Ultragenyx Pharmaceutical,0
RAUS,RACWI US ETF,1
RAVE,Rave Restaurant,0
RAVI,FlexShares Ultra-Short Income Fund,1
RAY,Raytech,0
RAYA,Erayak Power Solution,0
RB,ProShares Russell 2000 Dynamic Buffer ETF,1
RBA,RB Global,0
RBB,RBB Bancorp,0
RBBN,Ribbon Communications,0
RBC,RBC Bearings,0
RBCAA,Republic Bancorp,0
RBIL,F/m Ultrashort Treasury Inflation-Protected Security (TIPS) ETF,1
RBKB,Rhinebeck Bancorp,0
RBLD,First Trust Alerian US NextGen Infrastructure ETF,1
RBLU,T-REX 2X Long RBLX Daily Target ETF,1
RBLX,Roblox,0
RBLY,YieldMax RBLX Option Income Strategy ETF,1
RBNE,Robin Energy,0
RBRK,Rubrik,0
RBUF,Innovator U.S. Small Cap 10 Buffer ETF - Quarterly,1
RC,Ready Capital,0
RCAT,Red Cat,0
RCAX,Defiance Daily Target 2x Long RCAT ETF,1
RCD,Ready Capital Corporation 9.00% Senior,0
RCEL,Avita Medical,0
RCG,RENN Fund,0
RCGE,RockCreek Global Equality ETF,1
RCI,Rogers Communication,0
RCKT,Rocket Pharmaceuticals,0
RCKTW,Rocket Pharmaceuticals,0
RCKY,Rocky Brands,0
RCL,Royal Caribbean Cruises,0
RCLO,Reckoner BBB-B CLO ETF,1
RCLR,Reckoner BBB-B CLO Reinvesting ETF,1
RCLY,Reckoner BBB-B CLO Annual ETF,1
RCMT,RCM Technologies,0
RCON,Recon Technology,0
RCS,PIMCO Strategic Income Fund,0
RCT,RedCloud,0
RCTR,First Trust Bloomberg Nuclear Power ETF,1
RCUS,Arcus Biosciences,0
RDAC,Rising Dragon Acquisition,0
RDACR,Rising Dragon Acquisition,0
RDACU,Rising Dragon Acquisition,0
RDAG,Republic Digital Acquisition,0
RDAGU,Republic Digital Acquisition,0
RDAGW,Republic Digital Acquisition,0
RDCM,Radcom,0
RDDC,Corgi RDDT 2x Daily ETF,1
RDDT,Reddit,0
RDFI,Rareview Dynamic Fixed Income ETF,1
RDGT,Ridgetech,0
RDHL,Redhill Biopharma,0
RDI,Reading International Inc - Class A Non-voting,0
RDIB,Reading International Inc - Class B Voting,0
RDIV,Invesco S&P Ultra Dividend Revenue ETF,1
RDN,Radian,0
RDNT,RadNet,0
RDNW,RideNow,0
RDOG,ALPS REIT Dividend Dogs ETF,1
RDTE,Roundhill Russell 2000 0DTE Covered Call Strategy ETF,1
RDTL,GraniteShares 2x Long RDDT Daily ETF,1
RDTY,YieldMax R2000 0DTE Covered Strategy ETF,1
RDVI,FT Vest Rising Dividend Achievers Target Income ETF,1
RDVT,Red Violet,0
RDVY,First Trust Rising Dividend Achievers ETF,1
RDW,Redwire,0
RDWR,Radware,0
RDWU,T-REX 2X Long RDW Daily Target ETF,1
RDY,Dr. Reddy's Laboratories,0
RDYY,YieldMax RDDT Option Income Strategy ETF,1
RDZN,Roadzen,0
RDZNW,Roadzen,0
REA,Rare Earths Americas,0
REAI,Intelligent Real Estate ETF,1
REAL,The RealReal,0
REAX,The Real Brokerage,0
REBN,Reborn Coffee,0
RECI,Columbia Research Enhanced Core Premium Income ETF,1
RECS,Columbia Research Enhanced Core ETF,1
RECT,Rectitude,0
REED,Reed's,0
REET,iShares Global REIT ETF,1
REF,Reformation,0
REFA,Columbia Research Enhanced International Equity ETF,1
REFI,Chicago Atlantic Real Estate Finance,0
REFR,Research Frontiers,0
REG,Regency Centers,0
REGCO,Regency Centers Corporation - 5.875% Series B Cumulative Redeemable,0
REGCP,Regency Centers Corporation - 6.25% Series A Cumulative Redeemable,0
REGL,ProShares S&P MidCap 400 Dividend Aristocrats ETF,1
REGN,Regeneron Pharmaceuticals,0
REGS,Columbia Large Cap Growth ETF,1
REI,Ring Energy,0
REIT,ALPS Active REIT ETF,1
REK,ProShares Short Real Estate,1
REKR,Rekor Systems,0
RELL,Richardson Electronics,0
RELX,RELX,0
RELY,Remitly Global,0
REM,iShares Mortgage Real Estate ETF,1
REMC,Columbia Research Enhanced Mid Cap ETF,1
REMG,Russell Investments Emerging Markets Equity ETF,1
REMX,VanEck Rare Earth and Strategic Metals ETF,1
RENT,Rent the Runway,0
RENX,RenX Enterprises,0
REPL,Replimune,0
REPX,Riley Exploration Permian,0
RERE,ATRenew,0
RES,RPC,0
RESM,Columbia Research Enhanced Small Cap ETF,1
RETL,Direxion Daily Retail Bull 3X ETF,1
RETO,"ReTo Eco-Solutions, Inc. - Class A Shares",0
REVB,Revelation Biosciences,0
REVBW,Revelation Biosciences,0
REVS,Columbia Research Enhanced Value ETF,1
REW,ProShares UltraShort Technology,1
REX,REX American Resources,0
REXC,Sprott Rare Earths Ex-China ETF,1
REXR,Rexford Industrial Realty,0
REYN,Reynolds Consumer Products,0
REZ,iShares Residential and Multisector Real Estate ETF,1
REZI,Resideo Technologies,0
RF,Regions Financial,0
RFAI,RF Acquisition Corp II,0
RFAIR,RF Acquisition Corp II,0
RFAIU,RF Acquisition Corp II,0
RFAM,RF Acquisition Corp III,0
RFAMR,RF Acquisition Corp III,0
RFAMU,RF Acquisition Corp III,0
RFCI,ALPS Dynamic Core Income ETF,1
RFDA,ALPS Dynamic US Dividend Advantage ETF,1
RFDI,First Trust RiverFront Dynamic Developed International ETF,1
RFEM,First Trust RiverFront Dynamic Emerging Markets ETF,1
RFFC,ALPS Active Equity Opport,1
RFG,Invesco S&P MidCap 400 Pure Growth ETF,1
RFI,Cohen & Steers Total Return Realty Fund,0
RFIL,RF Industries,0
RFIX,Simplify Bond Bull ETF,1
RFL,Rafael,0
RFLR,Innovator U.S. Small Cap Managed Floor ETF,1
RFM,RiverNorth Flexible Municipal Income Fund,0
RFMZ,RiverNorth Flexible Municipal Income Fund II,0
RFV,Invesco S&P MidCap 400 Pure Value ETF,1
RGA,Reinsurance Group of America,0
RGC,Regencell Bioscience,0
RGCO,RGC Resources,0
RGEF,Rockefeller Global Equity ETF,1
RGEN,Repligen,0
RGLD,Royal Gold,0
RGLO,Russell Investments Global Equity ETF,1
RGNT,Regentis Biomaterials,0
RGNX,REGENXBIO,0
RGP,Resources Connection,0
RGR,"Sturm, Ruger &",0
RGS,Regis,0
RGT,Royce Global Trust,0
RGTC,Corgi RGTI 2x Daily ETF,1
RGTI,Rigetti Computing,0
RGTIW,"Rigetti Computing, Inc. - Redeemable",0
RGTU,Tradr 2X Long RGTI Daily ETF,1
RGTX,Defiance Daily Target 2X Long RGTI ETF,1
RGTZ,Defiance Daily Target 2x Short RGTI ETF,1
RGYY,GraniteShares YieldBoost RGTI ETF,1
RH,,0
RHI,Robert Half,0
RHLD,Resolute Holdings Management,0
RHP,"Ryman Hospitality Properties, Inc. (REIT)",0
RHRX,RH Tactical Rotation ETF,1
RHTX,RH Tactical Outlook ETF,1
RIBB,Ribbon Acquisition,0
RIBBR,Ribbon Acquisition,0
RIBBU,Ribbon Acquisition,0
RICK,RCI Hospitality,0
RIET,Hoya Capital High Dividend Yield ETF,1
RIFR,Russell Investments Global Infrastructure ETF,1
RIG,Transocean Ltd (Switzerland),0
RIGL,Rigel Pharmaceuticals,0
RIGS,ALPS Strategic Income Fund,1
RILA,Indexperts Gorilla Aggressive Growth ETF,1
RILY,BRC,0
RILYG,"BRC Group Holdings, Inc. - 5.00% Senior",0
RILYL,BRC,0
RILYN,"BRC Group Holdings, Inc. - 6.50% Senior",0
RILYP,BRC,0
RILYT,"BRC Group Holdings, Inc. - 6.00% Senior",0
RILYZ,"BRC Group Holdings, Inc. - 5.25% Senior",0
RIME,Algorhythm,0
RINF,ProShares Inflation Expectations ETF,1
RING,iShares MSCI Global Gold Miners ETF,1
RINT,Russell Investments International Developed Equity ETF,1
RIO,Rio Tinto,0
RIOT,Riot Platforms,0
RIOX,Defiance Daily Target 2X Long RIOT ETF,1
RISE,Pictet Emerging Markets Rising Economies ETF,1
RISN,Inspire Capital Appreciation ETF,1
RISR,FolioBeyond Alternative Income and Interest Rate Hedge ETF,1
RITA,ETFB Green SRI REITs ETF,1
RITM,Rithm Capital,0
RITR,Reitar Logtech,0
RIV,RiverNorth Opport,0
RIVC,Corgi RIVN 2x Daily ETF,1
RIVN,Rivian Automotive,0
RIZE,Principal Inflation Protection ETF,1
RJCA,RJ ClariVest Capital Appreciation ETF,1
RJDI,RJ Eagle GCM Dividend Select Income ETF,1
RJET,Republic Airways,0
RJF,Raymond James Financial,0
RJMI,RJ Eagle Municipal Income ETF,1
RJVI,RJ Eagle Vertical Income ETF,1
RKDA,Arcadia Biosciences,0
RKLB,Rocket Lab,0
RKLX,Defiance Daily Target 2X Long RKLB ETF,1
RKLZ,Defiance Daily Target 2x Short RKLB ETF,1
RKNG,Defiance Retail Kings ETF,1
RKSG,Ruk Strategic Growth ETF,1
RKT,Rocket Companies,0
RKTL,Defiance Daily Target 2X Long RKT ETF,1
RKTO,Rocket One,0
RKX,Corgi RKLB 2x Daily ETF,1
RL,Ralph Lauren,0
RLAY,Relay Therapeutics,0
RLGT,Radiant Logistics,0
RLI,RLI,0
RLJ,RLJ Lodging Trust,0
RLMD,Relmada Therapeutics,0
RLTY,Cohen & Steers Real Estate Opport,0
RLX,RLX Technology,0
RLY,State Street Multi-Asset Real Return ETF,1
RLYB,Rallybio,0
RM,Regional Management,0
RMAX,RE/MAX,0
RMBC,Corgi RMBS 2x Daily ETF,1
RMBI,Richmond Mutual Bancorporation,0
RMBS,Rambus,0
RMBX,Tradr 2X Long RMBS Daily ETF,1
RMCA,Rockefeller California Municipal Bond ETF,1
RMCF,Rocky Mountain Chocolate Factory,0
RMCO,Royalty Management,0
RMCOW,Royalty Management,0
RMD,ResMed,0
RMHY,Global X Adaptive Risk Managed Yield ETF,1
RMI,RiverNorth Opportunistic Municipal Income Fund,0
RMIX,Suncrete,0
RMM,RiverNorth Managed Duration Municipal Income Fund,0
RMME,Rareview Government Money Market ETF,1
RMMZ,RiverNorth Managed Duration Municipal Income Fund II,0
RMNI,Rimini Street,0
RMNY,Rockefeller New York Municipal Bond ETF,1
RMOP,Rockefeller Opportunistic Municipal Bond ETF,1
RMR,The RMR,0
RMRC,ARMOR Core Risk-Managed ETF,1
RMSG,Real Messenger,0
RMSGW,Real Messenger,0
RMT,Royce Micro-Cap Trust,0
RMTI,Rockwell Medical,0
RNA,Atrium Therapeutics,0
RNAC,Cartesian Therapeutics,0
RNAZ,TransCode Therapeutics,0
RND,First Trust Bloomberg R&D Leaders ETF,1
RNEM,Emerging Markets Equity Select ETF,1
RNG,RingCentral,0
RNGR,Ranger Energy Services,0
RNGT,Range Capital Acquisition Corp II,0
RNGTU,Range Capital Acquisition Corp II,0
RNGTW,Range Capital Acquisition Corp II,0
RNIN,Bushido Capital US SMID Cap Equity ETF,1
RNMN,RiverNorth Market Neutral ETF,1
RNP,Cohen & Steers REIT and Preferred and Income Fund,0
RNR,RenaissanceRe,0
RNRG,Global X Renewable Energy Producers ETF,1
RNST,Renasant,0
RNTX,Rein Therapeutics,0
RNTY,YieldMax Target 12 Real Estate Option Income ETF,1
RNW,ReNew Energy Global plc - Class A Shares,0
RNWWW,ReNew Energy Global,0
RNXT,RenovoRx,0
ROAD,Construction Partners,0
ROAM,Hartford Multifactor Emerging Markets ETF,1
ROBN,T-Rex 2X Long HOOD Daily Target ETF,1
ROBO,ROBO Global Robotics and Automation Index ETF,1
ROBT,First Trust Nasdaq Artificial Intelligence and Robotics ETF,1
ROC,Rank One Computing,0
ROCK,Gibraltar Industries,0
ROCQ,JPMorgan Nasdaq Equity Premium Yield ETF,1
ROCY,JPMorgan Equity Premium Yield ETF,1
RODM,Hartford Multifactor Developed Markets (ex-US) ETF,1
ROE,Astoria US Equal Weight Quality Kings ETF,1
ROG,Rogers,0
ROIV,Roivant Sciences,0
ROK,Rockwell Automation,0
ROKT,State Street SPDR S&P Kensho Final Frontiers ETF,1
ROKU,Roku,0
ROL,Rollins,0
ROLR,High Roller Technologies,0
ROM,ProShares Ultra Technology,1
ROMA,Roma Green Finance,0
ROMO,Strategy Shares Newfound/ReSolve Robust Momentum ETF,1
RONB,Baron First Principles ETF,1
ROOT,Root,0
ROP,Roper Technologies,0
ROPE,Coastal Compass 100 ETF,1
ROSC,Hartford Multifactor Small Cap ETF,1
ROST,Ross Stores,0
ROUS,Hartford Multifactor U.S. Equity ETF,1
RPAR,RPAR Risk Parity ETF,1
RPAY,Repay,0
RPC,Ridgepost Capital,0
RPD,Rapid7,0
RPG,Invesco S&P 500 Pure Growth ETF,1
RPGL,Republic Power,0
RPID,Rapid Micro Biosystems,0
RPM,RPM International,0
RPRX,Royalty Pharma,0
RPT,Rithm Property Trust,0
RPV,Invesco S&P 500 Pure Value ETF,1
RQI,Cohen & Steers Quality Income Realty Fund,0
RR,Richtech Robotics,0
RRBI,Red River Bancshares,0
RRC,Range Resources,0
RREV,RRE Ventures Acquisition,0
RREVU,RRE Ventures Acquisition,0
RREVW,RRE Ventures Acquisition,0
RRGB,Red Robin Gourmet Burgers,0
RRR,Red Rock Resorts,0
RRX,Regal Rexnord,0
RS,Reliance,0
RSBA,Return Stacked Bonds & Merger Arbitrage ETF,1
RSBT,Return Stacked Bonds & Managed Futures ETF,1
RSBY,Return Stacked Bonds & Futures Yield ETF,1
RSDE,FT Vest U.S. Equity Equal Weight Buffer ETF - December,1
RSEE,Rareview Systematic Equity ETF,1
RSF,RiverNorth Capital and Income Fund,0
RSG,Republic Services,0
RSI,Rush Street Interactive,0
RSIT,Return Stacked International Stocks & Managed Futures ETF,1
RSJN,FT Vest U.S. Equity Equal Weight Buffer ETF - June,1
RSKD,Riskified,0
RSMC,Rockefeller U.S. Small-Mid Cap ETF,1
RSMR,FT Vest U.S. Equity Equal Weight Buffer ETF - March,1
RSMV,Relative Strength Managed Volatility Strategy ETF,1
RSP,Invesco S&P 500 Equal Weight ETF,1
RSPA,Invesco S&P 500 Equal Weight Income Advantage ETF,1
RSPC,Invesco S&P 500 Equal Weight Communication Services ETF,1
RSPD,Invesco S&P 500 Equal Weight Consumer Discretionary ETF,1
RSPE,Invesco ESG S&P 500 Equal Weight ETF,1
RSPF,Invesco S&P 500 Equal Weight Financial ETF,1
RSPG,Invesco S&P 500 Equal Weight Energy ETF,1
RSPH,Invesco S&P 500 Equal Weight Health Care ETF,1
RSPM,Invesco S&P 500 Equal Weight Materials ETF,1
RSPN,Invesco S&P 500 Equal Weight Industrials Portfolio,1
RSPR,Invesco S&P 500 Equal Weight Real Estate ETF,1
RSPS,Invesco S&P 500 Equal Weight Consumer Staples ETF,1
RSPT,Invesco S&P 500 Equal Weight Technology ETF,1
RSPU,Invesco S&P 500 Equal Weight Utilities ETF,1
RSSB,Return Stacked Global Stocks & Bonds ETF,1
RSSE,FT Vest U.S. Equity Equal Weight Buffer ETF September,1
RSSL,Global X Russell 2000 ETF,1
RSSS,Research Solutions,0
RSST,Return Stacked U.S. Stocks & Managed Futures ETF,1
RSSX,Return Stacked U.S. Stocks & Gold/Bitcoin ETF,1
RSSY,Return Stacked U.S. Stocks & Futures Yield ETF,1
RSVR,"Reservoir Media, Inc",0
RTAC,Renatus Tactical Acquisition Corp I,0
RTACU,Renatus Tactical Acquisition Corp I,0
RTACW,Renatus Tactical Acquisition Corp I,0
RTAI,Rareview Tax Advantaged Income ETF,1
RTB,RTB Digital,0
RTH,VanEck Retail ETF,1
RTO,Rentokil Initial,0
RTOO,VistaShares Robotics Supercycle ETF,1
RTRE,Rareview Total Return Bond ETF,1
RTX,RTX,0
RTXG,Leverage Shares 2X Long RTX Daily ETF,1
RTYY,GraniteShares YieldBoost RIOT ETF,1
RUBI,Rubico,0
RULE,Adaptive Core ETF,1
RUM,RUM,0
RUMBW,RUM,0
RUN,Sunrun,0
RUNN,Running Oak Efficient Growth ETF,1
RUSC,Russell Investments U.S. Small Cap Equity ETF,1
RUSHA,Rush Enterprises,0
RUSHB,Rush Enterprises,0
RVER,Trenchless Fund ETF,1
RVI,Robinhood Ventures Fund I,0
RVLV,Revolve,0
RVMD,Revolution Medicines,0
RVMDW,Revolution Medicines,0
RVNL,GraniteShares 2x Long RIVN Daily ETF,1
RVNU,Xtrackers Municipal Infrastructure Revenue Bond ETF,1
RVP,Retractable Technologies,0
RVSB,Riverview Bancorp,0
RVSN,Rail Vision,0
RVSNW,Rail Vision,0
RVT,Royce Small-Cap Trust,0
RVTY,Revvity,0
RW,Rainwater Equity ETF,1
RWAY,Runway Growth Finance,0
RWAYI,Runway Growth Finance Corp. - 7.25%,0
RWAYL,Runway Growth Finance Corp. - 7.50%,0
RWEM,Rayliant Wilshire NxtGen Emerging Markets Equity ETF,1
RWIN,Rayliant NxtGen Multifactor International Equity ETF,1
RWJ,Invesco S&P SmallCap 600 Revenue ETF,1
RWK,Invesco S&P MidCap 400 Revenue ETF,1
RWL,Invesco S&P 500 Revenue ETF,1
RWLC,Rayliant Wilshire NxtGen US Large Cap Equity ETF,1
RWM,ProShares Short Russell2000,1
RWO,State Street SPDR Dow Jones Global Real Estate ETF,1
RWR,State Street SPDR Dow Jones REIT ETF,1
RWT,Redwood Trust,0
RWTN,"Redwood Trust, Inc. 9.125% Senior",0
RWTO,"Redwood Trust, Inc. 9.00% Senior",0
RWTP,"Redwood Trust, Inc. 9.125% Senior",0
RWTQ,"Redwood Trust, Inc. 9.500% Senior",0
RWTS,"Redwood Trust, Inc. 9.75% Senior",0
RWX,State Street SPDR Dow Jones International Real Estate ETF,1
RXD,ProShares UltraShort Health Care,1
RXI,iShares Global Consumer Discretionary ETF,1
RXL,ProShares Ultra Health Care,1
RXO,RXO,0
RXRX,Recursion Pharmaceuticals,0
RXST,RxSight,0
RXT,Rackspace Technology,0
RY,Royal Bank Of Canada,0
RYAAY,Ryanair,0
RYAM,Rayonier Advanced Materials,0
RYAN,Ryan Specialty,0
RYDE,Ryde,0
RYET,Ruanyun Edai Technology,0
RYLD,Global X Russell 2000 Covered Call ETF,1
RYLG,Global X Russell 2000 Covered Call & Growth ETF,1
RYM,RYTHM,0
RYN,Rayonier Inc. REIT,0
RYOJ,rYojbaba,0
RYTM,Rhythm Pharmaceuticals,0
RYZ,Ryerson,0
RZC,"Reinsurance Group of America, Incorporated 7.125% Fixed-Rate Reset Subordinated Debentures due 2052",0
RZG,Invesco S&P SmallCap 600 Pure Growth ETF,1
RZLT,Rezolute,0
RZLV,Rezolve AI,0
RZLVW,Rezolve AI,0
RZV,Invesco S&P SmallCap 600 Pure Value ETF,1
S,SentinelOne,0
SA,Seabridge Gold,0
SAA,ProShares Ultra SmallCap600,1
SAAQ,Space Asset Acquisition,0
SAAQU,Space Asset Acquisition,0
SAAQW,Space Asset Acquisition,0
SABA,Saba Capital Income & Opport,0
SABR,Sabre,0
SABS,SAB Biotherapeutics,0
SABSW,SAB Biotherapeutics,0
SAC,Safeguard Acquisition,0
SACH,Sachem Capital,0
SAFE,Safehold Inc. New,0
SAFT,Safety Insurance,0
SAFX,XCF Global,0
SAGP,Strategas Global Policy Opport,1
SAGT,SAGTEC GLOBAL,0
SAGU,Shreya Acquisition,0
SAH,Sonic Automotive,0
SAIA,Saia,0
SAIC,Science Applications International,0
SAIH,SAIHEAT,0
SAIHW,SAIHEAT,0
SAIL,SailPoint,0
SAJ,Saratoga Investment Corp 8.00%,0
SAM,"Boston Beer Company, Inc. (The)",0
SAMG,Silvercrest Asset Management,0
SAMM,Strategas Macro Momentum ETF,1
SAMT,Strategas Macro Thematic Opport,1
SAN,"Banco Santander, S.A. Sponsored ADR (Spain)",0
SANA,Sana Biotechnology,0
SANG,Sangoma Technologies,0
SANM,Sanmina,0
SAP,SAP SE ADS,0
SAPH,SAP SE ADRhedged,1
SAR,Saratoga Investment Corp New,0
SARK,Tradr 1X Short Innovation Daily ETF,1
SARO,StandardAero,0
SASS,M.D. Sass Concentrated Value ETF,1
SAT,Saratoga Investment Corp 6.00%,0
SATA,"Strive, Inc. - Variable Rate Series A Perpetual",0
SATL,Satellogic,0
SATLW,Satellogic,0
SATO,Invesco Alerian Galaxy Crypto Economy ETF,1
SAUG,FT Vest U.S. Small Cap Moderate Buffer ETF - August,1
SAV,Saratoga Investment Corp 7.50%,0
SAWG,AAM Sawgrass US Large Cap Quality Growth ETF,1
SAWS,AAM Sawgrass US Small Cap Quality Growth ETF,1
SAY,Saratoga Investment Corp 8.125%,0
SAZ,Saratoga Investment Corp 8.50%,0
SB,Safe Bulkers,0
SBAC,SBA Communications,0
SBAR,Simplify Barrier Income ETF,1
SBB,ProShares Short SmallCap600,1
SBC,SBC Medical,0
SBCF,Seacoast Banking Corporation of Florida,0
SBCWW,SBC Medical,0
SBET,Sharplink,0
SBEV,"Splash Beverage Group, Inc. (NV)",0
SBFG,SB Financial,0
SBFM,Sunshine Biopharma,0
SBFMW,Sunshine Biopharma,0
SBGI,Sinclair,0
SBH,"Sally Beauty Holdings, Inc. (Name to be changed from Sally Holdings, Inc.)",0
SBI,Western Asset Intermediate Muni Fund,0
SBIL,Simplify Government Money Market ETF,1
SBIO,ALPS Medical Breakthroughs ETF,1
SBIT,ProShares UltraShort Bitcoin ETF,1
SBLK,Star Bulk Carriers,0
SBMT,Silver Bow Mining,0
SBND,Columbia Short Duration Bond ETF,1
SBR,Sabine Royalty Trust,0
SBRA,Sabra Health Care REIT,0
SBS,Companhia de saneamento Basico Do Estado De Sao Paulo - Sabesp,0
SBSI,Southside Bancshares,0
SBSW,D/B/A Sibanye-Stillwater Limited ADS,0
SBTU,T-REX 2X Long SBET Daily Target ETF,1
SBUX,Starbucks,0
SBXD,SilverBox Corp IV,0
SBXE,SilverBox Corp V,0
SCA,GraniteShares Autocallable SMCI ETF,1
SCAG,Scage Future,0
SCAGW,Scage Future,0
SCAP,Infrastructure Capital Small Cap Income ETF,1
SCC,ProShares UltraShort Consumer Discretionary,1
SCCD,Sachem Capital Corp. 6.00%,0
SCCE,Sachem Capital Corp. 6.00%,0
SCCF,Sachem Capital Corp. 7.125%,0
SCCG,Sachem Capital Corp. 8.00%,0
SCCO,Southern Copper,0
SCCR,Schwab Core Bond ETF,1
SCD,LMP Capital and Income Fund,0
SCDL,ETRACS 2x Leveraged US Dividend Factor TR ETN,1
SCDS,JPMorgan Fundamental Data Science Small Core ETF,1
SCDV,Bahl & Gaynor Small Cap Dividend ETF,1
SCEC,Sterling Capital Enhanced Core Bond ETF,1
SCEP,Sterling Capital Hedged Equity Premium Income ETF,1
SCHA,Schwab U.S. Small-Cap ETF,1
SCHB,Schwab U.S. Broad Market ETF,1
SCHC,Schwab International Small-Cap Equity ETF,1
SCHD,Schwab US Dividend Equity ETF,1
SCHE,Schwab Emerging Markets Equity ETF,1
SCHF,Schwab International Equity ETF,1
SCHG,Schwab U.S. Large-Cap Growth ETF,1
SCHH,Schwab U.S. REIT ETF,1
SCHI,Schwab 5-10 Year Corporate Bond ETF,1
SCHJ,Schwab 1-5 Year Corporate Bond ETF,1
SCHK,Schwab 1000 Index ETF,1
SCHL,Scholastic,0
SCHM,Schwab U.S. Mid Cap ETF,1
SCHO,Schwab Short-Term U.S. Treasury ETF,1
SCHP,Schwab U.S. TIPS ETF,1
SCHQ,Schwab Long-Term U.S. Treasury ETF,1
SCHR,Schwab Intermediate-Term U.S. Treasury ETF,1
SCHV,Schwab U.S. Large-Cap Value ETF,1
SCHW,Charles Schwab Corporation (The),0
SCHX,Schwab U.S. Large-Cap ETF,1
SCHY,Schwab International Dividend Equity ETF,1
SCHZ,Schwab US Aggregate Bond ETF,1
SCI,Service Corporation International,0
SCII,SC II Acquisition,0
SCIIR,SC II Acquisition,0
SCIIU,SC II Acquisition,0
SCIO,First Trust Structured Credit Income Opport,1
SCJ,iShares MSCI Japan Sm Cap,1
SCJL,Corgi U.S. Small-Cap 15% Structured Buffer ETF - July Series,1
SCJN,Corgi U.S. Small-Cap 15% Structured Buffer ETF - June Series,1
SCKT,Socket Mobile,0
SCL,Stepan,0
SCLX,Scilex,0
SCLXW,Scilex,0
SCLZ,Swan Enhanced Dividend Income ETF,1
SCM,Stellus Capital Investment,0
SCMB,Schwab Municipal Bond ETF,1
SCMC,Sterling Capital Multi-Strategy Income ETF,1
SCMY,Corgi U.S. Small-Cap 15% Structured Buffer ETF - May Series,1
SCNI,Scinai Immunotherapeutics,0
SCNM,Sterling Capital National Municipal Bond ETF,1
SCNX,Scienture,0
SCO,ProShares UltraShort Bloomberg Crude Oil,1
SCOP,Sprott Physical Copper Trust,1
SCOR,comScore,0
SCOW,Pacer S&P SmallCap 600 Quality FCF Aristocrats ETF,1
SCPQ,Social Commerce Partners,0
SCPQU,Social Commerce Partners,0
SCPQW,Social Commerce Partners,0
SCSB,Sterling Capital Short Duration Bond ETF,1
SCSC,ScanSource,0
SCTX,Scribe Therapeutics,0
SCUB,Sterling Capital Ultra Short Bond ETF,1
SCUS,Schwab Ultra-Short Income ETF,1
SCWO,374Water,0
SCYB,Schwab High Yield Bond ETF,1
SCYX,SCYNEXIS,0
SCZ,iShares MSCI EAFE Small-Cap ETF,1
SCZM,Santacruz Silver Mining,0
SD,SandRidge Energy,0
SDA,SunCar Technology,0
SDAWW,SunCar Technology,0
SDCI,USCF SummerHaven Dynamic Commodity Strategy No K-1 Fund,1
SDCP,Virtus Newfleet Short Duration Core Plus Bond ETF,1
SDD,ProShares UltraShort SmallCap600,1
SDEM,Global X MSCI SuperDividend Emerging Markets ETF,1
SDEV,Stablecoin Development,0
SDFI,AB Short Duration Income ETF,1
SDG,iShares MSCI Global Sustainable Development Goals ETF,1
SDGR,Schrodinger,0
SDHC,Smith Douglas Homes,0
SDHI,Siddhi Acquisition,0
SDHIR,Siddhi Acquisition,0
SDHIU,Siddhi Acquisition,0
SDHY,PGIM Short Duration High Yield Opport,0
SDIV,Global X SuperDividend ETF,1
SDMF,Simplify DBi CTA Managed Futures Index ETF,1
SDOG,ALPS Sector Dividend Dogs ETF,1
SDOT,Sadot,0
SDOW,UltraPro Short Dow30,1
SDP,ProShares UltraShort Utilities,1
SDRL,Seadrill,0
SDS,ProShares UltraShort S&P500,1
SDSI,American Century Short Duration Strategic Income ETF,1
SDST,Stardust Power,0
SDSTW,Stardust Power,0
SDTY,YieldMax S&P 500 0DTE Covered Call Strategy ETF,1
SDUR,Aristotle Short Term Income ETF,1
SDVD,FT Vest SMID Rising Dividend Achievers Target Income ETF,1
SDVY,First Trust SMID Cap Rising Dividend Achievers ETF,1
SDY,State Street SPDR S&P Dividend ETF,1
SE,Sea,0
SEA,U.S. Global Sea to Sky Cargo ETF,1
SEAT,Vivid Seats,0
SEATW,Vivid Seats,0
SEB,Seaboard,0
SECR,NYLI MacKay Securitized Income ETF,1
SECT,Main Sector Rotation ETF,1
SECU,iShares Securitized Income Active ETF,1
SECZ,Securitize,0
SEDG,SolarEdge Technologies,0
SEED,Origin Agritech,0
SEEM,SEI Select Emerging Markets Equity ETF,1
SEER,Seer,0
SEF,ProShares Short Financials,1
SEG,Seaport Entertainment,0
SEGG,Sports Entertainment Gaming Global,0
SEI,Solaris Energy Infrastructure,0
SEIC,SEI Investments,0
SEIE,SEI Select International Equity ETF,1
SEIM,SEI Enhanced U.S. Large Cap Momentum Factor ETF,1
SEIQ,SEI Enhanced U.S. Large Cap Quality Factor ETF,1
SEIS,SEI Select Small Cap ETF,1
SEIV,SEI Enhanced U.S. Large Cap Value Factor ETF,1
SEIX,Virtus Seix Senior Loan ETF,1
SELF,Global Self Storage,0
SELV,SEI Enhanced Low Volatility U.S. Large Cap ETF,1
SEMG,Suncoast Select Growth ETF,1
SEMI,Columbia Select Technology ETF,1
SEMY,GraniteShares YieldBOOST Semiconductor ETF,1
SENEA,Seneca Foods,0
SENEB,Seneca Foods,0
SENS,Senseonics,0
SEPI,Shelton Equity Premium Income ETF,1
SEPM,FT Vest U.S. Equity Max Buffer ETF - September,1
SEPN,Septerna,0
SEPP,PGIM S&P 500 Buffer 12 ETF - September,1
SEPT,AllianzIM U.S. Large Cap Buffer10 Sep ETF,1
SEPU,AllianzIM U.S. Equity Buffer15 Uncapped Sep ETF,1
SEPW,AllianzIM U.S. Large Cap Buffer20 Sep ETF,1
SEPZ,TrueShares Structured Outcome (September) ETF,1
SER,Serina Therapeutics,0
SERA,Sera Prognostics,0
SERV,Serve Robotics,0
SES,SES AI,0
SETH,ProShares Short Ether ETF,1
SETM,Sprott Critical Materials ETF,1
SEUS,SEI QiM U.S. Equity Factor Allocation Active ETF,1
SEV,Aptera Motors,0
SEVN,Seven Hills Realty Trust,0
SEZL,Sezzle,0
SF,Stifel Financial,0
SFB,Stifel Financial Corporation 5.20% Senior,0
SFBC,Sound Financial Bancorp,0
SFBS,ServisFirst Bancshares,0
SFD,Smithfield Foods,0
SFEB,FT Vest U.S. Small Cap Moderate Buffer ETF - February,1
SFGV,Sequoia Global Value ETF,1
SFHG,Samfine Creation,0
SFIX,Stitch Fix,0
SFL,SFL,0
SFLO,VictoryShares Small Cap Free Cash Flow ETF,1
SFLR,Innovator Equity Managed Floor ETF,1
SFM,Sprouts Farmers Market,0
SFNC,Simmons First National,0
SFST,Southern First Bancshares,0
SFTX,Horizon International Managed Risk ETF,1
SFTY,Horizon Managed Risk ETF,1
SFWL,Shengfeng Development,0
SFY,SoFi Select 500 ETF,1
SFYF,SoFi Social 50 ETF,1
SFYI,SoFi Social 50 Income ETF,1
SG,Sweetgreen,0
SGA,Saga Communications,0
SGC,Superior Group of Companies,0
SGDJ,Sprott Junior Gold Miners ETF,1
SGDM,Sprott Gold Miners ETF,1
SGHC,Super Group (SGHC),0
SGHT,Sight Sciences,0
SGI,Somnigroup International,0
SGLC,SGI U.S. Large Cap Core ETF,1
SGLY,Singularity Future Technology,0
SGML,Sigma Lithium,0
SGMT,Sagimet Biosciences,0
SGOL,abrdn Physical Gold Shares ETF,1
SGOV,iShares 0-3 Month Treasury Bond ETF,1
SGP,SpyGlass Pharma,0
SGRT,SMART Earnings Growth 30 ETF,1
SGRW,Harbor Active Small Cap Growth ETF,1
SGRY,Surgery Partners,0
SGU,Star Group L.P,0
SGVA,F/m Accumulator Ultrashort Treasury Fund,1
SGVT,Schwab Government Money Market ETF,1
SH,ProShares Short S&P500,1
SHAG,WisdomTree Yield Enhanced U.S. Short-Term Aggregate Bond Fund,1
SHAK,Shake Shack,0
SHAZ,SharonAI,0
SHBI,Shore Bancshares,0
SHC,Sotera Health,0
SHDG,Soundwatch Hedged Equity ETF,1
SHE,State Street SPDR MSCI USA Gender Diversity ETF,1
SHEH,Shell plc ADRhedged,1
SHEL,Shell,0
SHEN,Shenandoah Telecommunications,0
SHFS,SHF,0
SHFSW,SHF,0
SHG,Shinhan Financial,0
SHIM,Shimmick,0
SHIP,Seanergy Maritime,0
SHLD,Global X Defense Tech ETF,1
SHLS,Shoals Technologies,0
SHM,State Street SPDR Nuveen ICE Short Term Municipal Bond ETF,1
SHMD,SCHMID Group N.V,0
SHMDW,SCHMID Group N.V,0
SHNY,"MicroSectors Gold 3X Leveraged ETNs due January 29, 2043",1
SHO,"Sunstone Hotel Investors, Inc. Sunstone Hotel Investors",0
SHOC,Strive U.S. Semiconductor ETF,1
SHOE,Shoe Station,0
SHOO,Steven Madden,0
SHOP,Shopify Inc. - Class A Subordinate Voting Shares,0
SHOT,RMG ML Sports,0
SHOTR,RMG ML Sports,0
SHOTU,RMG ML Sports,0
SHPH,Shuttle Pharmaceuticals,0
SHPP,Pacer Industrials and Logistics ETF,1
SHPU,Direxion Daily SHOP Bull 2X ETF,1
SHRD,Arimathea Catholic Core Bond ETF,1
SHRT,Gotham Short Strategies ETF,1
SHRY,First Trust Bloomberg Shareholder Yield ETF,1
SHUS,Stratified LargeCap Hedged ETF,1
SHV,iShares 0-1 Year Treasury Bond ETF,1
SHW,Sherwin-Williams Company (The),0
SHY,iShares 1-3 Year Treasury Bond ETF,1
SHYD,VanEck Short High Yield Muni ETF,1
SHYG,iShares 0-5 Year High Yield Corporate Bond ETF,1
SHYL,Xtrackers Short Duration High Yield Bond ETF,1
SHYM,iShares Short Duration High Yield Muni Active ETF,1
SI,Shoulder Innovations,0
SIBN,SI-BONE,0
SID,Companhia Siderurgica Nacional S.A,0
SIDU,Sidus Space,0
SIEB,Siebert Financial,0
SIF,SIFCO Industries,0
SIFI,Harbor Ares Systematic Multi-Sector Income ETF,1
SIFY,Sify Technologies Limited - American Depository Shares,0
SIG,Signet Jewelers,0
SIGA,SIGA Technologies,0
SIGI,Selective Insurance,0
SIGIP,Selective Insurance,0
SIHY,Harbor Ares Systematic High Yield ETF,1
SII,Sprott,0
SIJ,ProShares UltraShort Industrials,1
SIL,Global X Silver Miners ETF,1
SILC,Silicom,0
SILJ,Amplify Junior Silver Miners ETF,1
SILO,Silo Pharma,0
SIM,"Grupo Simec, S.A.B. de C.V",0
SIMA,SIM Acquisition Corp. I,0
SIMAU,SIM Acquisition Corp. I,0
SIMAW,SIM Acquisition Corp. I,0
SIMO,Silicon Motion Technology,0
SIMS,State Street SPDR S&P Kensho Intelligent Structures ETF,1
SIMX,Corgi SIMO 2x Daily ETF,1
SIND,Sinda,0
SINT,SiNtx Technologies,0
SIO,Touchstone Strategic Income ETF,1
SION,Sionna Therapeutics,0
SIOO,VistaShares Target 15 S&P 100 Distribution ETF,1
SIRI,SiriusXM,0
SITC,SITE Centers,0
SITE,SiteOne Landscape Supply,0
SITM,SiTime,0
SIVR,abrdn Physical Silver Shares ETF,1
SIXA,ETC 6 Meridian Mega Cap Equity ETF,1
SIXD,AllianzIM U.S. Large Cap 6 Month Buffer10 Jun/Dec ETF,1
SIXF,AllianzIM U.S. Large Cap 6 Month Buffer10 Feb/Aug ETF,1
SIXH,ETC 6 Meridian Hedged Equity Index Option ETF,1
SIXJ,AllianzIM U.S. Large Cap 6 Month Buffer10 Jan/Jul ETF,1
SIXL,ETC 6 Meridian Low Beta Equity ETF,1
SIXO,AllianzIM U.S. Large Cap 6 Month Buffer10 Apr/Oct ETF,1
SIXP,AllianzIM U.S. Large Cap 6 Month Buffer10 Mar/Sep ETF,1
SIXS,ETC 6 Meridian Small Cap Equity ETF,1
SIXZ,AllianzIM U.S. Large Cap 6 Month Buffer10 May/Nov ETF,1
SIZE,iShares MSCI USA Size Factor ETF,1
SJ,Scienjoy,0
SJB,ProShares Short High Yield,1
SJCP,SanJac Alpha Core Plus Bond ETF,1
SJLD,SanJac Alpha Low Duration ETF,1
SJM,The J.M. Smucker,0
SJNK,State Street SPDR Bloomberg Short Term High Yield Bond ETF,1
SJT,San Juan Basin Royalty Trust,0
SK,Corgi SK hynix 2x Daily ETF,1
SKDD,GraniteShares 2x Short SK Hynix Daily ETF,1
SKE,Skeena Resources,0
SKF,ProShares UltraShort Financials,1
SKHA,Tradr 2X Long SK hynix Daily ETF,1
SKHL,Direxion Daily SK Hynix Bull 2X ETF,1
SKHN,Tradr 2X Short SK hynix Daily ETF,1
SKHU,ProShares Ultra SK hynix,1
SKHX,Leverage Shares 2X Long SK Hynix Daily ETF,1
SKHY,SK hynix,0
SKHZ,Leverage Shares 1X Short SK Hynix Daily ETF,1
SKIL,Skillsoft,0
SKIN,SkinHealth Systems,0
SKK,SKK,0
SKM,SK Telecom,0
SKOR,FlexShares Credit-Scored US Corporate Bond Index Fund,1
SKRE,Tuttle Capital Daily 2X Inverse Regional Banks ETF,1
SKT,Tanger,0
SKUU,GraniteShares 2x Long SK Hynix Daily ETF,1
SKWD,Skyward Specialty Insurance,0
SKY,Champion Homes,0
SKYA,SkyAI,0
SKYAW,SkyAI,0
SKYE,Skye Bioscience,0
SKYH,Sky Harbour,0
SKYQ,Sky Quarry,0
SKYU,ProShares Ultra Cloud Computing,1
SKYW,SkyWest,0
SKYX,SKYX Platforms,0
SKYY,First Trust Cloud Computing ETF,1
SLAB,Silicon Laboratories,0
SLB,SLB,0
SLBT,SL Science,0
SLDB,Solid Biosciences,0
SLDE,Slide Insurance,0
SLDP,Solid Power,0
SLDPW,Solid Power,0
SLDR,Global X Short-Term Treasury Ladder ETF,1
SLE,Super League Enterprise,0
SLF,Sun Life Financial,0
SLG,SL Green Realty,0
SLGB,Smart Logistics Global,0
SLGL,Sol-Gel Technologies,0
SLGN,Silgan,0
SLI,Standard Lithium,0
SLJY,Amplify SILJ Junior Silver Miners Covered Call ETF,1
SLM,SLM,0
SLMBP,SLM Corporation - Floating Rate Non-Cumulative,0
SLMT,Brera,0
SLN,Silence Therapeutics Plc - American Depository Share,0
SLND,Southland,0
SLNG,Stabilis Solutions,0
SLNH,Soluna,0
SLNHP,"Soluna Holdings, Inc. - 9.0% Series A Cumulative Perpetual",0
SLNZ,TCW Senior Loan ETF,1
SLON,ProShares Ultra Solana ETF,1
SLP,Simulations Plus,0
SLQD,iShares 0-5 Year Investment Grade Corporate Bond ETF,1
SLQT,SelectQuote,0
SLRC,SLR Investment Corp. - Closed End Fund,0
SLS,SELLAS Life Sciences,0
SLSN,Solesence,0
SLSR,Solaris Resources,0
SLTY,YieldMax Ultra Short Option Income Strategy ETF,1
SLV,iShares Silver Trust,1
SLVM,Sylvamo,0
SLVO,"ETRACS Silver Shares Covered Call ETNs due April 21, 2033",1
SLVP,iShares MSCI Global Silver and Metals Miners ETF,1
SLVR,Sprott Silver Miners & Physical Silver ETF,1
SLVX,Nicholas Silver Income ETF,1
SLVY,FT Vest Silver Strategy & Target Income ETF,1
SLWS,Wisdom Short Duration Income ETF,1
SLX,VanEck Steel ETF,1
SLXN,Silexion Therapeutics,0
SLXNW,Silexion Therapeutics,0
SLYG,State Street SPDR S&P 600 Small Cap Growth ETF,1
SLYV,State Street SPDR S&P 600 Small Cap Value ETF,1
SM,SM Energy,0
SMA,SmartStop Self Storage REIT,0
SMAX,iShares Large Cap Max Buffer Sep ETF,1
SMAY,FT Vest U.S. Small Cap Moderate Buffer ETF - May,1
SMB,VanEck Short Muni ETF,1
SMBC,Southern Missouri Bancorp,0
SMBK,SmartFinancial,0
SMBS,Schwab Mortgage-Backed Securities ETF,1
SMC,Summit Midstream,0
SMCC,Corgi SMCI 2x Daily ETF,1
SMCF,Themes US Small Cap Cash Flow Champions ETF,1
SMCI,Super Micro Computer,0
SMCIP,Super Micro Computer,0
SMCL,GraniteShares 2x Long SMCI Daily ETF,1
SMCO,Hilton Small-MidCap Opport,1
SMCP,SMART Mid Cap ETF,1
SMCX,Defiance Daily Target 2X Long SMCI ETF,1
SMCY,YieldMax SMCI Option Income Strategy ETF,1
SMCZ,Defiance Daily Target 2X Short SMCI ETF,1
SMDD,UltraPro Short MidCap400,1
SMDV,ProShares Russell 2000 Dividend Growers ETF,1
SMDX,Intech S&P Small-Mid Cap Diversified Alpha ETF,1
SMFG,Sumitomo Mitsui Financial Group Inc Unsponsored,0
SMG,Scotts Miracle-Gro Company (The),0
SMH,VanEck Semiconductor ETF,1
SMHB,ETRACS Monthly Pay 2x Leveraged Small Cap High Dividend ETN Series B,0
SMHC,VanEck China Semiconductor ETF,1
SMHI,SEACOR Marine,0
SMHX,VanEck Fabless Semiconductor ETF,1
SMID,Smith-Midland,0
SMIG,Bahl & Gaynor Small/Mid Cap Income Growth ETF,1
SMIN,Ishares MSCI India Small Cap ETF,1
SMIZ,Zacks Small/Mid Cap ETF,1
SMJF,SMJ International,0
SMLF,iShares U.S. Small-Cap Equity Factor ETF,1
SMLL,Harbor Active Small Cap ETF,1
SMLV,State Street SPDR US Small Cap Low Volatility Index ETF,1
SMMD,iShares Russell 2500 ETF,1
SMMT,Summit Therapeutics,0
SMMU,Short Term Municipal Bond Active Exchange-Traded Fund,1
SMMV,iShares MSCI USA Small-Cap Min Vol Factor ETF,1
SMN,ProShares UltraShort Materials,1
SMOG,VanEck Low Carbon Energy ETF,1
SMOM,Symmetry Panoramic Sector Momentum ETF,1
SMOT,VanEck Morningstar SMID Moat ETF,1
SMOX,Horizon Small/Mid Cap Core Equity ETF,1
SMP,Standard Motor Products,0
SMPL,The Simply Good Foods,0
SMR,NuScale Power,0
SMRF,"ALPS Nautilus SMR, Nuclear & Technology ETF",1
SMRI,Bushido Capital US Equity ETF,1
SMRT,SmartRent,0
SMRX,Corgi SMR 2x Daily ETF,1
SMSI,Smith Micro Software,0
SMST,Defiance Daily Target 2x Short MSTR ETF,1
SMTC,Semtech,0
SMTG,Leverage Shares 2X Long SMTC Daily ETF,1
SMTH,ALPS Smith Core Plus Bond ETF,1
SMTI,Sanara MedTech,0
SMTK,SmartKem,0
SMU,Tradr 2X Long SMR Daily ETF,1
SMUP,T-REX 2X Long SMR Daily Target ETF,1
SMWB,Similarweb,0
SMX,SMX (Security Matters) Public,0
SMXT,Solarmax Technology,0
SMXWW,SMX (Security Matters) Public,0
SMYY,GraniteShares YieldBOOST SMCI ETF,1
SMZ,Tradr 2X Short SMR Daily ETF,1
SN,SharkNinja,0
SNA,Snap-On,0
SNAG,Leverage Shares 2x Long SNAP Daily ETF,1
SNAL,Snail,0
SNAP,Snap,0
SNAV,Mohr Sector Nav ETF,1
SND,Smart Sand,0
SNDA,Sonida Senior Living,0
SNDC,Corgi SNDK 2x Daily ETF,1
SNDG,Leverage Shares 2X Long SNDK Daily ETF,1
SNDK,Sandisk,0
SNDL,SNDL,0
SNDQ,Tradr 2X Short SNDK Daily ETF,1
SNDR,Schneider National,0
SNDU,T-REX 2X Long SNDK Daily Target ETF,1
SNDX,Syndax Pharmaceuticals,0
SNES,SenesTech,0
SNEX,StoneX,0
SNFCA,Security National Financial,0
SNGX,Soligenix,0
SNK,GraniteShares 2x Short SpaceX Daily ETF,1
SNN,Smith & Nephew SNATS,0
SNOA,Sonoma Pharmaceuticals,0
SNOU,T-REX 2X Long SNOW Daily Target ETF,1
SNOV,FT Vest U.S. Small Cap Moderate Buffer ETF - November,1
SNOW,Snowflake,0
SNOY,YieldMax SNOW Option Income Strategy ETF,1
SNPD,Xtrackers S&P Dividend Aristocrats Screened ETF,1
SNPE,Xtrackers S&P 500 Scored & Screened ETF,1
SNPG,Xtrackers S&P 500 Growth Scored & Screened ETF,1
SNPS,Synopsys,0
SNSR,Global X Internet of Things ETF,1
SNT,Senstar Technologies,0
SNTG,Sentage,0
SNTH,MRP SynthEquity ETF,1
SNTI,Senti Biosciences,0
SNTQ,MRP SynthEquity Nasdaq 100 ETF,1
SNWV,SANUWAVE Health,0
SNX,TD SYNNEX,0
SNXX,Tradr 2X Long SNDK Daily ETF,1
SNY,Sanofi,0
SNYR,Synergy CHC,0
SO,Southern Company (The),0
SOAR,Volato,0
SOBO,South Bow,0
SOBR,SOBR Safe,0
SOC,Sable Offshore,0
SOCA,Solarius Capital Acquisition,0
SOCAU,Solarius Capital Acquisition,0
SOCAW,Solarius Capital Acquisition,0
SOCL,Global X Social Media ETF,1
SOEZ,Franklin Solana ETF,1
SOFA,Direxion Daily SOFI Bull 2X ETF,1
SOFC,Corgi SOFI 2x Daily ETF,1
SOFI,SoFi Technologies,0
SOFR,Amplify Samsung SOFR ETF,1
SOFX,Defiance Daily Target 2X Long SOFI ETF,1
SOGP,Sound,0
SOHU,Sohu.com,0
SOJC,Southern Company (The) Series 2017B 5.25% Junior Subordinated,0
SOJD,Southern Company (The) Series 2020A 4.95% Junior Subordinated,0
SOJE,Southern Company (The) Series 2020C 4.20% Junior Subordinated,0
SOJF,Southern Company (The) Series 2025A 6.50% Junior Subordinated,0
SOLC,Canary Marinade Solana ETF,1
SOLM,Amplify Solana 3% Monthly Option Income ETF,1
SOLS,Solstice Advanced Materials,0
SOLT,2x Solana ETF,1
SOLV,Solventum,0
SOLZ,Solana ETF,1
SOMN,Southern Company (The) 2025 Series A Corporate,0
SON,Sonoco Products,0
SONM,DNA X,0
SONO,Sonos,0
SONY,Sony,0
SOPH,SOPHiA GENETICS,0
SOR,"Source Capital, Inc. Cmn Shs of BI",0
SORA,AsiaStrategy,0
SORN,Soren Acquisition,0
SORNU,Soren Acquisition,0
SORNW,Soren Acquisition,0
SOS,SOS,0
SOTK,Sono-Tek,0
SOUL,Soulpower Acquisition,0
SOUN,SoundHound AI,0
SOUNW,SoundHound AI,0
SOUX,Defiance Daily Target 2X Long SOUN ETF,1
SOVF,Sovereign's Capital Flourish Fund,1
SOWG,Sow Good,0
SOXL,Direxion Daily Semiconductor Bull 3X ETF,1
SOXQ,Invesco PHLX Semiconductor ETF,1
SOXS,Direxion Daily Semiconductor Bear 3X ETF,1
SOXX,iShares PHLX SOX Semiconductor Sector Index Fund,1
SOXY,YieldMax Target 12 Semiconductor Option Income ETF,1
SOYB,Teucrium Soybean Fund ETV,1
SPAB,State Street SPDR Portfolio Aggregate Bond ETF,1
SPAI,Safe Pro,0
SPAL,GraniteShares 2x Long SpaceX Daily ETF,1
SPAM,Themes Cybersecurity ETF,1
SPAQ,Horizon Kinetics SPAC Active ETF,1
SPAX,T-REX 2X Long SPCX Daily Target ETF,1
SPB,Spectrum Brands,0
SPBC,Simplify US Equity PLUS Bitcoin Strategy ETF,1
SPBO,State Street SPDR Portfolio Corporate Bond ETF,1
SPBU,AllianzIM Buffer15 Uncapped Allocation ETF,1
SPBW,AllianzIM Buffer20 Allocation ETF,1
SPBX,AllianzIM 6 Month Buffer10 Allocation ETF,1
SPCB,SuperCom,0
SPCE,Virgin Galactic,0
SPCF,ProShares Ultra SpaceX,1
SPCG,Tradr 2X Short SpaceX Daily ETF,1
SPCH,Leverage Shares 2X Long SPCX Daily ETF,1
SPCI,Tuttle Capital Space Industry Income Blast ETF,1
SPCK,SPAC and New Issue ETF,1
SPCL,Defiance Pure Space Daily 2X Strategy ETF,1
SPCM,Tradr 2X Long SpaceX Daily ETF,1
SPCQ,Defiance Daily Target 2X Short SPCX ETF,1
SPCT,Liberty One Spectrum ETF,1
SPCU,Defiance Daily Target 2X Long SPCX ETF,1
SPCX,Space Exploration Technologies,0
SPD,Simplify US Equity PLUS Downside Convexity ETF,1
SPDF,Defender Risk Adaptive 500 ETF,1
SPDG,State Street SPDR Portfolio S&P Sector Neutral Dividend ETF,1
SPDN,Direxion Daily S&P 500 Bear 1X ETF,1
SPDV,AAM S&P 500 High Dividend Value ETF,1
SPDW,State Street SPDR Portfolio Developed World ex-US ETF,1
SPE,Special Opport,0
SPEG,Silver Pegasus Acquisition,0
SPEGR,Silver Pegasus Acquisition,0
SPEGU,Silver Pegasus Acquisition,0
SPEM,State Street SPDR Portfolio Emerging Markets ETF,1
SPEU,State Street SPDR Portfolio Europe ETF,1
SPFF,Global X SuperIncome Preferred ETF,1
SPFI,South Plains Financial,0
SPG,Simon Property,0
SPGI,S&P Global,0
SPGM,State Street SPDR Portfolio MSCI Global Stock Market ETF,1
SPGP,Invesco S&P 500 GARP ETF,1
SPH,"Suburban Propane Partners, L.P",0
SPHB,Invesco S&P 500 High Beta ETF,1
SPHD,Invesco S&P 500 High Dividend Low Volatility ETF,1
SPHL,Springview,0
SPHQ,Invesco S&P 500 Quality ETF,1
SPHR,Sphere Entertainment,0
SPHY,State Street SPDR Portfolio High Yield Bond ETF,1
SPIB,State Street SPDR Portfolio Intermediate Term Corporate Bond ETF,1
SPIN,State Street US Equity Premium Income ETF,1
SPIP,State Street SPDR Portfolio TIPS ETF,1
SPIR,Spire Global,0
SPIT,F/m Emerald Special Situations ETF,1
SPKL,Spark I Acquisition,0
SPKLU,Spark I Acquisition,0
SPKLW,Spark I Acquisition,0
SPLB,State Street SPDR Portfolio Long Term Corporate Bond ETF,1
SPLS,PIMCO US Stocks PLUS Active Bond Exchange-Traded Fund,1
SPLV,Invesco S&P 500 Low Volatility ETF,1
SPMA,"Sound Point Meridian Capital, Inc. 8.00% Series A Preferred Shares Due 2029",0
SPMB,State Street SPDR Portfolio Mortgage Backed Bond ETF,1
SPMC,Sound Point Meridian Capital,0
SPMD,State Street SPDR Portfolio S&P 400 Mid Cap ETF,1
SPME,"Sound Point Meridian Capital, Inc. 7.875% Series B Preferred Shares due 2030",0
SPMO,Invesco S&P 500 Momentum ETF,1
SPNT,SiriusPoint,0
SPOG,Leverage Shares 2X Long SPOT Daily ETF,1
SPOK,Spok,0
SPOT,Spotify Technology S.A,0
SPPL,SIMPPLE,0
SPPP,Sprott Physical Platinum and Palladium Trust,1
SPRB,Spruce Biosciences,0
SPRC,SciSparc,0
SPRE,SP Funds S&P Global REIT Sharia ETF,1
SPRO,Spero Therapeutics,0
SPRU,Spruce Power,0
SPRX,Spear Alpha ETF,1
SPRY,ARS Pharmaceuticals,0
SPSB,State Street SPDR Portfolio Short Term Corporate Bond ETF,1
SPSC,SPS Commerce,0
SPSK,SP Funds Dow Jones Global Sukuk ETF,1
SPSM,State Street SPDR Portfolio S&P 600 Small Cap ETF,1
SPT,Sprout Social,0
SPTB,State Street SPDR Portfolio Treasury ETF,1
SPTE,SP Funds S&P Global Technology ETF,1
SPTI,State Street SPDR Portfolio Intermediate Term Treasury ETF,1
SPTL,State Street SPDR Portfolio Long Term Treasury ETF,1
SPTM,State Street SPDR Portfolio S&P 1500 Composite Stock Market ETF,1
SPTS,State Street SPDR Portfolio Short Term Treasury ETF,1
SPTU,State Street SPDR Portfolio Ultra Short T-Bill ETF,1
SPTX,Seaport Therapeutics,0
SPUC,Simplify US Equity Income ETF,1
SPUS,SP Funds S&P 500 Sharia Industry Exclusions ETF,1
SPUT,Innovator Equity Premium Income - Daily PutWrite ETF,1
SPUU,Direxion Daily S&P 500 Bull 2X ETF,1
SPVM,Invesco S&P 500 Value with Momentum ETF,1
SPWH,Sportsman's Warehouse,0
SPWO,SP Funds S&P World (ex-US) ETF,1
SPWR,SunPower,0
SPWRW,SunPower,0
SPXC,SPX Technologies,0
SPXD,Xtrackers S&P 500 Diversified Sector Weight ETF,1
SPXE,ProShares S&P 500 Ex-Energy ETF,1
SPXL,Direxion Daily S&P 500 Bull 3X ETF,1
SPXN,ProShares S&P 500 Ex-Financials ETF,1
SPXS,Direxion Daily S&P 500 Bear 3X ETF,1
SPXT,ProShares S&P 500 Ex-Technology ETF,1
SPXU,ProShares UltraPro Short S&P500,1
SPXV,ProShares S&P 500 Ex-Health Care ETF,1
SPXX,Nuveen S&P 500 Dynamic Overwrite Fund,0
SPY,State Street SPDR S&P 500 ETF Trust,1
SPYA,Twin Oak Endure ETF,1
SPYC,Simplify US Equity PLUS Convexity ETF,1
SPYD,State Street SPDR Portfolio S&P 500 High Dividend ETF,1
SPYG,State Street SPDR Portfolio S&P 500 Growth ETF,1
SPYH,NEOS S&P 500 Hedged Equity Income ETF,1
SPYI,NEOS S&P 500 High Income ETF,1
SPYM,State Street SPDR Portfolio S&P 500 ETF,1
SPYQ,Tradr 2X Long SPY Quarterly ETF,1
SPYT,Defiance S&P 500 Target Income ETF,1
SPYU,"MAX S&P 500 4X Leveraged ETNs due October 30, 2043",1
SPYV,State Street SPDR Portfolio S&P 500 Value ETF,1
SPYX,State Street SPDR S&P 500 Fossil Fuel Reserves Free ETF,1
SQFT,Presidio Property Trust,0
SQFTP,"Presidio Property Trust, Inc. - 9.375% Series D Cumulative Redeemable Perpetual",0
SQFTW,Presidio Property Trust,0
SQLT,iShares MSCI USA Small-Cap Quality Factor ETF,1
SQLV,Royce Quant Small-Cap Quality Value ETF,1
SQM,Sociedad Quimica y Minera S.A,0
SQMX,FT Vest U.S. Equity Quarterly Max Buffer ETF,1
SQNS,Sequans Communications S.A,0
SQQQ,ProShares UltraPro Short QQQ,1
SQS,Sapient Quality Select ETF,1
SR,Spire,0
SRAD,Sportradar,0
SRBK,SR Bancorp,0
SRCE,1st Source,0
SRE,DBA Sempra,0
SREA,DBA Sempra 5.750% Junior Subordinated,0
SRET,Global X SuperDividend REIT ETF,1
SRFM,Surf Air Mobility,0
SRG,Seritage Growth Properties,0
SRHQ,SRH U.S. Quality GARP ETF,1
SRHR,SRH REIT Covered Call ETF,1
SRI,Stoneridge,0
SRJN,Spire Inc. 6.375% Junior Subordinated,0
SRL,Scully Royalty,0
SRLN,State Street Blackstone Senior Loan ETF,1
SROI,Calamos Antetokounmpo Global Sustainable Equities ETF,1
SRPT,Sarepta Therapeutics,0
SRRK,Scholar Rock,0
SRS,ProShares UltraShort Real Estate,1
SRTA,Strata Critical Medical,0
SRTS,Sensus Healthcare,0
SRTY,ProShares UltraPro Short Russell2000,1
SRV,NXG Cushing Midstream Energy Fund,0
SRVR,Pacer Data & Infrastructure Real Estate ETF,1
SRXH,SRX Global,0
SRZN,Surrozen,0
SRZNW,Surrozen,0
SSAC,SPACSphere Acquisition,0
SSACR,SPACSphere Acquisition,0
SSACU,SPACSphere Acquisition,0
SSACW,SPACSphere Acquisition,0
SSB,SouthState Bank,0
SSBI,Summit State Bank,0
SSCP,SMART Small Cap ETF,1
SSD,Simpson Manufacturing,0
SSEA,Starry Sea Acquisition,0
SSEAR,Starry Sea Acquisition,0
SSEAU,Starry Sea Acquisition,0
SSFI,Day Hagan Smart Sector Fixed Income ETF,1
SSG,ProShares UltraShort Semiconductors,1
SSII,SS Innovations International,0
SSK,REX-Osprey SOL + Staking ETF,1
SSL,Sasol,0
SSM,Sono Group N.V,0
SSMG,Virtus Silvant Small/Mid Growth ETF,1
SSMR,Sunshine Silver Mining & Refining,0
SSNC,SS&C Technologies,0
SSO,ProShares Ultra S&P500,1
SSP,E.W. Scripps Company (The),0
SSPC,Leverage Shares 2X Short SPCX Daily ETF,1
SSPY,Stratified LargeCap Index ETF,1
SSRM,SSR Mining,0
SSS,CYBER HORNET S&P 500 and Solana 75/25 Strategy ETF,1
SST,System1,0
SSTI,SoundThinking,0
SSTK,Shutterstock,0
SSUS,Day Hagan Smart Sector ETF,1
SSXU,Day Hagan Smart Sector International ETF,1
SSYS,Stratasys,0
ST,Sensata Technologies,0
STAA,STAAR Surgical,0
STAG,Stag Industrial,0
STAK,STAK,0
STAX,Nomura Tax-Free USA Short Term ETF,1
STBA,S&T Bancorp,0
STBF,Performance Trust Short Term Bond ETF,1
STBQ,Amplify Stablecoin Technology Leaders ETF,1
STC,Stewart Information Services,0
STCE,Schwab Crypto Thematic Natural Language Processing ETF,1
STDN,Standard Nuclear,0
STE,STERIS plc (Ireland),0
STEM,Stem,0
STEN,iShares Large Cap 10% Target Buffer Sep ETF,1
STEP,StepStone,0
STEW,SRH Total Return Fund,0
STEX,Streamex,0
STFS,Star Fashion Culture,0
STG,Sunlands Technology,0
STGW,Stagwell,0
STHH,STMicroelectronics NV ADRhedged,1
STHO,Star Holdings - Shares of,0
STI,Solidion Technology,0
STIM,Neuronetics,0
STIP,iShares 0-5 Year TIPS Bond ETF,1
STK,Columbia Seligman Premium Technology Growth Fund,0
STKE,Sol Strategies,0
STKH,Steakholder Foods,0
STKS,The ONE Group Hospitality,0
STLA,Stellantis N.V,0
STLD,Steel Dynamics,0
STLR,Stellar ETF,1
STLU,2x Stellar ETF,1
STM,STMicroelectronics N.V,0
STN,Stantec,0
STNC,Hennessy Sustainable ETF,1
STNE,StoneCo,0
STNG,Scorpio Tankers,0
STOK,Stoke Therapeutics,0
STOT,State Street DoubleLine Short Duration Total Return Tactical ETF,1
STOX,Horizon Core Equity ETF,1
STPZ,PIMCO 1-5 Year U.S. TIPS Index Exchange-Traded Fund,1
STRA,Strategic Education,0
STRC,Strategy Inc - Variable Rate Series A Perpetual Stretch,0
STRD,Strategy Inc - 10.00% Series A Perpetual Stride,0
STRF,Strategy Inc - 10.00% Series A Perpetual Strife,0
STRK,Strategy Inc - 8.00% Series A Perpetual Strike,0
STRL,Sterling Infrastructure,0
STRN,SMART Trend 25 ETF,1
STRO,Sutro Biopharma,0
STRR,Star Equity,0
STRRP,"Star Equity Holdings, Inc. - 10% Series A Cumulative Perpetual",0
STRS,Stratus Properties,0
STRT,STRATTEC SECURITY,0
STRW,Strawberry Fields REIT,0
STRZ,Starz Entertainment,0
STSM,Defiance Daily Target 2X Short TSM ETF,1
STT,State Street,0
STTK,Shattuck Labs,0
STUB,StubHub,0
STVN,Stevanato Group S.p.A,0
STWD,"STARWOOD PROPERTY TRUST, INC. Starwood Property Trust",0
STX,Seagate Technology,0
STXD,Strive 1000 Dividend Growth ETF,1
STXE,Strive Emerging Markets Ex-China ETF,1
STXF,Strive 500 ETF,1
STXG,Strive 1000 Growth ETF,1
STXK,Strive Small-Cap ETF,1
STXL,Defiance Daily Target 2x Long STX ETF,1
STXS,Stereotaxis,0
STXT,Strive Total Return Bond ETF,1
STXU,Leverage Shares 2X Long STX Daily ETF,1
STXV,Strive 1000 Value ETF,1
STXX,Tradr 2X Long STX Daily ETF,1
STYL,Corgi Lifestyle Brands ETF,1
STZ,Constellation Brands,0
SU,Suncor Energy,0
SUB,iShares Short-Term National Muni Bond ETF,1
SUGP,,0
SUI,Sun Comm,0
SUIG,Sui,0
SUIL,2x Sui ETF,1
SUIS,Canary Staked SUI ETF,1
SUJA,Suja Life,0
SUMA,SUMA Acquisition,0
SUMAR,SUMA Acquisition,0
SUMAU,SUMA Acquisition,0
SUN,Sunoco LP Common,0
SUNB,Sunbelt Rentals,0
SUNC,SunocoCorp LLC Common,0
SUNE,SUNation Energy,0
SUNS,Sunrise Realty Trust,0
SUPL,ProShares Supply Chain Logistics ETF,1
SUPN,Supernus Pharmaceuticals,0
SUPP,TCW Transform Supply Chain ETF,1
SUPV,Grupo Supervielle S.A,0
SUPX,SuperX AI Technology,0
SURE,AdvisorShares Insider Advantage ETF,1
SURG,SurgePays,0
SURI,Simplify Propel Opport,1
SUSA,iShares ESG Optimized MSCI USA ETF,1
SUSB,iShares ESG Aware 1-5 Year USD Corporate Bond ETF,1
SUSC,iShares ESG Aware USD Corporate Bond ETF,1
SUSL,iShares ESG MSCI USA Leaders ETF,1
SUZ,Suzano S.A,0
SVA,Sinovac Biotech,0
SVAL,iShares US Small Cap Value Factor ETF,1
SVAQ,Silicon Valley Acquisition,0
SVAQU,Silicon Valley Acquisition,0
SVAQW,Silicon Valley Acquisition,0
SVC,Service Properties Trust,0
SVCC,Stellar V Capital,0
SVCCU,Stellar V Capital,0
SVCCW,Stellar V Capital,0
SVCO,Silvaco,0
SVIV,Spring Valley Acquisition Corp. IV,0
SVIVU,Spring Valley Acquisition Corp. IV,0
SVIVW,Spring Valley Acquisition Corp. IV,0
SVIX,1x Short VIX Futures ETF,1
SVM,Silvercorp Metals,0
SVOL,Simplify Volatility Premium ETF,1
SVRA,Savara,0
SVRE,SaverOne 2014,0
SVREW,SaverOne 2014,0
SVRN,OceanPal,0
SVV,Savers Value Village,0
SVXY,ProShares Short VIX Short Term Futures ETF,1
SW,Smurfit WestRock,0
SWAG,Stran &,0
SWAGW,Stran &,0
SWAN,Amplify BlackSwan Growth & Treasury Core ETF,1
SWBI,Smith & Wesson Brands,0
SWIM,Latham,0
SWK,Stanley Black & Decker,0
SWKHL,SWK Holdings Corporation - 9.00% Senior,0
SWKS,Skyworks Solutions,0
SWMR,Swarmer,0
SWP,SWP Growth & Income ETF,1
SWVL,Swvl,0
SWVLW,Swvl,0
SWX,Southwest Gas,0
SWZ,Total Return Securities Fund,0
SXC,SunCoke Energy,0
SXI,Standex International,0
SXQG,ETC 6 Meridian Quality Growth ETF,1
SXT,Sensient Technologies,0
SXTC,China SXT Pharmaceuticals,0
SXTP,60 Degrees Pharmaceuticals,0
SXTPW,60 Degrees Pharmaceuticals,0
SY,So-Young International Inc. - American Depository Shares,0
SYBT,Stock Yards Bancorp,0
SYF,Synchrony Financial,0
SYFI,AB Short Duration High Yield ETF,1
SYK,Stryker,0
SYLD,Cambria Shareholder Yield ETF,1
SYM,Symbotic,0
SYNA,Synaptics,0
SYNX,Silynxcom,0
SYPR,Sypris Solutions,0
SYRE,Spyre Therapeutics,0
SYSB,iShares Systematic Bond ETF,1
SYY,Sysco,0
SYZ,Lazard US Systematic Small Cap Equity ETF,1
SZK,ProShares UltraShort Consumer Staples,1
SZZL,Sizzle Acquisition Corp. II,0
SZZLR,Sizzle Acquisition Corp. II,0
SZZLU,Sizzle Acquisition Corp. II,0
T,,0
TABD,Transamerica Bond Active ETF,1
TAC,TransAlta,0
TACH,Titan Acquisition,0
TACHU,Titan Acquisition,0
TACHW,Titan Acquisition,0
TACK,Fairlead Tactical Sector ETF,1
TACN,T. Rowe Price Active Core International Equity ETF,1
TACO,Berto Acquisition,0
TACOU,Berto Acquisition,0
TACOW,Berto Acquisition,0
TACT,TransAct Technologies,0
TACU,T. Rowe Price Active Core U.S. Equity ETF,1
TAFI,AB Tax-Aware Short Duration Municipal ETF,1
TAFL,AB Tax-Aware Long Municipal ETF,1
TAFM,AB Tax-Aware Intermediate Municipal ETF,1
TAGG,T. Rowe Price QM U.S. Bond ETF,1
TAGS,Teucrium Agricultural Fund ETV,1
TAIL,Cambria Tail Risk ETF,1
TAJX,Corgi India 2x Daily ETF,1
TAK,Takeda Pharmaceutical,0
TAL,TAL Education,0
TALK,Talkspace,0
TALO,Talos Energy,0
TALV,Transamerica Large Value Active ETF,1
TAN,Invesco Solar ETF,1
TANH,Tantech,0
TAOP,Taoping,0
TAOX,Tao Synergies,0
TAOZ,Thornburg American Opport,1
TAP,Molson Coors Beverage,0
TAPR,Innovator Equity Defined Protection ETF - 2 Yr to April 2027,1
TARA,Protara Therapeutics,0
TARK,Tradr 2X Long Innovation ETF,1
TARS,Tarsus Pharmaceuticals,0
TASK,TaskUs,0
TATT,TAT Technologies,0
TAVI,Tavia Acquisition,0
TAVIR,Tavia Acquisition,0
TAVIU,Tavia Acquisition,0
TAX,Cambria Tax Aware ETF,1
TAXE,Intermediate Municipal Income ETF,1
TAXF,American Century Diversified Municipal Bond ETF,1
TAXI,Northern Trust Intermediate Tax-Exempt Bond ETF,1
TAXM,BondBloxx IR+M Tax-Aware ETF for Massachusetts Residents,1
TAXS,Northern Trust Short-Term Tax-Exempt Bond ETF,1
TAXT,Northern Trust Tax-Exempt Bond ETF,1
TAXX,BondBloxx IR+M Tax-Aware Short Duration ETF,1
TAYD,Taylor Devices,0
TBB,AT&T Inc. 5.350% Global,0
TBBB,BBB Foods,0
TBBK,The Bancorp,0
TBCH,Turtle Beach,0
TBF,ProShares Short 20+ Year Treasury,1
TBFC,The Brinsmere Fund Conservative ETF,1
TBFG,The Brinsmere Fund Growth ETF,1
TBG,TBG Dividend Focus ETF,1
TBI,TrueBlue,0
TBIL,F/m US Treasury 3 Month Bill Fund,1
TBJL,Innovator 20 Year Treasury Bond 9 Buffer ETF - July,1
TBLA,Taboola.com,0
TBLD,Thornburg Income Builder Opport,0
TBLL,Invesco Short Term Treasury ETF,1
TBLU,Tortoise Global Water ETF,1
TBN,Tamboran Resources,0
TBPH,Theravance Biopharma,0
TBT,ProShares UltraShort Lehman 20 Year Treasury,1
TBUX,T. Rowe Price Ultra Short-Term Bond ETF,1
TBX,ProShares Short 7 10 Year Treasury,1
TBXU,Direxion Daily Biotech Top 5 Bull 2X ETF,1
TC,Token Cat,0
TCAF,T. Rowe Price Capital Appreciation Equity ETF,1
TCAI,Tortoise AI Infrastructure ETF,1
TCAL,T. Rowe Price Capital Appreciation Premium Income ETF,1
TCAN,21Shares Canton Network ETF,1
TCBI,Texas Capital Bancshares,0
TCBIO,Texas Capital Bancshares,0
TCBK,TriCo Bancshares,0
TCBS,Texas Comm,0
TCBX,Third Coast Bancshares,0
TCHI,iShares MSCI China Multisector Tech ETF,1
TCHP,T. Rowe Price Blue Chip Growth ETF,1
TCI,Transcontinental Realty Investors,0
TCMD,Tactile Systems Technology,0
TCOM,Trip.com,0
TCPA,TransCanada PipeLines Limited 6.250% Junior Subordinated,0
TCPB,Thrivent Core Plus Bond ETF,1
TCPC,BlackRock TCP Capital Corp. - Closed End Fund,0
TCRT,Alaunos Therapeutics,0
TCRX,TScan Therapeutics,0
TCV,Towle Value ETF,1
TCX,Tucows,0
TD,Toronto Dominion Bank (The),0
TDAC,Translational Development Acquisition,0
TDACU,Translational Development Acquisition,0
TDACW,Translational Development Acquisition,0
TDAQ,TappAlpha Innovation 100 Growth & Daily Income ETF,1
TDAX,TDAQ Lift ETF,1
TDAY,USA TODAY,0
TDC,Teradata,0
TDCL,GraniteShares 2x Long TDC Daily ETF,1
TDEC,FT Vest Emerging Markets Buffer ETF - December,1
TDF,Templeton Dragon Fund,0
TDG,Transdigm,0
TDI,Touchstone Dynamic International ETF,1
TDIC,Dreamland,0
TDIV,First Trust NASDAQ Technology Dividend Index Fund,1
TDOC,Teladoc Health,0
TDOG,21shares Dogecoin ETF,1
TDOT,21shares Polkadot ETF,1
TDS,Telephone and Data Systems,0
TDSB,ETC Cabana Target Beta ETF,1
TDSC,ETC Cabana Target Drawdown 10 ETF,1
TDTF,FlexShares iBoxx 5 Year Target Duration TIPS Index Fund,1
TDTH,Trident Digital Tech,0
TDTT,FlexShares iBoxx 3 Year Target Duration TIPS Index Fund,1
TDUP,ThredUp,0
TDV,ProShares S&P Technology Dividend Aristocrats ETF,1
TDVG,T. Rowe Price Dividend Growth ETF,1
TDVI,FT Vest Technology Dividend Target Income ETF,1
TDW,Tidewater,0
TDWD,Tailwind 2.0 Acquisition,0
TDWDR,Tailwind 2.0 Acquisition,0
TDWDU,Tailwind 2.0 Acquisition,0
TDY,Teledyne Technologies,0
TE,T1 Energy,0
TEAD,Teads,0
TEAM,Atlassian,0
TEC,Harbor Transformative Technologies ETF,1
TECB,iShares U.S. Tech Breakthrough Multisector ETF,1
TECH,Bio-Techne,0
TECK,Teck Resources,0
TECL,Direxion Daily Technology Bull 3X ETF,1
TECS,Direxion Technology Bear 3X ETF,1
TECX,Tectonic Therapeutic,0
TECY,GraniteShares YieldBOOST Technology ETF,1
TEI,Templeton Emerging Markets Income Fund,0
TEK,iShares Technology Opport,1
TEKX,State Street Galaxy Transformative Tech Accelerators ETF,1
TEKY,Lazard Next Gen Technologies ETF,1
TEL,TE Connectivity,0
TELA,TELA Bio,0
TELG,Leverage Shares 2X Long TEL Daily ETF,1
TELO,Telomir Pharmaceuticals,0
TEM,Tempus AI,0
TEMC,Corgi TEM 2x Daily ETF,1
TEMD,Templeton Emerging Markets Debt ETF,1
TEMR,T. Rowe Price Emerging Markets Equity Research ETF,1
TEMT,Tradr 2X Long TEM Daily ETF,1
TEMX,Touchstone Sands Capital Emerging Markets ex-China Growth ETF,1
TEN,Tsakos Energy Navigation,0
TENB,Tenable,0
TEND,iShares Large Cap 10% Target Buffer Dec ETF,1
TENJ,iShares Large Cap 10% Target Buffer Jun ETF,1
TENM,iShares Large Cap 10% Target Buffer Mar ETF,1
TENX,Tenax Therapeutics,0
TEO,Telecom Argentina,0
TEQI,T. Rowe Price Equity Income ETF,1
TER,Teradyne,0
TERC,Corgi TER 2x Daily ETF,1
TERG,Leverage Shares 2X Long TER Daily ETF,1
TESC,Corgi TSLA 2x Daily ETF,1
TESL,Simplify Volt TSLA Revolution ETF,1
TEST,YieldMax TSLA Performance & Distribution Target 25 ETF,1
TETH,21Shares Ethereum ETF,1
TEUP,T-REX 2X Long TE Daily Target ETF,1
TEVA,Teva Pharmaceutical Industries,0
TEX,Terex,0
TEXN,iShares Texas Equity ETF,1
TEXU,Direxion Daily Energy Top 5 Bull 2X ETF,1
TEXX,Horizon Kinetics Texas ETF,1
TFC,Truist Financial,0
TFFI,Chesapeake Trend-Following Fixed Income ETF,1
TFGZ,Thornburg Focus Growth Fund,1
TFI,State Street SPDR Nuveen ICE Municipal Bond ETF,1
TFII,TFI International,0
TFIN,Triumph Financial,0
TFJL,Innovator 20 Year Treasury Bond 5 Floor ETF - July,1
TFLO,iShares Treasury Floating Rate Bond ETF,1
TFLR,T. Rowe Price Floating Rate ETF,1
TFNS,T. Rowe Price Financials ETF,1
TFPM,Triple Flag Precious Metals,0
TFPN,Blueprint Chesapeake Multi-Asset Trend ETF,1
TFSL,TFS Financial,0
TFX,Teleflex,0
TG,Tredegar,0
TGB,Trekor Metals,0
TGE,The Generation Essentials,0
TGEN,Tecogen,0
TGHL,The GrowHub,0
TGL,Treasure Global,0
TGLB,T. Rowe Price Global Equity ETF,1
TGLR,Wedbush LAFFER TENGLER New Era Value ETF,1
TGLS,Tecnoglass,0
TGRT,T. Rowe Price Growth ETF,1
TGRW,T. Rowe Price Growth Stock ETF,1
TGS,Transportadora de Gas del Sur SA TGS,0
TGT,Target,0
TGTX,TG Therapeutics,0
TH,Target Hospitality,0
THC,Tenet Healthcare,0
THCH,TH International,0
THD,iShares MSCI Thailand ETF,1
THEQ,T. Rowe Price Hedged Equity ETF,1
THFF,First Financial,0
THG,Hanover Insurance,0
THH,TryHard,0
THIR,THOR Index Rotation ETF,1
THLV,THOR Equal Weight Low Volatility ETF,1
THM,International Tower Hill Mines,0
THMR,THOR AdaptiveRisk Dynamic ETF,1
THMZ,Lazard Equity Megatrends ETF,1
THNQ,ROBO Global Artificial Intelligence ETF,1
THNR,Amplify Weight Loss Drug & Treatment ETF,1
THO,Thor Industries,0
THOR,Thornburg Premium Income Builder ETF,1
THQ,abrdn Healthcare Opport,0
THRM,Gentherm,0
THRO,iShares U.S. Thematic Rotation Active ETF,1
THRV,Prospera Income ETF,1
THRY,Thryv,0
THTA,SoFi Enhanced Yield ETF,1
THW,abrdn World Healthcare Fund Shares of,0
THY,Toews Agility Shares Dynamic Tactical Income ETF,1
THYF,T. Rowe Price U.S. High Yield ETF,1
THYM,T. Rowe Price High Income Municipal ETF,1
THYP,21shares Hyperliquid ETF,1
TIC,TIC Solutions,0
TIER,T. Rowe Price International Equity Research ETF,1
TIGO,Millicom International Cellular S.A,0
TIGR,UP Fintech,0
TII,Titan Mining,0
TIIV,AAM Todd International Intrinsic Value ETF,1
TIL,Instil Bio,0
TILC,Thrivent International Large Cap ETF,1
TILE,Interface,0
TILL,Teucrium Agricultural Strategy No K-1 ETF,1
TILT,FlexShares Mornigstar US Market Factors Tilt Index Fund ETF,1
TIMB,TIM S.A,0
TIME,Clockwise U.S. Core Equity ETF,1
TINS,Templeton International Insights ETF,1
TINT,ProShares Smart Materials ETF,1
TINY,ProShares Na,1
TIP,iShares TIPS Bond ETF,1
TIPA,Northern Trust 2030 Inflation-Linked Distributing Ladder ETF,1
TIPB,Northern Trust 2035 Inflation-Linked Distributing Ladder ETF,1
TIPC,Northern Trust 2045 Inflation-Linked Distributing Ladder ETF,1
TIPD,Northern Trust 2055 Inflation-Linked Distributing Ladder ETF,1
TIPT,Tiptree,0
TIPX,State Street SPDR Bloomberg 1a??10 Year TIPS ETF,1
TIPZ,PIMCO Broad U.S. TIPS Index Exchange-Traded Fund,1
TISC,Thrivent International Small Cap ETF,1
TISI,Team,0
TITN,Titan Machinery,0
TJAN,Innovator Equity Defined Protection ETF - 2 Yr to January 2027,1
TJGC,TJGC,0
TJUL,Innovator Equity Defined Protection ETF - 2 Yr to July 2027,1
TJUN,FT Vest Emerging Markets Buffer ETF - June,1
TJX,"TJX Companies, Inc. (The)",0
TK,Teekay,0
TKC,Turkcell Iletisim Hizmetleri AS,0
TKLF,Tokyo Lifestyle,0
TKNO,Alpha Teknova,0
TKNQ,Amplify Tokenization Technology Leaders ETF,1
TKNS,21Shares Active Crypto ETF,1
TKNZ,T. Rowe Price Active Crypto ETF,1
TKO,TKO,0
TKR,Timken Company (The),0
TLA,GraniteShares Autocallable TSLA ETF,1
TLCI,Touchstone International Equity ETF,1
TLDR,The Laddered T-Bill ETF,1
TLF,Tandy Leather Factory,0
TLG,Touchstone Large Company Growth ETF,1
TLH,iShares 10-20 Year Treasury Bond ETF,1
TLIH,Ten-League International,0
TLK,"PT Telekomunikasi Indonesia, Tbk",0
TLN,Talen Energy,0
TLNC,Talon Capital,0
TLNCU,Talon Capital,0
TLNCW,Talon Capital,0
TLPH,Talphera,0
TLRY,Tilray Brands,0
TLS,Telos,0
TLSA,Tiziana Life Sciences,0
TLSI,TriSalus Life Sciences,0
TLSIW,TriSalus Life Sciences,0
TLT,iShares 20+ Year Treasury Bond ETF,1
TLTD,FlexShares Morningstar Developed Markets ex-US Factor Tilt Index Fund,1
TLTE,FlexShares Morningstar Emerging Markets Factor Tilt Index Fund,1
TLTI,NEOS Enhanced Income 20+ Year Treasury Bond ETF,1
TLTP,Amplify TLT U.S. Treasury 12% Option Income ETF,1
TLTW,iShares 20+ Year Treasury Bond BuyWrite Strategy ETF,1
TLTX,Global X Treasury Bond Enhanced Income ETF,1
TLX,Telix Pharmaceuticals,0
TLYS,Tilly's,0
TM,Toyota Motor,0
TMAR,FT Vest Emerging Markets Buffer ETF - March,1
TMAT,Main Thematic Innovation ETF,1
TMB,Thornburg Multi Sector Bond ETF,1
TMC,TMC the metals,0
TMCI,Treace Medical Concepts,0
TMCR,The Metals Royalty,0
TMCWW,TMC the metals,0
TMDE,TMD Energy,0
TMDV,ProShares Russell US Dividend Growers ETF,1
TMDX,TransMedics,0
TME,Tencent Music Entertainment,0
TMED,T. Rowe Price Health Care ETF,1
TMF,Direxion Daily 20-Yr Treasury Bull 3x Shrs,1
TMFC,Motley Fool 100 Index ETF,1
TMFE,Motley Fool Capital Efficiency 100 Index ETF,1
TMFG,Motley Fool Global Opport,1
TMFM,Motley Fool Mid-Cap Growth ETF,1
TMFS,Motley Fool Small-Cap Growth ETF,1
TMFX,Motley Fool Next Index ETF,1
TMGN,TappAlpha Cboe Magnificent 10 Growth & Daily Income ETF,1
TMH,Toyota Motor Corporation ADRhedged,1
TMLP,Tortoise MLP ETF,1
TMNL,T. Rowe Price Long Municipal Income ETF,1
TMNS,T. Rowe Price Short Municipal Income ETF,1
TMO,Thermo Fisher Scientific,0
TMP,Tompkins Financial,0
TMQ,Trilogy Metals,0
TMS,Teamshares,0
TMSF,T. Rowe Price Multi-Sector Income ETF,1
TMSL,T. Rowe Price Small-Mid Cap ETF,1
TMSWW,Teamshares,0
TMTS,Spartacus Acquisition Corp. II,0
TMTSU,Spartacus Acquisition Corp. II,0
TMTSW,Spartacus Acquisition Corp. II,0
TMUS,T-Mobile US,0
TMUSI,"T-Mobile US, Inc. - 5.500% Senior",0
TMUSL,"T-Mobile US, Inc. - 6.250% Senior",0
TMUSZ,"T-Mobile US, Inc. - 5.500% Senior",0
TMV,Direxion Daily 20-Year Treasury Bear 3X,1
TMVE,Thrivent Mid Cap Value ETF,1
TMYY,GraniteShares YieldBOOST TSM ETF,1
TNA,Direxion Small Cap Bull 3X ETF,1
TNC,Tennant,0
TNDM,Tandem Diabetes Care,0
TNET,TriNet,0
TNGX,Tango Therapeutics,0
TNGY,Tortoise Energy ETF,1
TNK,Teekay Tankers,0
TNL,Travel Leisure,0
TNMG,TNL Mediagene,0
TNON,Tenon Medical,0
TNONW,Tenon Medical,0
TNUK,Tortoise Nuclear Renaissance ETF,1
TNXP,Tonix Pharmaceuticals,0
TNXT,T. Rowe Price Innovation Leaders ETF,1
TNYA,Tenaya Therapeutics,0
TOAK,Manager Directed Portfolios Twin Oak Short Horizon Absolute Return ETF,1
TOAO,Twin Oak Active Opport,1
TOCT,Innovator Equity Defined Protection ETF - 2 Yr to October 2027,1
TOGA,Managed Portfolio Series Tremblant Global ETF,1
TOI,The Oncology Institute,0
TOIIW,The Oncology Institute,0
TOK,iShares MSCI Kokusai ETF,1
TOL,Toll Brothers,0
TOLL,Tema Monopolies and Oligopolies ETF,1
TOLZ,ProShares DJ Brookfield Global Infrastructure ETF,1
TOMZ,TOMI Environmental Solutions,0
TONT,Graf Global,0
TONX,TON Strategy,0
TOON,Kartoon Studios,0
TOP,TOP Financial,0
TOPC,iShares S&P 500 3% Capped ETF,1
TOPP,Toppoint,0
TOPS,TOP Ships,0
TOPT,iShares Top 20 U.S. Stocks ETF,1
TOPW,Roundhill Top WeeklyPay ETF,1
TORO,Toro,0
TOS,Twin Oak Strategic Solutions ETF,1
TOST,Toast,0
TOT,LionShares U.S. Equity Total Return ETF,1
TOTL,State Street DoubleLine Total Return Tactical ETF,1
TOTR,T. Rowe Price Total Return ETF,1
TOUR,Tuniu,0
TOUS,T. Rowe Price International Equity ETF,1
TOV,JLens 500 Jewish Advocacy U.S. ETF,1
TOVX,Theriva Biologics,0
TOWN,Towne Bank,0
TOXR,21Shares XRP ETF,1
TOYO,TOYO,0
TPAY,Roundhill S&P 500 Target 10 Managed Distribution ETF,1
TPB,Turning Point Brands,0
TPC,Tutor Perini,0
TPCS,TechPrecision,0
TPET,Trio Petroleum,0
TPFC,Timothy Plan Free Cash Flow ETF,1
TPFG,Timothy Plan Free Cash Flow Growth ETF,1
TPFI,Timothy Plan Fixed Income ETF,1
TPG,TPG,0
TPGXL,TPG Inc. - 6.950% Fixed-Rate Junior Subordinated,0
TPHD,Timothy Plan High Dividend Stock ETF,1
TPIF,Timothy Plan International ETF,1
TPL,Texas Pacific Land,0
TPLC,Timothy Plan US Large/Mid Cap Core ETF,1
TPLS,Thornburg Core Plus Bond ETF,1
TPLX,Corgi TPL 2x Daily ETF,1
TPOR,Direxion Daily Transportation Bull 3X ETF,1
TPR,Tapestry,0
TPRY,VistaShares Target 15 TEPRTantrum Contrarian Distribution ETF,1
TPSC,Timothy Plan US Small Cap Core ETF,1
TPST,Tempest Therapeutics,0
TPTS,"Terra Property Trust, Inc. 7.00% Senior Secured",0
TPUT,T. Rowe Price Capital Appreciation Market Opport,1
TPVG,TriplePoint Venture Growth BDC,0
TPYP,Tortoise North American Pipeline ETF,1
TPZ,Tortoise Electrification Infrastructure ETF,1
TQQQ,ProShares UltraPro QQQ,1
TQQY,GraniteShares YieldBOOST QQQ ETF,1
TR,Tootsie Roll Industries,0
TRAD,APEX Tech Acquisition,0
TRAK,ReposiTrak,0
TRAW,Traws Pharma,0
TRAX,First Tracks Biotherapeutics,0
TRBF,Angel Oak Total Return ETF,1
TRC,Tejon Ranch,0
TRDA,Entrada Therapeutics,0
TREE,LendingTree,0
TREX,Trex,0
TRFK,Pacer Data and Digital Revolution ETF,1
TRFM,AAM Transformers ETF,1
TRGP,Targa Resources,0
TRGS,TRG Latin America Acquisitions,0
TRGSR,TRG Latin America Acquisitions,0
TRGSU,TRG Latin America Acquisitions,0
TRI,Thomson Reuters,0
TRIB,Trinity Biotech,0
TRIN,Trinity Capital,0
TRIO,MC Trio Equity Buffered ETF,1
TRIP,TripAdvisor,0
TRLV,Trulieve Cannabis Corp. Subordinate Voting Shares,0
TRMB,Trimble,0
TRMD,TORM,0
TRMK,Trustmark,0
TRN,Trinity Industries,0
TRND,Pacer Trendpilot Fund of Funds ETF,1
TRNI,Trinity Capital Inc. 7.875%,0
TRNO,Terreno Realty,0
TRNR,Interactive Strength,0
TRNS,Transcat,0
TRNZ,Trinity Capital Inc. 7.875%,0
TRON,Tron,0
TROO,TROOPS,0
TROT,Invesco MSCI Treasury Duration Rotation ETF,1
TROW,T. Rowe Price,0
TROX,Tronox,0
TRP,TC Energy,0
TRPA,Hartford AAA CLO ETF,1
TRS,TriMas,0
TRSG,Tungray Technologies,0
TRST,TrustCo Bank Corp NY,0
TRSY,Xtrackers US 0-1 Year Treasury ETF,1
TRT,Trio-Tech International,0
TRTX,TPG RE Finance Trust,0
TRTY,Cambria Trinity ETF,1
TRU,TransUnion,0
TRUC,VanEck Communication Services TruSector ETF,1
TRUD,VanEck Consumer Discretionary TruSector ETF,1
TRUF,VanEck Financials TruSector ETF,1
TRUG,TruGolf,0
TRUH,VanEck Healthcare TruSector ETF,1
TRUI,VanEck Industrials TruSector ETF,1
TRUM,VanEck Materials TruSector ETF,1
TRUN,VanEck Energy TruSector ETF,1
TRUO,VanEck Consumer Staples TruSector ETF,1
TRUP,Trupanion,0
TRUR,VanEck Real Estate TruSector ETF,1
TRUT,VanEck Technology TruSector ETF,1
TRUU,VanEck Utilities TruSector ETF,1
TRV,The Travelers Companies,0
TRVG,trivago N.V,0
TRVI,Trevi Therapeutics,0
TRX,TRX Gold,0
TS,Tenaris S.A,0
TSAT,Telesat,0
TSBK,Timberland Bancorp,0
TSCM,TimesSquare Quality Mid Cap Growth ETF,1
TSCO,Tractor Supply,0
TSCV,Thrivent Small Cap Value ETF,1
TSDD,GraniteShares 2x Short TSLA Daily ETF,1
TSEC,Touchstone Securitized Income ETF,1
TSEG,Leverage Shares 2X Long TSEM Daily ETF,1
TSEL,Touchstone Sands Capital US Select Growth ETF,1
TSEM,Tower Semiconductor,0
TSEP,FT Vest Emerging Market Buffer ETF - September,1
TSES,Truth Social American Energy Security ETF,1
TSEU,Tradr 2X Long TSEM Daily ETF,1
TSHA,Taysha Gene Therapies,0
TSI,TCW Strategic Income Fund,0
TSIB,Direxion TSLA Defined Income Boost ETF,1
TSIC,Truth Social American Icons ETF,1
TSII,REX TSLA Growth & Income ETF,1
TSL,GraniteShares 1.25x Long TSLA Daily ETF,1
TSLA,Tesla,0
TSLG,Leverage Shares 2X Long TSLA Daily ETF,1
TSLI,ProShares Ultra TSLA,1
TSLL,Direxion Daily TSLA Bull 2X ETF,1
TSLP,Kurv Yield Premium Strategy Tesla (TSLA) ETF,1
TSLQ,Tradr 2X Short TSLA Daily ETF,1
TSLR,GraniteShares 2x Long TSLA Daily ETF,1
TSLS,Direxion Daily TSLA Bear 1X ETF,1
TSLT,T-REX 2X Long Tesla Daily Target ETF,1
TSLW,Roundhill TSLA WeeklyPay ETF,1
TSLX,Sixth Street Specialty Lending,0
TSLY,YieldMax TSLA Option Income Strategy ETF,1
TSLZ,T-Rex 2X Inverse Tesla Daily Target ETF,1
TSM,Taiwan Semiconductor Manufacturing,0
TSME,Thrivent Small-Mid Cap Equity ETF,1
TSMG,Leverage Shares 2X Long TSM Daily ETF,1
TSMU,GraniteShares 2x Long TSM Daily ETF,1
TSMX,Direxion Daily TSM Bull 2X ETF,1
TSMY,YieldMax TSM Option Income Strategy ETF,1
TSMZ,Direxion Daily TSM Bear 1X ETF,1
TSN,Tyson Foods,0
TSNF,Truth Social American Next Frontiers ETF,1
TSOL,21Shares Solana ETF,1
TSPA,T. Rowe Price U.S. Equity Research ETF,1
TSPX,Twin Oak Active Opport,1
TSPY,TappAlpha S&P 500 Growth & Daily Income ETF,1
TSQ,Townsquare Media,0
TSRS,Truth Social American Red State REITs ETF,1
TSSD,Truth Social American Security & Defense ETF,1
TSSI,TSS,0
TSUI,21Shares Sui ETF,1
TSXD,Direxion Daily Semiconductors Top 5 Bear 2X ETF,1
TSXU,Direxion Daily Semiconductors Top 5 Bull 2X ETF,1
TSYW,Roundhill Treasury Bond WeeklyPay ETF,1
TSYX,TSPY Lift ETF,1
TSYY,GraniteShares YieldBOOST TSLA ETF,1
TT,Trane Technologies,0
TTAM,Titan America,0
TTAN,ServiceTitan,0
TTC,Toro Company (The),0
TTD,The Trade Desk,0
TTDU,T-REX 2X Long TTD Daily Target ETF,1
TTE,TotalEnergies,0
TTEC,TTEC,0
TTEK,Tetra Tech,0
TTEQ,T. Rowe Price Technology ETF,1
TTGT,TechTarget,0
TTI,Tetra Technologies,0
TTMI,TTM Technologies,0
TTMX,Tradr 2X Long TTMI Daily ETF,1
TTOP,21Shares FTSE Crypto 10 Index ETF,1
TTRX,Turn Therapeutics,0
TTT,ProShares UltraPro Short 20 Year Treasury,1
TTWO,Take-Two Interactive Software,0
TTXD,Direxion Daily Technology Top 5 Bear 2X ETF,1
TTXU,Direxion Daily Technology Top 5 Bull 2X ETF,1
TU,Telus,0
TUA,Simplify Short Term Treasury Futures Strategy ETF,1
TUG,STF Tactical Growth ETF,1
TUGN,STF Tactical Growth & Income ETF,1
TULP,Bloomia,0
TUR,iShares MSCI Turkey ETF,1
TURB,"Turbo Energy, S.A",0
TURF,T. Rowe Price Natural Resources ETF,1
TUSB,Thrivent Ultra Short Bond ETF,1
TUSI,Touchstone Ultra Short Income ETF,1
TUSK,Mammoth Energy Services,0
TUYA,Tuya,0
TV,Grupo Televisa S.A.B,0
TVA,Texas Ventures Acquisition III,0
TVACU,Texas Ventures Acquisition III,0
TVACW,Texas Ventures Acquisition III,0
TVAI,Thayer Ventures Acquisition Corporation II,0
TVAIR,Thayer Ventures Acquisition Corporation II,0
TVAIU,Thayer Ventures Acquisition Corporation II,0
TVAL,T. Rowe Price Value ETF,1
TVC,Tennessee Valley Authority,0
TVE,Tennessee Valley Authority,0
TVGN,Tevogen,0
TVGNW,Tevogen,0
TVIV,Texas Ventures Acquisition IV,0
TVIVU,Texas Ventures Acquisition IV,0
TVIVW,Texas Ventures Acquisition IV,0
TVRD,Tvardi Therapeutics,0
TVTX,Travere Therapeutics,0
TW,Tradeweb Markets,0
TWAV,TaoWeave,0
TWFG,TWFG,0
TWG,Top Wealth,0
TWI,"Titan International, Inc. (DE)",0
TWIN,Twin Disc,0
TWLO,Twilio,0
TWLV,Twelve Seas Investment Company III,0
TWLVR,Twelve Seas Investment Company III,0
TWLVU,Twelve Seas Investment Company III,0
TWM,ProShares UltraShort Russell2000,1
TWN,"Taiwan Fund, Inc. (The)",0
TWOD,Two Harbors Investments Corp 9.375% Senior,0
TWOX,iShares Large Cap Accelerated Outcome ETF,1
TWSC,Corgi TSM 2x Daily ETF,1
TWST,Twist Bioscience,0
TX,Ternium S.A. Ternium S.A,0
TXBC,21Shares FTSE Crypto 10 ex-BTC Index ETF,1
TXG,10x Genomics,0
TXMD,TherapeuticsMD,0
TXN,Texas Instruments,0
TXNM,TXNM Energy,0
TXNU,Direxion Daily TXN Bull 2X ETF,1
TXO,"TXO Partners, L.P. Common",0
TXRH,Texas Roadhouse,0
TXS,Texas Capital Texas Equity Index ETF,1
TXT,Textron,0
TXUE,Thornburg International Equity ETF,1
TXUG,Thornburg International Growth Fund ETF,1
TXXD,21Shares 2x Long Dogecoin ETF,1
TXXH,21Shares 2x Long HYPE ETF,1
TXXI,BondBloxx IR+M Tax-Aware Intermediate Duration ETF,1
TXXS,21Shares 2x Long Sui ETF,1
TY,Tri Continental,0
TYA,Simplify Intermediate Term Treasury Futures Strategy ETF,1
TYD,Direxion Daily 10-Yr Treasury Bull 3x Shrs,1
TYG,Tortoise Energy Infrastructure,0
TYGO,Tigo Energy,0
TYL,Tyler Technologies,0
TYLD,Cambria Tactical Yield ETF,1
TYLG,Global X Information Technology Covered Call & Growth ETF,1
TYO,Direxion Daily 10-Yr Treasury Bear 3x Shrs,1
TYRA,Tyra Biosciences,0
TYYY,xETFs TSLA Daily Income ETF,1
TZA,Direxion Small Cap Bear 3X ETF,1
TZOO,Travelzoo,0
U,,0
UA,Under Armour,0
UAA,Under Armour,0
UAC,,0
UAE,iShares MSCI UAE ETF,1
UAL,,0
UAMY,,0
UAN,"CVR Partners, LP Common",0
UAPR,Innovator U.S. Equity Ultra Buffer ETF - April,1
UAUG,Innovator U.S. Equity Ultra Buffer ETF - August,1
UAVS,AgEagle Aerial Systems,0
UBCP,,0
UBER,Uber Technologies,0
UBEW,Roundhill UBER WeeklyPay ETF,1
UBND,VictoryShares Core Plus Bond ETF,1
UBOT,"Direxion Daily Robotics, Artificial Intelligence & Automation Index Bull 2X ETF",1
UBR,ProShares Ultra MSCI Brazil Capped,1
UBRL,GraniteShares 2x Long UBER Daily ETF,1
UBS,UBS Group AG Registered,0
UBSI,,0
UBT,ProShares Ultra 20+ Year Treasury,1
UCAR,U Power,0
UCB,,0
UCC,ProShares Ultra Consumer Discretionary,1
UCFI,CN Healthy Food Tech,0
UCFIW,CN Healthy Food Tech,0
UCIB,"ETRACS UBS Bloomberg Constant Maturity Commodity Index (CMCI) Total Return ETN Series B due April 5, 2038",0
UCL,uCloudlink,0
UCO,ProShares Ultra Bloomberg Crude Oil,1
UCON,First Trust Smith Unconstrained Bond ETF,1
UCOP,ProShares Ultra Copper K-1 Free ETF,1
UCRD,VictoryShares Corporate Bond ETF,1
UCTT,Ultra Clean,0
UCTX,Corgi UCTT 2x Daily ETF,1
UCYB,ProShares Ultra Nasdaq Cybersecurity,1
UDEC,Innovator U.S. Equity Ultra Buffer ETF - December,1
UDI,USCF Dividend Income Fund,1
UDIV,Franklin U.S. Core Dividend Tilt Index ETF,1
UDN,Invesco DB USD Index Bearish ETF,1
UDOW,ProShares UltraPro Dow30,1
UDR,UDR,0
UE,Urban Edge Properties,0
UEC,Uranium Energy,0
UECG,Leverage Shares 2x Long UEC Daily ETF,1
UEIC,Universal Electronics,0
UEVM,VictoryShares Emerging Markets Value Momentum ETF,1
UFCS,,0
UFEB,Innovator U.S. Equity Ultra Buffer ETF - February,1
UFG,Uni-Fuels,0
UFI,"Unifi, Inc. New",0
UFIV,US Treasury 5 Year,1
UFO,Procure Space ETF,1
UFOD,Tuttle Capital UFO Disclosure ETF,1
UFOX,Defiance Space and Connective Tech ETF,1
UFPI,UFP Industries,0
UFPT,UFP Technologies,0
UG,,0
UGA,,1
UGE,ProShares Ultra Consumer Staples,1
UGI,UGI,0
UGL,ProShares Ultra Gold,1
UGLD,Direxion Daily Gold Bull 2X ETF,1
UGP,Ultrapar Participacoes S.A. (New),0
UHAL,U-Haul,0
UHS,Universal Health Services,0
UHT,Universal Health Realty Income Trust,0
UI,Ubiquiti,0
UIS,Unisys Corporation New,0
UITB,VictoryShares Core Intermediate Bond ETF,1
UIVM,VictoryShares International Value Momentum ETF,1
UJAN,Innovator U.S. Equity Ultra Buffer ETF - January,1
UJB,ProShares Ultra High Yield ETF,1
UJUL,Innovator U.S. Equity Ultra Buffer ETF - July,1
UJUN,Innovator U.S. Equity Ultra Buffer ETF - June,1
UK,Ucommune International,0
UL,Unilever,0
ULBI,Ultralife,0
ULCC,Frontier,0
ULE,ProShares Ultra Euro,1
ULH,Universal Logistics,0
ULS,UL Solutions,0
ULST,State Street Ultra Short Term Bond ETF,1
ULTA,Ulta Beauty,0
ULTI,REX IncomeMax Option Strategy ETF,1
ULTY,YieldMax Ultra Option Income Strategy ETF,1
ULVM,VictoryShares US Value Momentum ETF,1
UMAC,Unusual Machines,0
UMAL,Defiance Daily Target 2X Long UMAC ETF,1
UMAR,Innovator U.S. Equity Ultra Buffer ETF - March,1
UMAY,Innovator U.S. Equity Ultra Buffer ETF - May,1
UMBF,UMB Financial,0
UMBFO,UMB Financial,0
UMC,,0
UMCX,Corgi UMC 2x Daily ETF,1
UMDD,UltraPro MidCap400,1
UMH,UMH Properties,0
UMI,USCF Midstream Energy Income Fund ETF,1
UMMA,Wahed Dow Jones Islamic World ETF,1
UN,Corgi UNH 2x Daily ETF,1
UNB,Union Bankshares,0
UNCY,Unicycive Therapeutics,0
UNF,Unifirst,0
UNFI,,0
UNG,,1
UNH,,0
UNHG,Leverage Shares 2X Long UNH Daily ETF,1
UNHU,Direxion Daily UNH Bull 2X ETF,1
UNHW,Roundhill UNH WeeklyPay ETF,1
UNIT,,0
UNIY,WisdomTree Voya Yield Enhanced USD Universal Bond Fund,1
UNL,,1
UNM,Unum,0
UNMA,Unum Group 6.250% Junior Subordinated,0
UNOV,Innovator U.S. Equity Ultra Buffer ETF - November,1
UNP,Union Pacific,0
UNTY,,0
UNX,Tradr 2X Long U Daily ETF,1
UOCT,Innovator U.S. Equity Ultra Buffer ETF - October,1
UONE,Urban One,0
UONEK,Urban One,0
UP,Wheels Up Experience,0
UPAL,ProShares Ultra Palladium K-1 Free ETF,1
UPAR,UPAR Ultra Risk Parity ETF,1
UPB,Upstream Bio,0
UPBD,Upbound,0
UPC,Universe Pharmaceuticals,0
UPGD,Invesco Bloomberg Analyst Rating Improvers ETF,1
UPGR,Xtrackers US Green Infrastructure Select Equity ETF,1
UPLD,Upland Software,0
UPLT,ProShares Ultra Platinum K-1 Free ETF,1
UPRO,ProShares UltraPro S&P 500,1
UPS,,0
UPSC,Corgi UPST 2x Daily ETF,1
UPSD,Aptus Large Cap Upside ETF,1
UPST,Upstart,0
UPSX,Tradr 2X Long UPST Daily ETF,1
UPV,ProShares Ultra FTSE Europe,1
UPW,ProShares Ultra Utilities,1
UPWK,Upwork,0
UPXI,Upexi,0
URA,Global X Uranium ETF,1
URAA,Direxion Daily Uranium Industry Bull 2X ETF,1
URAN,Themes Uranium & Nuclear ETF,1
URBN,Urban Outfitters,0
URE,ProShares Ultra Real Estate,1
URG,Ur Energy,0
URGN,UroGen Pharma,0
URI,,0
URNJ,Sprott Junior Uranium Miners ETF,1
URNM,Sprott Uranium Miners ETF,1
UROY,Uranium Royalty,0
URSP,ProShares Ultra S&P 500 Equal Weight,1
URTH,iShares MSCI World ETF,1
URTY,ProShares UltraPro Russell2000,1
USA,Liberty All-Star Equity Fund,0
USAC,"USA Compression Partners, LP Common",0
USAF,Atlas America Fund,1
USAI,Pacer American Energy Infrastructure ETF,1
USAR,USA Rare Earth,0
USAS,Americas Gold and Silver,0
USAU,U.S. Gold,0
USAX,Tradr 2X Long USAR Daily ETF,1
USB,U.S. Bancorp,0
USBC,USBC,0
USCA,Xtrackers MSCI USA Climate Action Equity ETF,1
USCB,USCB Financial,0
USCI,,1
USCL,iShares Climate Conscious & Transition MSCI USA ETF,1
USD,ProShares Ultra Semiconductors,1
USDE,StablecoinX,0
USDEW,StablecoinX,0
USDU,WisdomTree Bloomberg U.S. Dollar Bullish Fund,1
USDX,SGI Enhanced Core ETF,1
USE,USCF Energy Commodity Strategy Absolute Return Fund,1
USEA,,0
USEP,Innovator U.S. Equity Ultra Buffer ETF - September,1
USEW,Cambria US EW ETF,1
USFD,US Foods,0
USFE,First Eagle US Equity ETF,1
USFI,BrandywineGLOBAL - U.S. Fixed Income ETF,1
USFR,WisdomTree Floating Rate Treasury Fund,1
USG,USCF Gold Strategy Plus Income Fund,1
USGG,Leverage Shares 2X Long USAR Daily ETF,1
USGO,U.S. GoldMining,0
USHY,iShares Broad USD High Yield Corporate Bond ETF,1
USIG,iShares Broad USD Investment Grade Corporate Bond ETF,1
USIN,WisdomTree 7-10 Year Laddered Treasury Fund,1
USIO,Usio,0
USL,,1
USLM,,0
USLN,iShares Broad USD Floating Rate Loan ETF,1
USLV,Direxion Daily Silver Bull 2X ETF,1
USMC,Principal U.S. Mega-Cap ETF,1
USMD,CoreValues America First Technology ETF,1
USMF,WisdomTree U.S. Multifactor Fund,1
USML,ETRACS 2x Leveraged MSCI US Minimum Volatility Factor TR ETN,1
USMV,iShares MSCI USA Min Vol Factor ETF,1
USNA,USANA Health Sciences,0
USNG,Amplify Samsung U.S. Natural Gas Infrastructure ETF,1
USNZ,Xtrackers Net Zero Pathway Paris Aligned US Equity ETF,1
USO,,1
USOI,"ETRACS Crude Oil Shares Covered Call ETNs due April 24, 2037",1
USOY,Defiance Oil Enhanced Options Income ETF,1
USPH,U.S. Physical Therapy,0
USPX,Franklin U.S. Equity Index ETF,1
USRT,iShares Core U.S. REIT ETF,1
USSE,Segall Bryant & Hamill Trust Segall Bryant & Hamill Select Equity ETF,1
USSG,Xtrackers MSCI USA Selection Equity ETF,1
USSH,WisdomTree 1-3 Year Laddered Treasury Fund,1
UST,ProShares Ultra 7-10 Year Treasury,1
USTB,VictoryShares Short-Term Bond ETF,1
USVM,VictoryShares US Small Mid Cap Value Momentum ETF,1
USVN,US Treasury 7 Year,1
USX,Corgi Total U.S. Market 2x Daily ETF,1
USXF,iShares ESG Advanced MSCI USA ETF,1
UTEN,US Treasury 10 Year,1
UTES,Virtus Reaves Utilities ETF,1
UTF,Cohen & Steers Infrastructure Fund,0
UTG,Reaves Utility Income Fund,0
UTHR,,0
UTHY,US Treasury 30 Year Bond ETF,1
UTI,Universal Technical Institute,0
UTL,,0
UTMD,Utah Medical Products,0
UTRE,US Treasury 3 Year,1
UTSI,UTStarcom,0
UTSL,Direxion Daily Utilities Bull 3X ETF,1
UTWO,US Treasury 2 Year,1
UTWY,US Treasury 20 Year Bond ETF,1
UTZ,Utz Brands,0
UUP,Invesco DB USD Index Bullish Fund ETF,1
UUPP,Principal CLO ETF,1
UUU,Universal Safety Products,0
UUUC,Corgi UUUU 2x Daily ETF,1
UUUG,Leverage Shares 2X Long UUUU Daily ETF,1
UUUU,Energy Fuels,0
UVE,UNIVERSAL INSURANCE,0
UVIX,2x Long VIX Futures ETF,1
UVSP,Univest Financial,0
UVV,Universal,0
UVXY,ProShares Ultra VIX Short Term Futures ETF,1
UWM,ProShares Ultra Russell2000,1
UWMC,UWM,0
UX,Roundhill Uranium ETF,1
UXAP,FT Vest U.S. Equity Uncapped Accelerator ETF - April,1
UXI,ProShares Ultra Industrials,1
UXIN,Uxin,0
UXJA,FT Vest U.S. Equity Uncapped Accelerator ETF - January,1
UXJL,FT Vest U.S. Equity Uncapped Accelerator ETF - July,1
UXOC,FT Vest U.S. Equity Uncapped Accelerator ETF - October,1
UXRP,ProShares Ultra XRP ETF,1
UYG,ProShares Ultra Financials,1
UYLD,Angel Oak UltraShort Income ETF,1
UYM,ProShares Ultra Materials,1
UYSC,UY Scuti Acquisition,0
UYSCR,UY Scuti Acquisition,0
UYSCU,UY Scuti Acquisition,0
UZD,"Array Digital Infrastructure, Inc. 6.250% Senior",0
UZE,"Array Digital Infrastructure, Inc. 5.500% Senior",0
UZF,"Array Digital Infrastructure, Inc. 5.500% Senior",0
UZX,Linkage Global,0
V,Visa,0
VABK,Virginia National Bankshares,0
VABS,Virtus Newfleet ABS/MBS ETF,1
VAC,Marriott Vacations Worldwide,0
VACI,Viking Acquisition Corp. I,0
VAIE,VegaShares US Equity Autocallable Income ETF,1
VAL,Valaris,0
VALE,VALE S.A,0
VALG,Leverage Shares 2X Long VALE Daily ETF,1
VALN,Valneva,0
VALQ,American Century U.S. Quality Value ETF,1
VALU,Value Line,0
VAMO,Cambria Value and Momentum ETF,1
VANI,Vivani Medical,0
VATE,INNOVATE,0
VAVX,VanEck Avalanche ETF,1
VAW,Vanguard Materials ETF,1
VB,Vanguard Morningstar Small-Cap ETF,1
VBCA,Vanguard Target Maturity 2027 Corporate Bond ETF,1
VBCB,Vanguard Target Maturity 2028 Corporate Bond ETF,1
VBCC,Vanguard Target Maturity 2029 Corporate Bond ETF,1
VBCD,Vanguard Target Maturity 2030 Corporate Bond ETF,1
VBCE,Vanguard Target Maturity 2031 Corporate Bond ETF,1
VBCF,Vanguard Target Maturity 2032 Corporate Bond ETF,1
VBCG,Vanguard Target Maturity 2033 Corporate Bond ETF,1
VBCH,Vanguard Target Maturity 2034 Corporate Bond ETF,1
VBCI,Vanguard Target Maturity 2035 Corporate Bond ETF,1
VBCJ,Vanguard Target Maturity 2036 Corporate Bond ETF,1
VBF,Invesco Bond Fund,0
VBIL,Vanguard 0-3 Month Treasury Bill ETF,1
VBIO,Valion Bio,0
VBK,Vanguard Morningstar Small-Cap Growth ETF,1
VBNB,VanEck BNB ETF,1
VBND,Vident U.S. Bond Strategy ETF,1
VBNK,VersaBank,0
VBR,Vanguard Morningstar Small-Cap Value ETF,1
VBX,Corgi U.S. Small-Cap 2x Daily ETF,1
VC,Visteon,0
VCEB,Vanguard ESG U.S. Corporate Bond ETF,1
VCEL,Vericel,0
VCHY,Vanguard U.S. High-Yield Corporate Bond Index ETF,1
VCIG,VCI Global,0
VCIT,Vanguard Intermediate-Term Corporate Bond ETF,1
VCLN,Virtus Duff & Phelps Clean Energy ETF,1
VCLT,Vanguard Long-Term Corporate Bond ETF,1
VCOB,Voya Core Bond ETF,1
VCR,Vanguard Consumer Discretion ETF,1
VCRB,Vanguard Core Bond ETF,1
VCRE,Vicore Pharma Holding AB,0
VCRM,Vanguard Core Tax-Exempt Bond ETF,1
VCSH,Vanguard Short-Term Corporate Bond ETF,1
VCTR,Victory Capital,0
VCV,Invesco California Value Municipal Income Trust,0
VCX,Fundrise Innovation Fund,0
VCYT,Veracyte,0
VDC,Vanguard Consumer Staples ETF,1
VDE,Vanguard Energy ETF,1
VDG,Vanguard Developed Markets ex-US Growth Index ETF,1
VDI,Virtus International Dividend ETF,1
VDIG,Vanguard Wellington Dividend Growth Active ETF,1
VDV,Vanguard Developed Markets ex-US Value Index ETF,1
VEA,Vanguard FTSE Developed Markets ETF,1
VECA,Vernal Capital Acquisition,0
VECO,Veeco Instruments,0
VEEA,Veea,0
VEEAW,Veea,0
VEEE,Twin Vee PowerCats,0
VEEV,Veeva Systems,0
VEFA,VanEck MSCI EAFE Analyst Sentiment ETF,1
VEGA,AdvisorShares STAR Global Buy-Write ETF,1
VEGI,iShares MSCI Agriculture Producers ETF,1
VEGN,US Vegan Climate ETF,1
VEL,Velocity Financial,0
VELL,Defiance Daily Target 2X Long VELO ETF,1
VELO,Velo3D,0
VEM,Virtus Emerging Markets Dividend ETF,1
VEMY,Virtus Stone Harbor Emerging Markets High Yield Bond ETF,1
VENU,Venu,0
VEON,VEON,0
VERA,Vera Therapeutics,0
VERI,Veritone,0
VERS,ProShares Metaverse ETF,1
VERU,Veru,0
VERX,Vertex,0
VET,Vermilion Energy Inc. Common (Canada),0
VETZ,Academy Veteran Bond ETF,1
VEU,Vanguard FTSE All World Ex US ETF,1
VEXC,Vanguard Emerging Markets Ex-China ETF,1
VFC,,0
VFF,Village Farms International,0
VFH,Vanguard Financials ETF,1
VFLO,VictoryShares Free Cash Flow ETF,1
VFMF,Vanguard U.S. Multifactor ETF,1
VFMO,Vanguard U.S. Momentum Factor ETF,1
VFMV,Vanguard U.S. Minimum Volatility ETF,1
VFQY,Vanguard U.S. Quality Factor ETF,1
VFS,VinFast Auto,0
VFSWW,VinFast Auto,0
VFVA,Vanguard U.S. Value Factor ETF,1
VG,Venture Global,0
VGAS,Verde Clean Fuels,0
VGASW,Verde Clean Fuels,0
VGHY,Vanguard High-Yield Active ETF,1
VGI,Virtus Global Multi-Sector Income Fund,0
VGIT,Vanguard Intermediate-Term Treasury ETF,1
VGK,Vanguard FTSEEuropean ETF,1
VGLT,Vanguard Long-Term Treasury ETF,1
VGM,Invesco Trust for Investment Grade Municipals,0
VGMS,Vanguard Multi-Sector Income Bond ETF,1
VGNT,Versigent,0
VGRO,Virtus Silvant Growth Opport,1
VGSH,Vanguard Short-Term Treasury ETF,1
VGSR,Vert Global Sustainable Real Estate ETF,1
VGT,Vanguard Information Tech ETF,1
VGUS,Vanguard Ultra-Short Treasury ETF,1
VGVT,Vanguard Government Securities Active ETF,1
VGZ,Vista Gold,0
VHC,VirnetX,0
VHCP,Vine Hill Capital Investment Corp. II,0
VHCPU,Vine Hill Capital Investment Corp. II,0
VHCPW,Vine Hill Capital Investment Corp. II,0
VHI,Valhi,0
VHT,Vanguard Health Care ETF,1
VHUB,VenHub Global,0
VIA,Via Transportation,0
VIAG,Leverage Shares 2X Long VIAV Daily ETF,1
VIAV,Viavi Solutions,0
VICE,AdvisorShares Vice ETF,1
VICI,VICI Properties,0
VICR,Vicor,0
VIDA,VIDA Global,0
VIDI,Vident International Equity Strategy ETF,1
VIG,Vanguard Div Appreciation ETF,1
VIGI,Vanguard International Dividend Appreciation ETF,1
VII,Viking Acquisition Corp. II,0
VIK,Viking,0
VINP,Vinci Compass Investments,0
VIOG,Vanguard S&P Small-Cap 600 Growth ETF,1
VIOO,Vanguard S&P Small-Cap 600 ETF,1
VIOT,Viomi Technology,0
VIOV,Vanguard S&P Small-Cap 600 Value ETF,1
VIP,Vulcan Infrastructure and Power,0
VIPS,Vipshop,0
VIR,Vir Biotechnology,0
VIRC,Virco Manufacturing,0
VIRT,Virtu Financial,0
VIS,Vanguard Industrials ETF,1
VISN,Vistance Networks,0
VIST,Vista Energy S.A.B. de C.V,0
VITL,Vital Farms,0
VIV,Telefonica Brasil S.A,0
VIVK,Vivakor,0
VIVO,VivoPower,0
VIVS,VivoSim Labs,0
VIXM,VIX Mid-Term Futures ETF,1
VIXY,VIX Short-Term Futures ETF,1
VKI,Invesco Advantage Municipal Income Trust II,0
VKQ,Invesco Municipal Trust,0
VKTX,Viking Therapeutics,0
VLGEA,Village Super Market,0
VLLU,Harbor AlphaEdge Large Cap Value ETF,1
VLN,Valens Semiconductor,0
VLO,Valero Energy,0
VLOS,Velos Acquisition I,0
VLOSU,Velos Acquisition I,0
VLOSW,Velos Acquisition I,0
VLRS,"Controladora Vuela Compania de Aviacion, S.A.B. de C.V",0
VLT,Invesco High Income Trust II,0
VLTO,Veralto,0
VLU,State Street SPDR S&P 1500 Value Tilt ETF,1
VLUE,iShares MSCI USA Value Factor ETF,1
VLY,Valley National Bancorp,0
VLYPN,Valley National Bancorp - 8.250% Fixed-Rate Reset Non-Cumulative Perpetual,0
VLYPO,Valley National Bancorp - 5.5% Fixed to Floating Rate Series B Non-Cumulative Perpetual,0
VLYPP,Valley National Bancorp - 6.25% Fixed-to-Floating Rate Series A Non-Cumulative Perpetual,0
VMAR,Vision Marine Technologies,0
VMAX,Hartford US Value ETF,1
VMBS,Vanguard Mortgage-Backed Securities ETF,1
VMC,Vulcan Materials Company (Holding Company),0
VMD,Viemed Healthcare,0
VMET,Versamet Royalties,0
VMI,Valmont Industries,0
VMO,Invesco Municipal Opport,0
VMSB,Voya Multi-Sector Income ETF,1
VNAM,Global X MSCI Vietnam ETF,1
VNCE,Vince,0
VNDA,Vanda Pharmaceuticals,0
VNET,VNET,0
VNIE,Vontobel International Equity Active ETF,1
VNLA,Janus Henderson Short Duration Income ETF,1
VNM,VanEck Vietnam ETF,1
VNME,Vendome Acquisition Corporation I,0
VNMEU,Vendome Acquisition Corporation I,0
VNMEW,Vendome Acquisition Corporation I,0
VNO,Vornado Realty Trust,0
VNOM,Viper Energy,0
VNQ,Vanguard Real Estate ETF,1
VNQI,Vanguard Global ex-U.S. Real Estate ETF,1
VNRX,VolitionRX,0
VNSE,Natixis Vaughan Nelson Select ETF,1
VNT,Vontier,0
VNTG,Vantage,0
VO,Vanguard Morningstar Mid-Cap ETF,1
VOC,VOC Energy Trust,0
VOD,Vodafone,0
VOE,Vanguard Morningstar Mid-Cap Value ETF,1
VOLT,Tema Electrification ETF,1
VONE,Vanguard Russell 1000 ETF,1
VONG,Vanguard Russell 1000 Growth ETF,1
VONV,Vanguard Russell 1000 Value ETF,1
VOO,Vanguard S&P 500 ETF,1
VOOG,Vanguard S&P 500 Growth ETF,1
VOOV,Vanguard S&P 500 Value ETF,1
VOOX,Corgi U.S. Large-Cap 2x Daily ETF,1
VOR,Vor Biopharma,0
VOT,Vanguard Morningstar Mid-Cap Growth ETF,1
VOTE,TCW Transform 500 ETF,1
VOX,Vanguard Communication Services ETF,1
VOXP,Vox Populi ETF,1
VOXR,Vox Royalty,0
VOYA,Voya Financial,0
VOYG,Voyager Technologies,0
VPC,Virtus Private Credit Strategy ETF,1
VPFF,Virtus InfraCap Preferred and Income Securities ETF,1
VPG,Vishay Precision,0
VPL,Vanguard FTSE Pacific ETF,1
VPLS,Vanguard Core Plus Bond ETF,1
VPU,Vanguard Utilities ETF,1
VPV,Invesco Pennsylvania Value Municipal Income Trust,0
VPX,Variant Perception Cycle Aware US Equity ETF,1
VRA,Vera Bradley,0
VRAI,Virtus Real Asset Income ETF,1
VRAX,Virax Biolabs,0
VRC,Corgi VRT 2x Daily ETF,1
VRCA,Verrica Pharmaceuticals,0
VRDN,Viridian Therapeutics,0
VREX,Varex Imaging,0
VRIG,Invesco Variable Rate Investment Grade ETF,1
VRM,Vroom,0
VRME,VerifyMe,0
VRNS,Varonis Systems,0
VRP,Invesco Variable Rate Preferred ETF,1
VRRM,Verra Mobility,0
VRSK,Verisk Analytics,0
VRSN,VeriSign,0
VRT,Vertiv,0
VRTL,GraniteShares 2x Long VRT Daily ETF,1
VRTS,Virtus Investment Partners,0
VRTX,Vertex Pharmaceuticals,0
VRXA,Veraxa Biotech,0
VRXAW,Veraxa Biotech,0
VS,Versus Systems,0
VSA,VisionSys AI,0
VSAT,ViaSat,0
VSDA,VictoryShares Dividend Accelerator ETF,1
VSDB,Vanguard Short Duration Bond ETF,1
VSDM,Vanguard Short Duration Tax-Exempt Bond ETF,1
VSEC,VSE,0
VSECU,VSE Corporation - Tangible Equity,0
VSEE,VSee Health,0
VSEEW,VSee Health,0
VSGX,Vanguard ESG International Stock ETF,1
VSH,Vishay Intertechnology,0
VSHY,Virtus Newfleet Short Duration High Yield Bond ETF,1
VSLU,Applied Finance Valuation Large Cap ETF,1
VSME,VS Media,0
VSMV,VictoryShares US Multi-Factor Minimum Volatility ETF,1
VSNT,Versant Media,0
VSOL,VanEck Solana ETF,1
VSS,Vanguard FTSE All-Wld ex-US SmCp Idx ETF,1
VST,Vistra,0
VSTL,Defiance Daily Target 2X Long VST ETF,1
VSTM,Verastem,0
VSTS,Vestis,0
VSXY,Victorias Secret &,0
VT,Vanguard Total World Stock Index ETF,1
VTAK,Catheter Precision,0
VTC,Vanguard Total Corporate Bond ETF,1
VTEB,Vanguard Tax-Exempt Bond ETF,1
VTEC,Vanguard California Tax-Exempt Bond ETF,1
VTEI,Vanguard Tax-Managed Funds Vanguard Intermediate-Term Tax-Exempt Bond ETF,1
VTEL,Vanguard Long-Term Tax-Exempt Bond ETF,1
VTES,Vanguard Wellington Fund Vanguard Short-Term Tax Exempt Bond ETF,1
VTEX,VTEX,0
VTG,Vanguard Total Treasury ETF,1
VTGN,Vistagen Therapeutics,0
VTHR,Vanguard Russell 3000 ETF,1
VTI,Vanguard Morningstar Total Stock Market ETF,1
VTIP,Vanguard Short-Term Inflation-Protected Securities Index Fund ETF Shares,1
VTIX,Virtuix,0
VTMX,"Corporacion Inmobiliaria Vesta, S.A.B de C.V",0
VTN,Invesco Trust for Investment Grade New York Municipals,0
VTOL,Bristow,0
VTP,Vanguard Total Inflation-Protected Securities ETF,1
VTR,Ventas,0
VTRS,Viatris,0
VTS,Vitesse Energy,0
VTSI,VirTra,0
VTV,Vanguard Morningstar Value ETF,1
VTVT,vTv Therapeutics,0
VTWG,Vanguard Russell 2000 Growth ETF,1
VTWO,Vanguard Russell 2000 ETF,1
VTWV,Vanguard Russell 2000 Value ETF,1
VUG,Vanguard Morningstar Growth ETF,1
VUS,Virtus US Dividend ETF,1
VUSB,Vanguard Ultra-Short Bond ETF,1
VUSE,Vident U.S. Equity Strategy ETF,1
VUSG,Vanguard Wellington U.S. Growth Active ETF,1
VUSI,Voya Ultra Short Income ETF,1
VUSV,Vanguard Wellington U.S. Value Active ETF,1
VUZI,Vuzix,0
VV,Vanguard Morningstar Large-Cap ETF,1
VVOS,Vivos Therapeutics,0
VVR,Invesco Senior Income Trust,0
VVV,Valvoline,0
VVX,,0
VWAV,VisionWave,0
VWAVW,VisionWave,0
VWO,Vanguard FTSE Emerging Markets ETF,1
VWOB,Vanguard Emerging Markets Government Bond ETF,1
VXF,Vanguard Extended Market ETF,1
VXUS,Vanguard Total International Stock ETF,1
VXX,iPath Series B S&P 500 VIX Short-Term Futures ETN,0
VXZ,iPath Series B S&P 500 VIX Mid-Term Futures ETN,0
VYGR,Voyager Therapeutics,0
VYLD,"Inverse VIX Short-Term Futures ETNs due March 22, 2045",1
VYM,Vanguard High Dividend Yield ETF,1
VYMI,Vanguard International High Dividend Yield ETF,1
VYX,NCR Voyix,0
VZ,Verizon Communications,0
VZLA,Vizsla Silver,0
W,Wayfair,0
WAB,Westinghouse Air Brake Technologies,0
WABC,Westamerica Bancorporation,0
WABF,Western Asset Bond ETF,1
WAFD,WaFd,0
WAFDP,WaFd,0
WAFU,Wah Fu Education,0
WAGN,Pabrai Wagons ETF,1
WAL,Western Alliance Bancorporation,0
WALD,Waldencast,0
WALDW,Waldencast,0
WAMA,WisdomTree US Adaptive Moving Average Fund,1
WANT,Direxion Daily Consumer Discretionary Bull 3X ETF,1
WAR,U.S. Global Technology and Aerospace & Defense ETF,1
WARP,VanEck Space ETF,1
WASH,Washington Trust Bancorp,0
WAT,Waters,0
WATS,Corgi Battery Energy Storage Systems ETF,1
WATT,Energous,0
WAVE,Eco Wave Power Global AB (publ),0
WAY,Waystar,0
WB,Weibo,0
WBD,Warner Bros. Discovery,0
WBI,WaterBridge Infrastructure LLC Class A Shares Representing Limited Liability Company Interests,0
WBIF,WBI BullBear Value 3000 ETF,1
WBIG,WBI BullBear Yield 3000 ETF,1
WBIL,WBI BullBear Quality 3000 ETF,1
WBIY,WBI Power Factor High Dividend ETF,1
WBS,Webster Financial,0
WBTN,WEBTOON Entertainment,0
WBUY,WEBUY GLOBAL,0
WBX,Wallbox N.V,0
WCAP,WarCap Unconstrained Equity ETF,1
WCBR,WisdomTree Cybersecurity Fund,1
WCC,WESCO International,0
WCEO,Hypatia Women CEO ETF,1
WCLD,WisdomTree Cloud Computing Fund,1
WCME,First Trust WCM Developing World Equity ETF,1
WCMG,First Trust WCM Global Equity ETF,1
WCMI,First Trust WCM International Equity ETF,1
WCN,Waste Connections,0
WCPB,Weitz Core Plus Bond ETF,1
WCT,Wellchange,0
WD,Walker & Dunlop,0
WDAF,WisdomTree Asia Defense Fund,1
WDAI,Pacer S&P World 3AI Top 300 ETF,1
WDAY,Workday,0
WDC,Western Digital,0
WDCC,Corgi WDC 2x Daily ETF,1
WDCX,Tradr 2X Long WDC Daily ETF,1
WDE,Principal Securitized Debt ETF,1
WDEF,WisdomTree Europe Defense Fund,1
WDFC,,0
WDGF,WisdomTree Global Defense Fund,1
WDH,Waterdrop,0
WDI,Western Asset Diversified Income Fund,0
WDIG,WisdomTree Efficient Rare Earth Plus Strategic Metals Fund,1
WDIV,State Street SPDR S&P Global Dividend ETF,1
WDNA,WisdomTree BioRevolution Fund,1
WDRN,"WisdomTree Physical AI, Humanoids and Drones Fund",1
WDS,Woodside Energy,0
WDTE,Defiance S&P 500 Weekly Distribution ETF,1
WEA,Western Asset Bond Fund Share of,0
WEAT,Teucrium Wheat Fund ETV,1
WEAV,Weave Communications,0
WEBL,Direxion Daily Dow Jones Internet Bull 3X ETF,1
WEBS,Direxion Daily Dow Jones Internet Bear 3X ETF,1
WEBX,Corgi Chinese Internet 2x Daily ETF,1
WEC,WEC Energy,0
WEED,Roundhill Cannabis ETF,1
WEEI,Westwood Salient Enhanced Energy Income ETF,1
WEEK,Roundhill Weekly T-Bill ETF,1
WEEL,Peerless Option Income Wheel ETF,1
WELD,Tema U.S. Manufacturing & Reshoring ETF,1
WELL,Welltower,0
WEN,Wendy's Company (The),0
WENC,West Enclave Merger,0
WENN,Wen Acquisition,0
WENNU,Wen Acquisition,0
WENNW,Wen Acquisition,0
WEPN,Nicholas Defense and Rare Earth Income ETF,1
WERN,Werner Enterprises,0
WES,"Western Midstream Partners, LP Common",0
WEST,Westrock Coffee,0
WETH,Wetouch Technology,0
WETO,Wetour Robotics,0
WEX,WEX,0
WEYS,Weyco,0
WF,Woori Financial,0
WFC,Wells Fargo &,0
WFCF,Where Food Comes From,0
WFF,,0
WFG,West Fraser Timber,0
WFRD,Weatherford International,0
WGMI,CoinShares Bitcoin Mining ETF,1
WGO,Winnebago Industries,0
WGS,GeneDx,0
WH,Wyndham Hotels & Resorts,0
WHD,Cactus,0
WHF,"WhiteHorse Finance, Inc. - Closed End Fund",0
WHFCL,"WhiteHorse Finance, Inc. - 7.875%",0
WHG,Westwood,0
WHK,WhiteHawk Minerals,0
WHLR,Wheeler Real Estate Investment Trust,0
WHLRD,"Wheeler Real Estate Investment Trust, Inc. - Series D Cumulative",0
WHLRL,"Wheeler Real Estate Investment Trust, Inc. - 7.00% Senior Subordinated Convertible",0
WHLRP,Wheeler Real Estate Investment Trust,0
WHR,Whirlpool,0
WHWK,Whitehawk Therapeutics,0
WIA,Western Asset Inflation-Linked Income Fund,0
WILC,G. Willi-Food International,0
WIMA,WisdomTree International Adaptive Moving Average Fund,1
WIMI,WiMi Hologram Cloud,0
WINA,Winmark,0
WING,Wingstop,0
WINN,Harbor Long-Term Growers ETF,1
WIP,State Street SPDR FTSE International Government Inflation-Protected Bond ETF,1
WISE,Themes Generative Artificial Intelligence ETF,1
WIT,Wipro,0
WIW,Western Asset Inflation-Linked Opport,0
WIX,Wix.com,0
WK,Workiva,0
WKC,World Kinect,0
WKEY,WISeKey International,0
WKHS,Workhorse,0
WKSP,Worksport,0
WLCOU,Wilco 63,0
WLDN,Willdan,0
WLDR,Simplify Affinity World Leaders Equity ETF,1
WLDS,Wearable Devices,0
WLDSW,Wearable Devices,0
WLDU,Leverage Shares 2x Long World Stock Daily ETF,1
WLFC,Willis Lease Finance,0
WLII,Willow Lane Acquisition Corp. II,0
WLIIU,Willow Lane Acquisition Corp. II,0
WLIIW,Willow Lane Acquisition Corp. II,0
WLK,Westlake,0
WLKP,Westlake Chemical Partners LP Common,0
WLTG,WealthTrust DBS Long Term Growth ETF,1
WLTH,Wealthfront,0
WLY,John Wiley & Sons,0
WLYB,John Wiley & Sons,0
WM,Waste Management,0
WMB,"Williams Companies, Inc. (The)",0
WMG,Warner Music,0
WMK,Weis Markets,0
WMS,Advanced Drainage Systems,0
WMSB,Weitz Multisector Bond ETF,1
WMT,Walmart,0
WMTI,REX WMT Growth & Income ETF,1
WNC,Wabash National,0
WNDR,Corgi Travel & Leisure ETF,1
WNEB,Western New England Bancorp,0
WNTR,YieldMax MSTR Short Option Income Strategy ETF,1
WNW,Meiwu Technology,0
WOK,WORK Medical Technology,0
WOLF,Wolfspeed,0
WOMN,Impact Shares Women's Empowerment ETF,1
WOOD,iShares Global Timber & Forestry ETF,1
WOOF,Petco Health and Wellness,0
WOR,Worthington Enterprises,0
WPAC,White Pearl Acquisition,0
WPC,W. P. Carey Inc. REIT,0
WPM,Wheaton Precious Metals,0
WPP,WPP,0
WPRT,Westport Fuel Systems,0
WQTM,WisdomTree Quantum Computing Fund,1
WR,Corgi U.S. War Machine ETF,1
WRAP,Wrap Technologies,0
WRB,W.R. Berkley,0
WRBY,Warby Parker,0
WRD,WeRide,0
WRLD,World Acceptance,0
WRN,Western Copper and Gold,0
WRND,NYLI Global Equity R&D Leaders ETF,1
WRTH,Worth Charting Options Income ETF,1
WS,Worthington Steel,0
WSBC,WesBanco,0
WSBCO,WesBanco,0
WSBF,Waterstone Financial,0
WSBK,Winchester Bancorp,0
WSC,WillScot,0
WSDB,Weitz Short Duration Bond ETF,1
WSE,Wise,0
WSFS,WSFS Financial,0
WSGE,Warren Street Global Equity ETF,1
WSHP,WeShop,0
WSM,Williams-Sonoma,0
WSMD,Wasatch Small/Mid Cap ETF,1
WSML,iShares MSCI World Small-Cap ETF,1
WSO,Watsco,0
WSPC,WisdomTree Space Economy Fund,1
WST,West Pharmaceutical Services,0
WSTN,Westin Acquisition,0
WSTNR,Westin Acquisition,0
WSTNU,Westin Acquisition,0
WT,WisdomTree,0
WTAI,WisdomTree Artificial Intelligence and Innovation Fund,1
WTBA,West Bancorporation,0
WTBN,WisdomTree Bianco Total Return Fund,1
WTF,Waton Financial,0
WTFC,Wintrust Financial,0
WTFCN,Wintrust Financial,0
WTG,Wintergreen Acquisition,0
WTGUR,Wintergreen Acquisition,0
WTGUU,Wintergreen Acquisition,0
WTI,W&T Offshore,0
WTIB,USCF Oil Plus Bitcoin Strategy Fund,1
WTID,MicroSectors Energy 3X Inverse Leveraged ETNs,1
WTIP,WisdomTree Inflation Plus Fund,1
WTIU,MicroSectors Energy 3X Leveraged ETNs,1
WTLS,WisdomTree Efficient Long/Short U.S. Equity Fund,1
WTM,White Mountains Insurance,0
WTMF,WisdomTree Managed Futures Strategy Fund,1
WTMU,WisdomTree Core Laddered Municipal Fund,1
WTMY,WisdomTree High Income Laddered Municipal Fund,1
WTPI,WisdomTree Equity Premium Income Fund,1
WTRE,WisdomTree New Economy Real Estate Fund,1
WTRG,Essential Utilities,0
WTS,Watts Water Technologies,0
WTTR,Select Water Solutions,0
WTV,WisdomTree U.S. Value Fund,1
WTW,Willis Towers Watson Public,0
WU,Western Union Company (The),0
WUGI,AXS Esoterica NextG Economy ETF,1
WULF,TeraWulf,0
WULX,Tradr 2X Long WULF Daily ETF,1
WVE,Wave Life Sciences,0
WVVI,Willamette Valley Vineyards,0
WVVIP,"Willamette Valley Vineyards, Inc. - Series A Redeemable",0
WW,WW International,0
WWD,Woodward,0
WWJD,Inspire International ETF,1
WWR,Westwater Resources,0
WWW,Wolverine World Wide,0
WX,Corgi All World 2x Daily ETF,1
WXET,Teucrium 2x Daily Wheat ETF,1
WXM,WF International,0
WY,Weyerhaeuser,0
WYFI,WhiteFiber,0
WYFL,Defiance Daily Target 2X Long WYFI ETF,1
WYHG,Wing Yip Food,0
WYNN,Wynn Resorts,0
WYY,WidePoint,0
WZRD,Opportunistic Trader ETF,1
XA,Corgi AI Cybersecurity ETF,1
XAGG,Eaton Vance Income Opport,1
XAGI,Corgi AGIX 2x Daily ETF,1
XAIR,Beyond Air,0
XAIX,Xtrackers Artificial Intelligence and Big Data ETF,1
XAPR,FT Vest U.S. Equity Enhance & Moderate Buffer ETF - April,1
XAR,State Street SPDR S&P Aerospace & Defense ETF,1
XAUG,FT Vest U.S. Equity Enhance & Moderate Buffer ETF - August,1
XB,BondBloxx B-Rated USD High Yield Corporate Bond ETF,1
XBAP,Innovator U.S. Equity Accelerated 9 Buffer ETF - April,1
XBB,BondBloxx BB-Rated USD High Yield Corporate Bond ETF,1
XBCI,NEOS Boosted Bitcoin High Income ETF,1
XBFR,Innovator Equity Managed 10 Buffer ETF,1
XBI,State Street SPDR S&P Biotech ETF,1
XBIL,US Treasury 6 Month Bill ETF,1
XBIO,Xenetic Biosciences,0
XBIT,XBiotech,0
XBIX,Corgi U.S. Biotech 2x Daily ETF,1
XBJA,Innovator U.S. Equity Accelerated 9 Buffer ETF - January,1
XBJL,Innovator U.S. Equity Accelerated 9 Buffer ETF - July,1
XBNB,Teucrium xETFs 2x Long Daily BNB ETF,1
XBOC,Innovator U.S. Equity Accelerated 9 Buffer ETF - October,1
XBOX,Roundhill Ultra Short Duration No Dividend Target ETF,1
XBP,XBP Global,0
XBPEW,XBP Global,0
XBTY,GraniteShares YieldBOOST Bitcoin ETF,1
XC,WisdomTree True Emerging Markets Fund,1
XCBE,X3 Acquisition,0
XCBEU,X3 Acquisition,0
XCBEW,X3 Acquisition,0
XCCC,BondBloxx CCC-Rated USD High Yield Corporate Bond ETF,1
XCEM,Columbia EM Core ex-China ETF,1
XCH,XCHG Limited - ADS,0
XCHG,AB US Equity ETF,1
XCLR,Global X S&P 500 Collar 95-110 ETF,1
XCNY,State Street SPDR S&P Emerging Markets ex-China ETF,1
XCOM,Corgi All Commodities 2x Daily ETF,1
XCOR,FundX ETF,1
XCUR,Exicure,0
XDAT,Franklin Exponential Data ETF,1
XDEC,FT Vest U.S. Equity Enhance & Moderate Buffer ETF - December,1
XDEF,Xtrackers Europe Defense Technologies ETF,1
XDIV,Roundhill S&P 500 No Dividend Target ETF,1
XDQQ,Innovator Growth Accelerated ETF - Quarterly,1
XDSQ,Innovator U.S. Equity Accelerated ETF - Quarterly,1
XDTE,Roundhill S&P 500 0DTE Covered Call Strategy ETF,1
XE,X-Energy,0
XEL,Xcel Energy,0
XELB,Xcel Brands,0
XELLL,Xcel Energy Inc. - 6.25% Junior Subordinated,0
XEMD,BondBloxx JP Morgan USD Emerging Markets 1-10 Year Bond ETF,1
XEML,Xtrackers Europe Market Leaders ETF,1
XENE,Xenon Pharmaceuticals,0
XERS,Xeris Biopharma,0
XES,State Street SPDR S&P Oil & Gas Equipment & Services ETF,1
XEUR,Corgi Europe Equities 2x Daily ETF,1
XEY,GraniteShares YieldBOOST Ether ETF,1
XFEB,FT Vest U.S. Equity Enhance & Moderate Buffer ETF - February,1
XFIV,BondBloxx Bloomberg Five Year Target Duration US Treasury ETF,1
XFLH,XFLH Capital,0
XFLT,XAI Floating Rate & Alternative Income Trust,0
XFLX,FundX Flexible ETF,1
XFOR,X4 Pharmaceuticals,0
XGN,Exagen,0
XHB,State Street SPDR S&P Homebuilders ETF,1
XHE,State Street SPDR S&P Health Care Equipment ETF,1
XHG,XChange TEC.INC,0
XHLD,TEN,0
XHLF,BondBloxx Bloomberg Six Month Target Duration US Treasury ETF,1
XHOA,Corgi U.S. Real Estate 2x Daily ETF,1
XHR,Xenia Hotels & Resorts,0
XHS,State Street SPDR S&P Health Care Services ETF,1
XIDE,FT Vest U.S. Equity Buffer & Premium Income ETF - December,1
XIDV,Franklin International Dividend Booster Index ETF,1
XIFR,"XPLR Infrastructure, LP Common",0
XIGV,Defiance US 100 Tech Ex Software ETF,1
XIIIU,Churchill Capital Corp XIII,0
XIJN,FT Vest U.S. Equity Buffer & Premium Income ETF - June,1
XIMR,FT Vest U.S. Equity Buffer & Premium Income ETF - March,1
XISE,FT Vest U.S. Equity Buffer & Premium Income ETF - September,1
XITK,State Street SPDR FactSet Innovative Technology ETF,1
XIWC,Corgi U.S. Micro-Cap 2x Daily ETF,1
XJAN,FT Vest U.S. Equity Enhance & Moderate Buffer ETF - January,1
XJH,iShares ESG Select Screened S&P Mid-Cap ETF,1
XJR,iShares ESG Select Screened S&P Small-Cap ETF,1
XJUL,FT Vest U.S. Equity Enhance & Moderate Buffer ETF - July,1
XJUN,FT Vest U.S. Equity Enhance & Moderate Buffer ETF - June,1
XKRE,Corgi U.S. Regional Banks 2x Daily ETF,1
XLB,State Street Materials Select Sector SPDR ETF,1
XLBI,State Street Materials Select Sector SPDR Premium Income ETF,1
XLBX,Corgi U.S. Materials 2x Daily ETF,1
XLC,State Street Communication Services Select Sector SPDR ETF,1
XLCI,State Street Communication Services Select Sector SPDR Premium Income ETF,1
XLE,State Street Energy Select Sector SPDR ETF,1
XLEI,State Street Energy Select Sector SPDR Premium Income ETF,1
XLEX,Corgi U.S. Energy 2x Daily ETF,1
XLF,State Street Financial Select Sector SPDR ETF,1
XLFI,State Street Financial Select Sector SPDR Premium Income ETF,1
XLFX,Corgi U.S. Financials 2x Daily ETF,1
XLG,Invesco S&P 500 Top 50 ETF,1
XLI,State Street Industrial Select Sector SPDR ETF,1
XLII,State Street Industrial Select Sector SPDR Premium Income ETF,1
XLIX,Corgi U.S. Industrials 2x Daily ETF,1
XLK,State Street Technology Select Sector SPDR ETF,1
XLKI,State Street Technology Select Sector SPDR Premium Income ETF,1
XLKX,Corgi U.S. Technology 2x Daily ETF,1
XLO,Xilio Therapeutics,0
XLP,State Street Consumer Staples Select Sector SPDR ETF,1
XLPX,Corgi U.S. Consumer Staples 2x Daily ETF,1
XLRE,State Street Real Estate Select Sector SPDR ETF,1
XLRI,State Street Real Estate Select Sector SPDR Premium Income ETF,1
XLSI,State Street Consumer Staples Select Sector SPDR Premium Income ETF,1
XLSR,State Street US Sector Rotation ETF,1
XLU,State Street Utilities Select Sector SPDR ETF,1
XLUI,State Street Utilities Select Sector SPDR Premium Income ETF,1
XLUX,Corgi U.S. Utilities 2x Daily ETF,1
XLV,State Street Health Care Select Sector SPDR ETF,1
XLVI,State Street Health Care Select Sector SPDR Premium Income ETF,1
XLVX,Corgi U.S. Healthcare 2x Daily ETF,1
XLY,State Street Consumer Discretionary Select Sector SPDR ETF,1
XLYI,State Street Consumer Discretionary Select Sector SPDR Premium Income ETF,1
XLYX,Corgi U.S. Consumer Discretionary 2x Daily ETF,1
XMAG,Defiance Large Cap ex-Mag 7 ETF,1
XMAR,FT Vest U.S. Equity Enhance & Moderate Buffer ETF - March,1
XMAX,XMAX,0
XMAY,FT Vest U.S. Equity Enhance & Moderate Buffer ETF - May,1
XME,State Street SPDR S&P Metals & Mining ETF,1
XMHQ,Invesco S&P MidCap Quality ETF,1
XMLV,Invesco S&P MidCap Low Volatility ETF,1
XMMO,Invesco S&P MidCap Momentum ETF,1
XMPT,VanEck CEF Muni Income ETF,1
XMTR,Xometry,0
XMVM,Invesco S&P MidCap Value with Momentum ETF,1
XNAV,FundX Aggressive ETF,1
XNCR,Xencor,0
XNDU,Xanadu Quantum Technologies Limited - Class B Subordinate Voting Shares,0
XNDX,Tradr 2X Long XNDU Daily ETF,1
XNET,Xunlei,0
XNOV,FT Vest U.S. Equity Enhance & Moderate Buffer ETF - November,1
XNTK,State Street SPDR NYSE Technology ETF,1
XOCT,FT Vest U.S. Equity Enhance & Moderate Buffer ETF - October,1
XOEF,iShares S&P 500 ex S&P 100 ETF,1
XOEX,Xtrackers S&P 100 Ex Top 20 ETF,1
XOM,ExxonMobil,0
XOMO,YieldMax XOM Option Income Strategy ETF,1
XOMX,Direxion Daily XOM Bull 2X ETF,1
XONE,BondBloxx Bloomberg One Year Target Duration US Treasury ETF,1
XOP,State Street SPDR S&P Oil & Gas Exploration & Production ETF,1
XOS,Xos,0
XOSWW,Xos,0
XOVL,Defiance Daily Target 2X Long XOVR ETF,1
XOVR,ERShares Private-Public Crossover ETF,1
XP,,0
XPAV,Corgi U.S. Infrastructure 2x Daily ETF,1
XPAY,Roundhill S&P 500 Target 20 Managed Distribution ETF,1
XPEG,Leverage Shares 2X Long XPEV Daily ETF,1
XPEL,XPEL,0
XPER,Xperi,0
XPEV,XPeng,0
XPH,State Street SPDR S&P Pharmaceuticals ETF,1
XPL,Solitario Resources,0
XPND,First Trust Expanded Technology ETF,1
XPO,XPO,0
XPOF,Xponential Fitness,0
XPON,Expion360,0
XPP,ProShares Ultra FTSE China 50,1
XPRO,Expro,0
XQQI,NEOS Boosted Nasdaq-100 High Income ETF,1
XQTM,Corgi Quantum Computing 2x Daily ETF,1
XRAY,DENTSPLY SIRONA,0
XRLX,FundX Conservative ETF,1
XRMI,Global X S&P 500 Risk Managed Income ETF,1
XRN,Chiron Real Estate,0
XRP,Bitwise XRP ETF,1
XRPC,Canary XRP ETF,1
XRPI,Volatility Shares Trust XRP ETF,1
XRPM,Amplify XRP 3% Monthly Option Income ETF,1
XRPN,Armada Acquisition Corp. II,0
XRPNU,Armada Acquisition Corp. II,0
XRPNW,Armada Acquisition Corp. II,0
XRPR,REX-Osprey XRP ETF,1
XRPT,Volatility Shares Trust XRP 2X ETF,1
XRPZ,Franklin XRP ETF,1
XRT,State Street SPDR S&P Retail ETF,1
XRTX,XORTX Therapeutics,0
XRX,Xerox,0
XRXDW,Xerox,0
XSD,State Street SPDR S&P Semiconductor ETF,1
XSEM,Corgi U.S. Semiconductors 2x Daily ETF,1
XSEP,FT Vest U.S. Equity Enhance & Moderate Buffer ETF - September,1
XSHD,Invesco S&P SmallCap High Dividend Low Volatility ETF,1
XSHP,Kurv SpaceX Enhanced Income ETF,1
XSHQ,Invesco S&P SmallCap Quality ETF,1
XSLL,Xsolla SPAC 1,0
XSLLU,Xsolla SPAC 1,0
XSLLW,Xsolla SPAC 1,0
XSLV,Invesco S&P SmallCap Low Volatility ETF,1
XSMO,Invesco S&P SmallCap Momentum ETF,1
XSOE,WisdomTree Emerging Markets Ex-State Owned Enterprises Fund,1
XSPC,VegaShares SpaceX & Beyond Earth ETF,1
XSPI,NEOS Boosted S&P 500 High Income ETF,1
XSVM,Invesco S&P SmallCap Value with Momentum ETF,1
XSVN,BondBloxx Bloomberg Seven Year Target Duration US Treasury ETF,1
XSW,State Street SPDR S&P Software & Services ETF,1
XT,iShares Future Exponential Technologies ETF,1
XTAI,Corgi Taiwan 2x Daily ETF,1
XTAP,Innovator U.S. Equity Accelerated Plus ETF - April,1
XTEN,BondBloxx Bloomberg Ten Year Target Duration US Treasury ETF,1
XTIA,XTI Aerospace,0
XTJA,Innovator U.S. Equity Accelerated Plus ETF - January,1
XTJL,Innovator U.S. Equity Accelerated Plus ETF - July,1
XTL,State Street SPDR S&P Telecom ETF,1
XTLB,XTL Biopharmaceuticals,0
XTN,State Street SPDR S&P Transportation ETF,1
XTNT,Xtant Medical,0
XTOC,Innovator U.S. Equity Accelerated Plus ETF - October,1
XTR,Global X S&P 500 Tail Risk ETF,1
XTRE,BondBloxx Bloomberg Three Year Target Duration US Treasury ETF,1
XTWO,BondBloxx Bloomberg Two Year Target Duration US Treasury ETF,1
XTWY,BondBloxx Bloomberg Twenty Year Target Duration US Treasury ETF,1
XUDV,Franklin U.S. Dividend Booster Index ETF,1
XUSP,Innovator Uncapped Accelerated U.S. Equity ETF,1
XV,Simplify Target 15 Distribution ETF,1
XVO,Corgi U.S. Mid-Cap 2x Daily ETF,1
XVUG,Corgi U.S. Growth 2x Daily ETF,1
XVV,iShares ESG Select Screened S&P 500 ETF,1
XW,Corgi Ex-U.S. Equities 2x Daily ETF,1
XWEL,XWELL,0
XXI,Twenty One Capital,0
XXII,22nd Century,0
XXRP,Teucrium 2x Long Daily XRP ETF,1
XXV,Simplify Ancorato Target 25 Distribution ETF,1
XXX,CYBER HORNET S&P 500 and XRP 75/25 Strategy ETF,1
XYF,X Financial,0
XYL,Xylem,0
XYLD,Global X S&P 500 Covered Call ETF,1
XYLG,Global X S&P 500 Covered Call & Growth ETF,1
XYZ,Block,0
XYZG,Leverage Shares 2X Long XYZ Daily ETF,1
XYZY,YieldMax XYZ Option Income Strategy ETF,1
XZO,Exzeo,0
YAAS,Youxin Technology,0
YALA,Yalla,0
YALL,Truth Social God Bless America ETF,1
YANG,Direxion Daily FTSE China Bear 3X ETF,1
YARW,Yarrow Bioscience,0
YB,Yuanbao,0
YBIT,YieldMax Bitcoin Option Income Strategy ETF,1
YBMN,Defiance BMNR Option Income ETF,1
YBST,GraniteShares YieldBoost Single Stock Universe ETF,1
YBTC,Roundhill Bitcoin Covered Call Strategy ETF,1
YBTY,GraniteShares YieldBoost TopYielders ETF,1
YCBD,cbdMD,0
YCL,ProShares Ultra Yen,1
YCLO,Franklin BSP CLO ETF,1
YCS,ProShares UltraShort Yen New,1
YCY,AA Mission Acquisition Corp. II,0
YDDL,One and One Green Technologies,0
YDEC,FT Vest International Equity Moderate Buffer ETF - December,1
YDES,YD Bio,0
YDESW,YD Bio,0
YDKG,Yueda Digital,0
YEAR,AB Ultra Short Income ETF,1
YELP,Yelp,0
YETH,Roundhill Ether Covered Call Strategy ETF,1
YETI,YETI,0
YEXT,Yext,0
YFFI,Indexperts Yield Focused Fixed Income ETF,1
YFYA,Yields for You Income Strategy A ETF,1
YGLD,Simplify Gold Strategy ETF,1
YHC,LQR House,0
YHGJ,Yunhong Green CTI,0
YHNA,YHN Acquisition I,0
YHNAR,YHN Acquisition I,0
YHNAU,YHN Acquisition I,0
YI,,0
YIBO,Planet Image International,0
YICC,Yorkville International Capital,0
YICCU,Yorkville International Capital,0
YICCW,Yorkville International Capital,0
YINN,Direxion Daily FTSE China Bull 3X ETF,1
YJ,Yunji Inc. - American Depository Shares,0
YJUN,FT Vest International Equity Moderate Buffer ETF - June,1
YLD,Principal Active High Yield ETF,1
YLDE,Franklin ClearBridge Enhanced Income ETF,1
YLDW,Westwood Enhanced Income Opport,1
YMAG,YieldMax Magnificent 7 Fund of Option Income ETFs,1
YMAR,FT Vest International Equity Moderate Buffer ETF - March,1
YMAT,J-Star,0
YMAX,YieldMax Universe Fund of Option Income ETFs,1
YMM,Full Truck Alliance,0
YMT,Yimutian,0
YNOT,Horizon Digital Frontier ETF,1
YOKE,YOKE Core ETF,1
YOLO,AdvisorShares Pure Cannabis ETF,1
YORW,The York Water,0
YOU,Clear Secure,0
YOUL,Youlife,0
YPF,YPF Sociedad Anonima,0
YQ,17 Education & Technology,0
YQQQ,YieldMax Short N100 Option Income Strategy ETF,1
YRD,Yiren Digital,0
YSAG,Y'all Street Physical Silver ETF,1
YSAU,Y'all Street Physical Gold ETF,1
YSEP,FT Vest International Equity Buffer ETF - September,1
YSG,Yatsen,0
YSPC,YieldMax SPCX Option Income Strategy ETF,1
YSPY,GraniteShares YieldBOOST SPY ETF,1
YSS,York Space Systems,0
YSWY,Yesway,0
YSXT,YSX Tech,0
YTRA,Yatra Online,0
YUM,Yum! Brands,0
YUMC,Yum China,0
YUNG,Corgi Longevity Consumer ETF,1
YXI,ProShares Short FTSE China 50,1
YXT,YXT.COM GROUP HOLDING LIMITED - American Depository Shares,0
YYAI,AiRWA,0
YYGH,,0
YYY,Amplify CEF High Income ETF,1
YYYM,Amplify Municipal CEF High Income ETF,1
Z,Zillow,0
ZALT,Innovator U.S. Equity 10 Buffer ETF - Quarterly,1
ZAP,Global X U.S. Electrification ETF,1
ZAPR,Innovator Equity Defined Protection ETF - 1 Yr April,1
ZAUG,Innovator Equity Defined Protection ETF - 1 Yr August,1
ZBAO,Zhibao Technology,0
ZBH,Zimmer Biomet,0
ZBIO,Zenas BioPharma,0
ZBRA,Zebra Technologies,0
ZCBA,Global X Zero Coupon Bond 2030 ETF,1
ZCBB,Global X Zero Coupon Bond 2031 ETF,1
ZCBC,Global X Zero Coupon Bond 2032 ETF,1
ZCBE,Global X Zero Coupon Bond 2033 ETF,1
ZCBF,Global X Zero Coupon Bond 2034 ETF,1
ZCBG,Global X Zero Coupon Bond 2035 ETF,1
ZCMD,Zhongchao,0
ZD,Ziff Davis,0
ZDAI,DirectBooking Technology,0
ZDEK,Innovator Equity Defined Protection ETF - 1 Yr December,1
ZDGE,Zedge,0
ZECP,Zacks Earnings Consistent Portfolio ETF,1
ZENA,ZenaTech,0
ZEO,Zeo Energy,0
ZEOWW,Zeo Energy,0
ZEPP,Zepp Health,0
ZETA,Zeta Global,0
ZETX,Defiance Daily Target 2x Long ZETA ETF,1
ZFEB,Innovator Equity Defined Protection ETF - 1 Yr February,1
ZG,Zillow,0
ZGN,Ermenegildo Zegna N.V,0
ZH,Zhihu,0
ZHDG,ZEGA Buy and Hedge ETF,1
ZHOG,F/m Opportunistic Income ETF,1
ZIG,The Acquirers Fund,1
ZIM,ZIM Integrated Shipping Services,0
ZINC,Zacks Income ETF,1
ZION,Zions Bancorporation N.A,0
ZIONP,Zions Bancorporation N.A,0
ZIP,ZipRecruiter,0
ZJAN,Innovator Equity Defined Protection ETF - 1 Yr January,1
ZJK,ZJK Industrial,0
ZJUL,Innovator Equity Defined Protection ETF - 1 Yr July,1
ZJUN,Innovator Equity Defined Protection ETF - 1 Yr June,1
ZJYL,JIN MEDICAL INTERNATIONAL,0
ZKH,ZKH,0
ZKIN,ZK International,0
ZKP,Lafayette Digital Acquisition Corp. I,0
ZKPU,Lafayette Digital Acquisition Corp. I,0
ZKPW,Lafayette Digital Acquisition Corp. I,0
ZLAB,Zai Lab,0
ZM,Zoom Communications,0
ZMAR,Innovator Equity Defined Protection ETF - 1 Yr March,1
ZMAY,Innovator Equity Defined Protection ETF - 1 Yr May,1
ZMUN,F/m Ultrashort Tax-Free Municipal ETF,1
ZNB,Zeta Network,0
ZNOV,Innovator Equity Defined Protection ETF - 1 Yr November,1
ZNTL,Zentalis Pharmaceuticals,0
ZOCT,Innovator Equity Defined Protection ETF - 1 Yr October,1
ZONE,CleanCore Solutions,0
ZOOZ,ZOOZ Strategy,0
ZOOZW,ZOOZ Strategy,0
ZROZ,PIMCO 25 Year Zero Coupon U.S. Treasury Index Exchange-Traded Fund,1
ZS,Zscaler,0
ZSB,USCF Sustainable Battery Metals Strategy Fund,1
ZSC,USCF Sustainable Commodity Strategy Fund,1
ZSEP,Innovator Equity Defined Protection ETF - 1 Yr September,1
ZSL,ProShares UltraShort Silver,1
ZSQR,Z Squared,0
ZSTK,ZeroStack,0
ZTAX,X-Square Municipal Income ETF,1
ZTEK,Zentek,0
ZTEN,F/m 10-Year Investment Grade Corporate Bond ETF,1
ZTG,Zenta,0
ZTO,ZTO Express (Cayman),0
ZTOP,F/m High Yield 100 ETF,1
ZTR,Virtus Total Return Fund,0
ZTRE,F/m 3-Year Investment Grade Corporate Bond ETF,1
ZTS,Zoetis,0
ZTWO,F/m 2-Year Investment Grade Corporate Bond ETF,1
ZUMZ,Zumiez,0
ZURA,Zura Bio,0
ZVIA,Zevia PBC,0
ZVOL,Volatility Premium Plus ETF,1
ZVRA,Zevra Therapeutics,0
ZWS,Zurn Elkay Water Solutions,0
ZYBT,Zhengye Biotechnology,0
ZYME,Zymeworks,0
